{"liste_regions": ["Auvergne-Rh\u00f4ne-Alpes", "Hauts-de-France", "Provence-Alpes-C\u00f4te d'Azur", "Grand Est", "Occitanie", "Normandie", "Nouvelle-Aquitaine", "Centre", "Bourgogne-Franche-Comt\u00e9", "Bretagne", "Corse", "Pays de la Loire", "Ile-de-France", "Guadeloupe", "Martinique", "Guyane", "La R\u00e9union", "Mayotte"], "donnees_regions": {"Auvergne-Rh\u00f4ne-Alpes": {"incidence_cas": 815, "incidence_hosp": 10.893155739782214, "incidence_dc": 1.1277328467806387, "population": 8069287, "taux_positivite": 26.6, "incidence_rea": 0.8922721425077582, "incidence_evol": 54.06}, "Hauts-de-France": {"incidence_cas": 1202, "incidence_hosp": 14.83036886740947, "incidence_dc": 0.8502526803806973, "population": 6115829, "taux_positivite": 26.9, "incidence_rea": 1.4061871252449996, "incidence_evol": 28.83}, "Provence-Alpes-C\u00f4te d'Azur": {"incidence_cas": 996, "incidence_hosp": 15.57649838352089, "incidence_dc": 1.689254553572253, "population": 5091003, "taux_positivite": 22.4, "incidence_rea": 0.9035547612130655, "incidence_evol": 29.35}, "Grand Est": {"incidence_cas": 1464, "incidence_hosp": 16.54745457899755, "incidence_dc": 1.4611050319753156, "population": 5680632, "taux_positivite": 28.4, "incidence_rea": 1.5139160572274353, "incidence_evol": 28.99}, "Occitanie": {"incidence_cas": 988, "incidence_hosp": 10.028244813638683, "incidence_dc": 1.048484280683977, "population": 5913298, "taux_positivite": 28.2, "incidence_rea": 0.9470180599726243, "incidence_evol": 49.7}, "Normandie": {"incidence_cas": 1326, "incidence_hosp": 15.44046329562533, "incidence_dc": 1.167520854111556, "population": 3426063, "taux_positivite": 31.2, "incidence_rea": 1.196708875464345, "incidence_evol": 41.52}, "Nouvelle-Aquitaine": {"incidence_cas": 1054, "incidence_hosp": 10.903462195127174, "incidence_dc": 1.0376406620740362, "population": 6071466, "taux_positivite": 32.9, "incidence_rea": 0.8564653083785695, "incidence_evol": 20.05}, "Centre": {"incidence_cas": 1111, "incidence_hosp": 10.31223015386754, "incidence_dc": 0.8310222102017797, "population": 2647342, "taux_positivite": 33.1, "incidence_rea": 0.6799272628923653, "incidence_evol": 42.62}, "Bourgogne-Franche-Comt\u00e9": {"incidence_cas": 937, "incidence_hosp": 13.357436391233803, "incidence_dc": 1.3770552980653405, "population": 2904749, "taux_positivite": 29.6, "incidence_rea": 1.342628915613707, "incidence_evol": 54.88}, "Bretagne": {"incidence_cas": 1542, "incidence_hosp": 15.297523569681546, "incidence_dc": 0.8252999228344573, "population": 3392706, "taux_positivite": 39.1, "incidence_rea": 0.7958249255903695, "incidence_evol": 34.91}, "Corse": {"incidence_cas": 1489, "incidence_hosp": 13.825314150209033, "incidence_dc": 2.103852153292679, "population": 332723, "taux_positivite": 27.2, "incidence_rea": 2.404402460905919, "incidence_evol": 73.75}, "Pays de la Loire": {"incidence_cas": 1072, "incidence_hosp": 10.443473326479204, "incidence_dc": 0.8113976769946248, "population": 3820568, "taux_positivite": 32.6, "incidence_rea": 0.8637459142200846, "incidence_evol": 39.4}, "Ile-de-France": {"incidence_cas": 895, "incidence_hosp": 7.956675127073744, "incidence_dc": 0.6705522717574995, "population": 12228726, "taux_positivite": 20.0, "incidence_rea": 0.8177466728749995, "incidence_evol": 79.72}, "Guadeloupe": {"incidence_cas": 945, "incidence_hosp": 9.393338639745688, "incidence_dc": 1.4831587325914244, "population": 404542, "taux_positivite": 14.2, "incidence_rea": 1.9775449767885658, "incidence_evol": -8.43}, "Martinique": {"incidence_cas": 1365, "incidence_hosp": 12.924071082390952, "incidence_dc": 0.5169628432956381, "population": 386875, "taux_positivite": 15.4, "incidence_rea": 0.25848142164781907, "incidence_evol": -43.92}, "Guyane": {"incidence_cas": 113, "incidence_hosp": 6.098002523048544, "incidence_dc": 0.0, "population": 262381, "taux_positivite": 8.9, "incidence_rea": 0.762250315381068, "incidence_evol": 14.14}, "La R\u00e9union": {"incidence_cas": 1191, "incidence_hosp": 11.615804928818347, "incidence_dc": 1.6262126900345688, "population": 860896, "taux_positivite": 35.9, "incidence_rea": 0.4646321971527339, "incidence_evol": 15.18}, "Mayotte": {"incidence_cas": 15, "incidence_hosp": 0.0, "incidence_dc": 0.0, "population": 270372, "taux_positivite": 1.6, "incidence_rea": 0.0, "incidence_evol": -16.67}}, "donnees_france": {"incidence_cas": 1095.105497661141, "incidence_hosp": 12.076287869797204, "incidence_dc": 1.056395817357954, "population": "67114995", "incidence_rea": 1.0116964174697471}, "date_donnees": "22/03", "date_update": "25/03"}