{"liste_regions": ["Auvergne-Rh\u00f4ne-Alpes", "Hauts-de-France", "Provence-Alpes-C\u00f4te d'Azur", "Grand Est", "Occitanie", "Normandie", "Nouvelle-Aquitaine", "Centre", "Bourgogne-Franche-Comt\u00e9", "Bretagne", "Corse", "Pays de la Loire", "Ile-de-France", "Guadeloupe", "Martinique", "Guyane", "La R\u00e9union", "Mayotte"], "donnees_regions": {"Auvergne-Rh\u00f4ne-Alpes": {"incidence_cas": 382, "incidence_hosp": 8.910328756431639, "incidence_dc": 1.02859149761311, "population": 8069287, "taux_positivite": 17.4, "incidence_rea": 1.0905548408428154, "incidence_evol": -6.14}, "Hauts-de-France": {"incidence_cas": 675, "incidence_hosp": 10.333840269242323, "incidence_dc": 1.1282199028128483, "population": 6115829, "taux_positivite": 21.7, "incidence_rea": 1.2426769944025577, "incidence_evol": 23.85}, "Provence-Alpes-C\u00f4te d'Azur": {"incidence_cas": 617, "incidence_hosp": 14.456876179409049, "incidence_dc": 1.9642494808979685, "population": 5091003, "taux_positivite": 17.4, "incidence_rea": 1.2767621625836796, "incidence_evol": 8.06}, "Grand Est": {"incidence_cas": 862, "incidence_hosp": 13.994921691811756, "incidence_dc": 1.4963123821433952, "population": 5680632, "taux_positivite": 23.9, "incidence_rea": 1.285068281134916, "incidence_evol": 16.64}, "Occitanie": {"incidence_cas": 557, "incidence_hosp": 11.44877190359762, "incidence_dc": 1.2852387956771332, "population": 5913298, "taux_positivite": 21.3, "incidence_rea": 1.1668615381805552, "incidence_evol": -7.48}, "Normandie": {"incidence_cas": 687, "incidence_hosp": 11.120636135412571, "incidence_dc": 0.904828661936456, "population": 3426063, "taux_positivite": 23.3, "incidence_rea": 0.8464526192308781, "incidence_evol": 20.1}, "Nouvelle-Aquitaine": {"incidence_cas": 698, "incidence_hosp": 9.915232993151902, "incidence_dc": 1.1364635822715634, "population": 6071466, "taux_positivite": 28.3, "incidence_rea": 0.7741128748806302, "incidence_evol": -3.46}, "Centre": {"incidence_cas": 595, "incidence_hosp": 9.405660470011052, "incidence_dc": 1.1709858416479624, "population": 2647342, "taux_positivite": 24.9, "incidence_rea": 0.8687959470291334, "incidence_evol": 22.43}, "Bourgogne-Franche-Comt\u00e9": {"incidence_cas": 437, "incidence_hosp": 12.462350447491332, "incidence_dc": 1.3082025331620735, "population": 2904749, "taux_positivite": 20.9, "incidence_rea": 0.8606595612908378, "incidence_evol": -5.82}, "Bretagne": {"incidence_cas": 875, "incidence_hosp": 11.377348936217874, "incidence_dc": 1.1789998897635103, "population": 3392706, "taux_positivite": 31.2, "incidence_rea": 0.9726749090548961, "incidence_evol": 19.86}, "Corse": {"incidence_cas": 527, "incidence_hosp": 12.022012304529595, "incidence_dc": 2.404402460905919, "population": 332723, "taux_positivite": 15.2, "incidence_rea": 1.2022012304529595, "incidence_evol": 4.98}, "Pays de la Loire": {"incidence_cas": 573, "incidence_hosp": 7.642842634917112, "incidence_dc": 0.9684423886710039, "population": 3820568, "taux_positivite": 24.7, "incidence_rea": 0.9160941514455442, "incidence_evol": 12.57}, "Ile-de-France": {"incidence_cas": 352, "incidence_hosp": 5.716049243396245, "incidence_dc": 0.8913438734337493, "population": 12228726, "taux_positivite": 12.2, "incidence_rea": 1.022183341093749, "incidence_evol": 15.03}, "Guadeloupe": {"incidence_cas": 972, "incidence_hosp": 12.606849227027109, "incidence_dc": 0.9887724883942829, "population": 404542, "taux_positivite": 15.5, "incidence_rea": 2.2247380988871366, "incidence_evol": 161.29}, "Martinique": {"incidence_cas": 3794, "incidence_hosp": 10.597738287560581, "incidence_dc": 1.2924071082390953, "population": 386875, "taux_positivite": 27.9, "incidence_rea": 1.2924071082390953, "incidence_evol": 456.3}, "Guyane": {"incidence_cas": 90, "incidence_hosp": 5.3357522076674755, "incidence_dc": 0.381125157690534, "population": 262381, "taux_positivite": 5.2, "incidence_rea": 0.0, "incidence_evol": 95.65}, "La R\u00e9union": {"incidence_cas": 1012, "incidence_hosp": 12.893543470988364, "incidence_dc": 1.6262126900345688, "population": 860896, "taux_positivite": 29.4, "incidence_rea": 1.9746868378991191, "incidence_evol": 4.22}, "Mayotte": {"incidence_cas": 15, "incidence_hosp": 0.0, "incidence_dc": 0.0, "population": 270372, "taux_positivite": 1.4, "incidence_rea": 0.0, "incidence_evol": 7.14}}, "donnees_france": {"incidence_cas": 606.7198544825936, "incidence_hosp": 10.112494234708652, "incidence_dc": 1.1919839970188482, "population": "67114995", "incidence_rea": 1.077255537305784}, "date_donnees": "09/03", "date_update": "12/03"}