{"liste_regions": ["Auvergne-Rh\u00f4ne-Alpes", "Hauts-de-France", "Provence-Alpes-C\u00f4te d'Azur", "Grand Est", "Occitanie", "Normandie", "Nouvelle-Aquitaine", "Centre", "Bourgogne-Franche-Comt\u00e9", "Bretagne", "Corse", "Pays de la Loire", "Ile-de-France", "Guadeloupe", "Martinique", "Guyane", "La R\u00e9union", "Mayotte"], "donnees_regions": {"Auvergne-Rh\u00f4ne-Alpes": {"incidence_cas": 39, "incidence_hosp": 1.7969369536614572, "incidence_dc": 0.2354607042728806, "population": 8069287, "taux_positivite": 1.0, "incidence_rea": 0.40895806531605583, "incidence_evol": -7.14}, "Hauts-de-France": {"incidence_cas": 33, "incidence_hosp": 1.1282199028128483, "incidence_dc": 0.21256317009517434, "population": 6115829, "taux_positivite": 0.8, "incidence_rea": 0.3924243140218603, "incidence_evol": 10.0}, "Provence-Alpes-C\u00f4te d'Azur": {"incidence_cas": 72, "incidence_hosp": 2.848161747302054, "incidence_dc": 0.5107048650334718, "population": 5091003, "taux_positivite": 1.0, "incidence_rea": 0.6089173390783702, "incidence_evol": 2.86}, "Grand Est": {"incidence_cas": 35, "incidence_hosp": 1.3730866565551156, "incidence_dc": 0.19364042592443942, "population": 5680632, "taux_positivite": 0.7, "incidence_rea": 0.42248820201695864, "incidence_evol": 9.38}, "Occitanie": {"incidence_cas": 37, "incidence_hosp": 1.3697939796032603, "incidence_dc": 0.25366555177838157, "population": 5913298, "taux_positivite": 0.8, "incidence_rea": 0.35513177248973415, "incidence_evol": 5.71}, "Normandie": {"incidence_cas": 26, "incidence_hosp": 1.196708875464345, "incidence_dc": 0.17512812811673342, "population": 3426063, "taux_positivite": 0.7, "incidence_rea": 0.1459401067639445, "incidence_evol": 13.04}, "Nouvelle-Aquitaine": {"incidence_cas": 34, "incidence_hosp": 0.9882292019752725, "incidence_dc": 0.1811753536954666, "population": 6071466, "taux_positivite": 1.0, "incidence_rea": 0.29646876059258176, "incidence_evol": 21.43}, "Centre": {"incidence_cas": 29, "incidence_hosp": 1.4354019994394378, "incidence_dc": 0.07554747365470725, "population": 2647342, "taux_positivite": 1.0, "incidence_rea": 0.1510949473094145, "incidence_evol": 3.57}, "Bourgogne-Franche-Comt\u00e9": {"incidence_cas": 31, "incidence_hosp": 1.7557455050333093, "incidence_dc": 0.2409846771614346, "population": 2904749, "taux_positivite": 0.9, "incidence_rea": 0.4475429718712357, "incidence_evol": 0.0}, "Bretagne": {"incidence_cas": 32, "incidence_hosp": 1.5326998566925636, "incidence_dc": 0.20632498070861433, "population": 3392706, "taux_positivite": 1.0, "incidence_rea": 0.20632498070861433, "incidence_evol": 23.08}, "Corse": {"incidence_cas": 54, "incidence_hosp": 2.103852153292679, "incidence_dc": 0.0, "population": 332723, "taux_positivite": 0.9, "incidence_rea": 0.6011006152264797, "incidence_evol": 5.88}, "Pays de la Loire": {"incidence_cas": 42, "incidence_hosp": 2.1462777262438464, "incidence_dc": 0.20939294890183865, "population": 3820568, "taux_positivite": 1.3, "incidence_rea": 0.5758306094800564, "incidence_evol": 10.53}, "Ile-de-France": {"incidence_cas": 67, "incidence_hosp": 2.1343188162037485, "incidence_dc": 0.34345360260749974, "population": 12228726, "taux_positivite": 1.2, "incidence_rea": 0.5887776044699995, "incidence_evol": 8.06}, "Guadeloupe": {"incidence_cas": 50, "incidence_hosp": 11.123690494435683, "incidence_dc": 1.9775449767885658, "population": 404542, "taux_positivite": 1.4, "incidence_rea": 2.2247380988871366, "incidence_evol": -33.33}, "Martinique": {"incidence_cas": 146, "incidence_hosp": 16.80129240710824, "incidence_dc": 3.8772213247172855, "population": 386875, "taux_positivite": 2.9, "incidence_rea": 2.8432956381260097, "incidence_evol": -6.41}, "Guyane": {"incidence_cas": 299, "incidence_hosp": 32.77676356138593, "incidence_dc": 4.192376734595874, "population": 262381, "taux_positivite": 9.7, "incidence_rea": 4.954627049976942, "incidence_evol": -30.95}, "La R\u00e9union": {"incidence_cas": 28, "incidence_hosp": 1.5100546407463853, "incidence_dc": 0.23231609857636695, "population": 860896, "taux_positivite": 0.7, "incidence_rea": 0.3484741478645504, "incidence_evol": -9.68}, "Mayotte": {"incidence_cas": 18, "incidence_hosp": 0.36986078440075154, "incidence_dc": 0.7397215688015031, "population": 270372, "taux_positivite": 1.0, "incidence_rea": 0.36986078440075154, "incidence_evol": -25.0}}, "donnees_france": {"incidence_cas": 46.00164240494989, "incidence_hosp": 1.9667735950810992, "incidence_dc": 0.3054458992360798, "population": "67114995", "incidence_rea": 0.46636373883362425}, "date_donnees": "13/10", "date_update": "16/10"}