{"liste_regions": ["Auvergne-Rh\u00f4ne-Alpes", "Hauts-de-France", "Provence-Alpes-C\u00f4te d'Azur", "Grand Est", "Occitanie", "Normandie", "Nouvelle-Aquitaine", "Centre", "Bourgogne-Franche-Comt\u00e9", "Bretagne", "Corse", "Pays de la Loire", "Ile-de-France", "Guadeloupe", "Martinique", "Guyane", "La R\u00e9union", "Mayotte"], "donnees_regions": {"Auvergne-Rh\u00f4ne-Alpes": {"incidence_cas": 876, "incidence_hosp": 10.905548408428155, "incidence_dc": 1.0781621721968744, "population": 8069287, "taux_positivite": 27.4, "incidence_rea": 0.8427014679239938, "incidence_evol": 54.5}, "Hauts-de-France": {"incidence_cas": 1275, "incidence_hosp": 14.323487461797901, "incidence_dc": 0.8829547065491856, "population": 6115829, "taux_positivite": 27.5, "incidence_rea": 1.357134085992267, "incidence_evol": 30.9}, "Provence-Alpes-C\u00f4te d'Azur": {"incidence_cas": 1042, "incidence_hosp": 15.419358425049053, "incidence_dc": 1.689254553572253, "population": 5091003, "taux_positivite": 22.7, "incidence_rea": 1.0606947196849028, "incidence_evol": 29.12}, "Grand Est": {"incidence_cas": 1531, "incidence_hosp": 16.899528080678348, "incidence_dc": 1.4258976818072355, "population": 5680632, "taux_positivite": 28.8, "incidence_rea": 1.5491234073955154, "incidence_evol": 29.64}, "Occitanie": {"incidence_cas": 1054, "incidence_hosp": 9.453269562941019, "incidence_dc": 0.930107023187399, "population": 5913298, "taux_positivite": 28.6, "incidence_rea": 0.896284949616948, "incidence_evol": 49.93}, "Normandie": {"incidence_cas": 1413, "incidence_hosp": 14.85670286856955, "incidence_dc": 1.167520854111556, "population": 3426063, "taux_positivite": 31.9, "incidence_rea": 1.196708875464345, "incidence_evol": 42.73}, "Nouvelle-Aquitaine": {"incidence_cas": 1086, "incidence_hosp": 10.85405073502841, "incidence_dc": 1.202345529069915, "population": 6071466, "taux_positivite": 33.2, "incidence_rea": 0.9223472551769211, "incidence_evol": 19.08}, "Centre": {"incidence_cas": 1185, "incidence_hosp": 10.916609943105199, "incidence_dc": 0.8310222102017797, "population": 2647342, "taux_positivite": 33.6, "incidence_rea": 0.6799272628923653, "incidence_evol": 44.87}, "Bourgogne-Franche-Comt\u00e9": {"incidence_cas": 1008, "incidence_hosp": 13.047598949169101, "incidence_dc": 1.342628915613707, "population": 2904749, "taux_positivite": 30.4, "incidence_rea": 1.3082025331620735, "incidence_evol": 54.84}, "Bretagne": {"incidence_cas": 1627, "incidence_hosp": 16.29967347598053, "incidence_dc": 0.8252999228344573, "population": 3392706, "taux_positivite": 39.7, "incidence_rea": 0.8252999228344573, "incidence_evol": 36.04}, "Corse": {"incidence_cas": 1581, "incidence_hosp": 14.426414765435512, "incidence_dc": 2.404402460905919, "population": 332723, "taux_positivite": 27.2, "incidence_rea": 2.103852153292679, "incidence_evol": 69.64}, "Pays de la Loire": {"incidence_cas": 1154, "incidence_hosp": 10.731388631219232, "incidence_dc": 0.9160941514455442, "population": 3820568, "taux_positivite": 33.6, "incidence_rea": 0.8375717956073546, "incidence_evol": 43.53}, "Ile-de-France": {"incidence_cas": 993, "incidence_hosp": 8.242886462579994, "incidence_dc": 0.6460198715712495, "population": 12228726, "taux_positivite": 20.7, "incidence_rea": 0.8259241396037494, "incidence_evol": 83.55}, "Guadeloupe": {"incidence_cas": 945, "incidence_hosp": 8.651759273449976, "incidence_dc": 1.4831587325914244, "population": 404542, "taux_positivite": 14.1, "incidence_rea": 1.7303518546899952, "incidence_evol": -7.08}, "Martinique": {"incidence_cas": 1257, "incidence_hosp": 10.597738287560581, "incidence_dc": 0.5169628432956381, "population": 386875, "taux_positivite": 14.7, "incidence_rea": 0.25848142164781907, "incidence_evol": -43.15}, "Guyane": {"incidence_cas": 119, "incidence_hosp": 5.3357522076674755, "incidence_dc": 0.0, "population": 262381, "taux_positivite": 9.2, "incidence_rea": 0.762250315381068, "incidence_evol": 14.42}, "La R\u00e9union": {"incidence_cas": 1236, "incidence_hosp": 11.499646879530165, "incidence_dc": 1.6262126900345688, "population": 860896, "taux_positivite": 36.1, "incidence_rea": 0.5807902464409174, "incidence_evol": 18.39}, "Mayotte": {"incidence_cas": 14, "incidence_hosp": 0.0, "incidence_dc": 0.0, "population": 270372, "taux_positivite": 1.5, "incidence_rea": 0.0, "incidence_evol": -26.32}}, "donnees_france": {"incidence_cas": 1165.7499192244595, "incidence_hosp": 12.074797889800932, "incidence_dc": 1.056395817357954, "population": "67114995", "incidence_rea": 1.016166357458568}, "date_donnees": "23/03", "date_update": "26/03"}