{"liste_regions": ["Auvergne-Rh\u00f4ne-Alpes", "Hauts-de-France", "Provence-Alpes-C\u00f4te d'Azur", "Grand Est", "Occitanie", "Normandie", "Nouvelle-Aquitaine", "Centre", "Bourgogne-Franche-Comt\u00e9", "Bretagne", "Corse", "Pays de la Loire", "Ile-de-France", "Guadeloupe", "Martinique", "Guyane", "La R\u00e9union", "Mayotte"], "donnees_regions": {"Auvergne-Rh\u00f4ne-Alpes": {"incidence_cas": 677, "incidence_hosp": 14.524207653042952, "incidence_dc": 1.722580941785811, "population": 8069287, "taux_positivite": 7.9, "incidence_rea": 2.875099125858332, "incidence_evol": 13.02}, "Hauts-de-France": {"incidence_cas": 445, "incidence_hosp": 9.974117981388948, "incidence_dc": 1.09551787664436, "population": 6115829, "taux_positivite": 5.8, "incidence_rea": 2.534407028057848, "incidence_evol": 8.27}, "Provence-Alpes-C\u00f4te d'Azur": {"incidence_cas": 759, "incidence_hosp": 24.003128656573175, "incidence_dc": 2.2196019134147047, "population": 5091003, "taux_positivite": 7.4, "incidence_rea": 4.537416300874307, "incidence_evol": 30.41}, "Grand Est": {"incidence_cas": 481, "incidence_hosp": 12.62183503525664, "incidence_dc": 1.8659895589082343, "population": 5680632, "taux_positivite": 5.7, "incidence_rea": 3.0982468147910307, "incidence_evol": 7.61}, "Occitanie": {"incidence_cas": 582, "incidence_hosp": 12.311234779644117, "incidence_dc": 1.2345056853214567, "population": 5913298, "taux_positivite": 6.7, "incidence_rea": 3.2469190627632836, "incidence_evol": 18.78}, "Normandie": {"incidence_cas": 268, "incidence_hosp": 8.814782448542248, "incidence_dc": 1.0507687687004004, "population": 3426063, "taux_positivite": 4.5, "incidence_rea": 1.6345291957561785, "incidence_evol": 13.08}, "Nouvelle-Aquitaine": {"incidence_cas": 437, "incidence_hosp": 9.931703479851489, "incidence_dc": 1.0705816354732118, "population": 6071466, "taux_positivite": 6.1, "incidence_rea": 2.0917518108476605, "incidence_evol": 2.82}, "Centre": {"incidence_cas": 345, "incidence_hosp": 12.087595784753159, "incidence_dc": 1.2465333153026696, "population": 2647342, "taux_positivite": 6.0, "incidence_rea": 2.115329262331803, "incidence_evol": 11.65}, "Bourgogne-Franche-Comt\u00e9": {"incidence_cas": 554, "incidence_hosp": 16.38695804697755, "incidence_dc": 1.8245982699365761, "population": 2904749, "taux_positivite": 7.4, "incidence_rea": 2.719684213679048, "incidence_evol": 14.23}, "Bretagne": {"incidence_cas": 299, "incidence_hosp": 6.366599404722956, "incidence_dc": 1.0316249035430716, "population": 3392706, "taux_positivite": 4.9, "incidence_rea": 1.0021499062989838, "incidence_evol": 0.67}, "Corse": {"incidence_cas": 623, "incidence_hosp": 18.934669379634112, "incidence_dc": 1.2022012304529595, "population": 332723, "taux_positivite": 6.4, "incidence_rea": 2.404402460905919, "incidence_evol": 40.63}, "Pays de la Loire": {"incidence_cas": 391, "incidence_hosp": 7.642842634917112, "incidence_dc": 0.9684423886710039, "population": 3820568, "taux_positivite": 5.7, "incidence_rea": 1.7013177098274395, "incidence_evol": 5.96}, "Ile-de-France": {"incidence_cas": 502, "incidence_hosp": 11.006870216897491, "incidence_dc": 0.9812960074499993, "population": 12228726, "taux_positivite": 5.4, "incidence_rea": 2.755806287588748, "incidence_evol": 13.32}, "Guadeloupe": {"incidence_cas": 51, "incidence_hosp": 0.9887724883942829, "incidence_dc": 0.24719312209857072, "population": 404542, "taux_positivite": 1.6, "incidence_rea": 0.24719312209857072, "incidence_evol": 45.71}, "Martinique": {"incidence_cas": 169, "incidence_hosp": 23.263327948303715, "incidence_dc": 3.8772213247172855, "population": 386875, "taux_positivite": 2.6, "incidence_rea": 7.4959612277867524, "incidence_evol": -3.98}, "Guyane": {"incidence_cas": 103, "incidence_hosp": 10.671504415334951, "incidence_dc": 1.524500630762136, "population": 262381, "taux_positivite": 3.6, "incidence_rea": 1.143375473071602, "incidence_evol": 14.44}, "La R\u00e9union": {"incidence_cas": 391, "incidence_hosp": 7.317957105155558, "incidence_dc": 0.3484741478645504, "population": 860896, "taux_positivite": 5.7, "incidence_rea": 1.8585287886109356, "incidence_evol": 26.95}, "Mayotte": {"incidence_cas": 30, "incidence_hosp": 1.8493039220037577, "incidence_dc": 0.0, "population": 270372, "taux_positivite": 1.0, "incidence_rea": 0.0, "incidence_evol": 15.38}}, "donnees_france": {"incidence_cas": 505.67090111531706, "incidence_hosp": 12.302764829230785, "incidence_dc": 1.3469419166312984, "population": "67114995", "incidence_rea": 2.6774940533035876}, "date_donnees": "11/12", "date_update": "14/12"}