{"liste_regions": ["Auvergne-Rh\u00f4ne-Alpes", "Hauts-de-France", "Provence-Alpes-C\u00f4te d'Azur", "Grand Est", "Occitanie", "Normandie", "Nouvelle-Aquitaine", "Centre", "Bourgogne-Franche-Comt\u00e9", "Bretagne", "Corse", "Pays de la Loire", "Ile-de-France", "Guadeloupe", "Martinique", "Guyane", "La R\u00e9union", "Mayotte"], "donnees_regions": {"Auvergne-Rh\u00f4ne-Alpes": {"incidence_cas": 392, "incidence_hosp": 9.220145472580167, "incidence_dc": 0.7435601187564651, "population": 8069287, "taux_positivite": 6.8, "incidence_rea": 1.8589002968911628, "incidence_evol": 79.82}, "Hauts-de-France": {"incidence_cas": 302, "incidence_hosp": 6.818372456129823, "incidence_dc": 0.5886364710327905, "population": 6115829, "taux_positivite": 5.2, "incidence_rea": 1.5533462430031972, "incidence_evol": 55.67}, "Provence-Alpes-C\u00f4te d'Azur": {"incidence_cas": 417, "incidence_hosp": 12.669409151791895, "incidence_dc": 0.8642697715951061, "population": 5091003, "taux_positivite": 6.1, "incidence_rea": 2.1999594186057245, "incidence_evol": 70.9}, "Grand Est": {"incidence_cas": 313, "incidence_hosp": 8.168105238994535, "incidence_dc": 0.8273727289498773, "population": 5680632, "taux_positivite": 5.0, "incidence_rea": 1.9364042592443937, "incidence_evol": 53.43}, "Occitanie": {"incidence_cas": 331, "incidence_hosp": 8.844472238672903, "incidence_dc": 0.7440856185499192, "population": 5913298, "taux_positivite": 5.8, "incidence_rea": 2.51974448099859, "incidence_evol": 73.3}, "Normandie": {"incidence_cas": 179, "incidence_hosp": 5.399783950265946, "incidence_dc": 0.7880765765253004, "population": 3426063, "taux_positivite": 3.9, "incidence_rea": 0.904828661936456, "incidence_evol": 49.17}, "Nouvelle-Aquitaine": {"incidence_cas": 302, "incidence_hosp": 6.374078352740508, "incidence_dc": 0.6752899546831029, "population": 6071466, "taux_positivite": 5.7, "incidence_rea": 1.4164618561645572, "incidence_evol": 56.48}, "Centre": {"incidence_cas": 211, "incidence_hosp": 5.09945447169274, "incidence_dc": 0.793248473374426, "population": 2647342, "taux_positivite": 5.2, "incidence_rea": 1.1332121048206087, "incidence_evol": 33.54}, "Bourgogne-Franche-Comt\u00e9": {"incidence_cas": 309, "incidence_hosp": 10.396767500393322, "incidence_dc": 1.1016442384522724, "population": 2904749, "taux_positivite": 6.0, "incidence_rea": 1.8245982699365761, "incidence_evol": 77.59}, "Bretagne": {"incidence_cas": 214, "incidence_hosp": 4.3328245948809005, "incidence_dc": 0.32422496968496534, "population": 3392706, "taux_positivite": 4.7, "incidence_rea": 0.8252999228344573, "incidence_evol": 51.77}, "Corse": {"incidence_cas": 386, "incidence_hosp": 12.322562612142834, "incidence_dc": 0.6011006152264797, "population": 332723, "taux_positivite": 5.3, "incidence_rea": 3.0055030761323986, "incidence_evol": 26.14}, "Pays de la Loire": {"incidence_cas": 267, "incidence_hosp": 7.538146160466193, "incidence_dc": 0.8637459142200846, "population": 3820568, "taux_positivite": 5.3, "incidence_rea": 1.439576523700141, "incidence_evol": 34.17}, "Ile-de-France": {"incidence_cas": 310, "incidence_hosp": 7.4823820568062445, "incidence_dc": 0.6378424048424995, "population": 12228726, "taux_positivite": 4.8, "incidence_rea": 2.0688990823737483, "incidence_evol": 62.3}, "Guadeloupe": {"incidence_cas": 42, "incidence_hosp": 2.471931220985707, "incidence_dc": 0.49438624419714144, "population": 404542, "taux_positivite": 2.3, "incidence_rea": 0.9887724883942829, "incidence_evol": -4.55}, "Martinique": {"incidence_cas": 149, "incidence_hosp": 21.195476575121162, "incidence_dc": 3.618739903069467, "population": 386875, "taux_positivite": 3.3, "incidence_rea": 5.428109854604201, "incidence_evol": -9.15}, "Guyane": {"incidence_cas": 89, "incidence_hosp": 10.290379257644418, "incidence_dc": 1.143375473071602, "population": 262381, "taux_positivite": 3.9, "incidence_rea": 0.762250315381068, "incidence_evol": 14.1}, "La R\u00e9union": {"incidence_cas": 254, "incidence_hosp": 4.8786380701037055, "incidence_dc": 0.5807902464409174, "population": 860896, "taux_positivite": 4.8, "incidence_rea": 1.0454224435936512, "incidence_evol": 13.9}, "Mayotte": {"incidence_cas": 24, "incidence_hosp": 0.7397215688015031, "incidence_dc": 0.0, "population": 270372, "taux_positivite": 1.5, "incidence_rea": 0.0, "incidence_evol": -33.33}}, "donnees_france": {"incidence_cas": 310.85601660254906, "incidence_hosp": 7.980332860041187, "incidence_dc": 0.74498999813678, "population": "67114995", "incidence_rea": 1.7849960355357248}, "date_donnees": "28/11", "date_update": "01/12"}