{"liste_regions": ["Auvergne-Rh\u00f4ne-Alpes", "Hauts-de-France", "Provence-Alpes-C\u00f4te d'Azur", "Grand Est", "Occitanie", "Normandie", "Nouvelle-Aquitaine", "Centre", "Bourgogne-Franche-Comt\u00e9", "Bretagne", "Corse", "Pays de la Loire", "Ile-de-France", "Guadeloupe", "Martinique", "Guyane", "La R\u00e9union", "Mayotte"], "donnees_regions": {"Auvergne-Rh\u00f4ne-Alpes": {"incidence_cas": 1002, "incidence_hosp": 12.34309797135732, "incidence_dc": 0.5080994144835844, "population": 8069287, "taux_positivite": 30.9, "incidence_rea": 0.9294501484455814, "incidence_evol": 70.99}, "Hauts-de-France": {"incidence_cas": 963, "incidence_hosp": 12.55757804869953, "incidence_dc": 0.6540405233697673, "population": 6115829, "taux_positivite": 27.6, "incidence_rea": 0.9320077458019183, "incidence_evol": 56.84}, "Provence-Alpes-C\u00f4te d'Azur": {"incidence_cas": 1151, "incidence_hosp": 18.522872604867842, "incidence_dc": 0.8446272767861265, "population": 5091003, "taux_positivite": 25.5, "incidence_rea": 1.1589071937298014, "incidence_evol": 58.32}, "Grand Est": {"incidence_cas": 830, "incidence_hosp": 10.914278552104765, "incidence_dc": 0.38728085184887884, "population": 5680632, "taux_positivite": 26.0, "incidence_rea": 0.7569580286137176, "incidence_evol": 64.03}, "Occitanie": {"incidence_cas": 1229, "incidence_hosp": 12.920032103912234, "incidence_dc": 0.8455518392612719, "population": 5913298, "taux_positivite": 31.2, "incidence_rea": 1.7587478256634452, "incidence_evol": 58.38}, "Normandie": {"incidence_cas": 903, "incidence_hosp": 13.397301800930107, "incidence_dc": 0.7588885551725114, "population": 3426063, "taux_positivite": 32.3, "incidence_rea": 0.6421364697613557, "incidence_evol": 51.51}, "Nouvelle-Aquitaine": {"incidence_cas": 1157, "incidence_hosp": 14.494028295637332, "incidence_dc": 0.6258784945843392, "population": 6071466, "taux_positivite": 35.6, "incidence_rea": 1.0705816354732118, "incidence_evol": 73.2}, "Centre": {"incidence_cas": 1003, "incidence_hosp": 13.976282626120842, "incidence_dc": 0.6421535260650116, "population": 2647342, "taux_positivite": 34.0, "incidence_rea": 1.3976282626120842, "incidence_evol": 55.02}, "Bourgogne-Franche-Comt\u00e9": {"incidence_cas": 929, "incidence_hosp": 13.770552980653404, "incidence_dc": 0.5163957367745028, "population": 2904749, "taux_positivite": 31.7, "incidence_rea": 0.929512326194105, "incidence_evol": 69.22}, "Bretagne": {"incidence_cas": 1237, "incidence_hosp": 18.068173310625795, "incidence_dc": 0.7958249255903695, "population": 3392706, "taux_positivite": 39.3, "incidence_rea": 1.090574898031247, "incidence_evol": 57.98}, "Corse": {"incidence_cas": 1154, "incidence_hosp": 16.83081722634143, "incidence_dc": 0.9016509228397195, "population": 332723, "taux_positivite": 28.4, "incidence_rea": 2.404402460905919, "incidence_evol": 63.92}, "Pays de la Loire": {"incidence_cas": 1259, "incidence_hosp": 11.385741596537478, "incidence_dc": 0.47113413502913704, "population": 3820568, "taux_positivite": 39.1, "incidence_rea": 1.2301835747983023, "incidence_evol": 76.58}, "Ile-de-France": {"incidence_cas": 1295, "incidence_hosp": 15.169200781831238, "incidence_dc": 0.6460198715712495, "population": 12228726, "taux_positivite": 24.5, "incidence_rea": 1.7336229464949986, "incidence_evol": 33.51}, "Guadeloupe": {"incidence_cas": 1039, "incidence_hosp": 19.033870401589947, "incidence_dc": 0.9887724883942829, "population": 404542, "taux_positivite": 22.6, "incidence_rea": 1.9775449767885658, "incidence_evol": 41.36}, "Martinique": {"incidence_cas": 1129, "incidence_hosp": 11.890145395799676, "incidence_dc": 2.3263327948303716, "population": 386875, "taux_positivite": 26.2, "incidence_rea": 2.3263327948303716, "incidence_evol": -24.48}, "Guyane": {"incidence_cas": 491, "incidence_hosp": 28.58438682679005, "incidence_dc": 0.0, "population": 262381, "taux_positivite": 22.7, "incidence_rea": 1.90562578845267, "incidence_evol": 3.15}, "La R\u00e9union": {"incidence_cas": 334, "incidence_hosp": 6.040218562985541, "incidence_dc": 0.9292643943054678, "population": 860896, "taux_positivite": 16.6, "incidence_rea": 0.3484741478645504, "incidence_evol": 53.21}, "Mayotte": {"incidence_cas": 51, "incidence_hosp": 0.0, "incidence_dc": 0.0, "population": 270372, "taux_positivite": 4.0, "incidence_rea": 0.0, "incidence_evol": 75.86}}, "donnees_france": {"incidence_cas": 2339.3177634893664, "incidence_hosp": 14.019221784937928, "incidence_dc": 0.6555911983603664, "population": "67114995", "incidence_rea": 1.218803636951772}, "date_donnees": "03/07", "date_update": "11/07"}