{"liste_regions": ["Auvergne-Rh\u00f4ne-Alpes", "Hauts-de-France", "Provence-Alpes-C\u00f4te d'Azur", "Grand Est", "Occitanie", "Normandie", "Nouvelle-Aquitaine", "Centre", "Bourgogne-Franche-Comt\u00e9", "Bretagne", "Corse", "Pays de la Loire", "Ile-de-France", "Guadeloupe", "Martinique", "Guyane", "La R\u00e9union", "Mayotte"], "donnees_regions": {"Auvergne-Rh\u00f4ne-Alpes": {"incidence_cas": 580, "incidence_hosp": 12.925553397716552, "incidence_dc": 1.0533768349049923, "population": 8069287, "taux_positivite": 27.4, "incidence_rea": 1.2392668645941085, "incidence_evol": -31.92}, "Hauts-de-France": {"incidence_cas": 567, "incidence_hosp": 12.819194258047439, "incidence_dc": 1.651452321508662, "population": 6115829, "taux_positivite": 24.3, "incidence_rea": 1.651452321508662, "incidence_evol": -25.39}, "Provence-Alpes-C\u00f4te d'Azur": {"incidence_cas": 609, "incidence_hosp": 14.378306200173128, "incidence_dc": 1.3946171314375577, "population": 5091003, "taux_positivite": 19.9, "incidence_rea": 1.2374771729657201, "incidence_evol": -26.63}, "Grand Est": {"incidence_cas": 598, "incidence_hosp": 14.030129041979835, "incidence_dc": 1.3906903316391557, "population": 5680632, "taux_positivite": 23.1, "incidence_rea": 1.3202756313029957, "incidence_evol": -26.08}, "Occitanie": {"incidence_cas": 584, "incidence_hosp": 10.653953174692026, "incidence_dc": 1.0992173910396534, "population": 5913298, "taux_positivite": 22.5, "incidence_rea": 1.1499505013953297, "incidence_evol": -34.53}, "Normandie": {"incidence_cas": 609, "incidence_hosp": 15.002642975333496, "incidence_dc": 1.2258968968171338, "population": 3426063, "taux_positivite": 29.2, "incidence_rea": 0.6421364697613557, "incidence_evol": -29.92}, "Nouvelle-Aquitaine": {"incidence_cas": 483, "incidence_hosp": 9.3717069320655, "incidence_dc": 1.0870521221727998, "population": 6071466, "taux_positivite": 26.3, "incidence_rea": 0.8399948216789817, "incidence_evol": -28.76}, "Centre": {"incidence_cas": 610, "incidence_hosp": 10.84106246945049, "incidence_dc": 1.3598545257847305, "population": 2647342, "taux_positivite": 30.8, "incidence_rea": 1.3598545257847305, "incidence_evol": -22.19}, "Bourgogne-Franche-Comt\u00e9": {"incidence_cas": 623, "incidence_hosp": 18.452540994075562, "incidence_dc": 1.5147608278718747, "population": 2904749, "taux_positivite": 30.0, "incidence_rea": 1.5836135927751418, "incidence_evol": -29.76}, "Bretagne": {"incidence_cas": 656, "incidence_hosp": 15.002773597240669, "incidence_dc": 1.2379498842516858, "population": 3392706, "taux_positivite": 33.2, "incidence_rea": 1.326374875983949, "incidence_evol": -23.72}, "Corse": {"incidence_cas": 820, "incidence_hosp": 12.923663227369314, "incidence_dc": 0.6011006152264797, "population": 332723, "taux_positivite": 23.9, "incidence_rea": 3.9071539989721176, "incidence_evol": -32.34}, "Pays de la Loire": {"incidence_cas": 574, "incidence_hosp": 12.772969883012161, "incidence_dc": 1.0469647445091934, "population": 3820568, "taux_positivite": 30.8, "incidence_rea": 1.6751435912147092, "incidence_evol": -25.07}, "Ile-de-France": {"incidence_cas": 438, "incidence_hosp": 10.728836348119993, "incidence_dc": 1.1530228087537493, "population": 12228726, "taux_positivite": 14.1, "incidence_rea": 1.341104543514999, "incidence_evol": -38.22}, "Guadeloupe": {"incidence_cas": 685, "incidence_hosp": 8.898952395548546, "incidence_dc": 0.7415793662957122, "population": 404542, "taux_positivite": 17.0, "incidence_rea": 1.7303518546899952, "incidence_evol": 7.37}, "Martinique": {"incidence_cas": 538, "incidence_hosp": 2.8432956381260097, "incidence_dc": 1.5508885298869144, "population": 386875, "taux_positivite": 15.2, "incidence_rea": 0.25848142164781907, "incidence_evol": -2.0}, "Guyane": {"incidence_cas": 149, "incidence_hosp": 4.192376734595874, "incidence_dc": 0.381125157690534, "population": 262381, "taux_positivite": 8.7, "incidence_rea": 0.0, "incidence_evol": 14.62}, "La R\u00e9union": {"incidence_cas": 1369, "incidence_hosp": 17.07523324536297, "incidence_dc": 0.8131063450172844, "population": 860896, "taux_positivite": 34.8, "incidence_rea": 1.5100546407463853, "incidence_evol": -18.61}, "Mayotte": {"incidence_cas": 33, "incidence_hosp": 0.0, "incidence_dc": 0.0, "population": 270372, "taux_positivite": 3.8, "incidence_rea": 0.0, "incidence_evol": 83.33}}, "donnees_france": {"incidence_cas": 584.4580633582704, "incidence_hosp": 12.588840988515308, "incidence_dc": 1.2381733769033283, "population": "67114995", "incidence_rea": 1.2947926167617236}, "date_donnees": "29/04", "date_update": "02/05"}