{"liste_regions": ["Auvergne-Rh\u00f4ne-Alpes", "Hauts-de-France", "Provence-Alpes-C\u00f4te d'Azur", "Grand Est", "Occitanie", "Normandie", "Nouvelle-Aquitaine", "Centre", "Bourgogne-Franche-Comt\u00e9", "Bretagne", "Corse", "Pays de la Loire", "Ile-de-France", "Guadeloupe", "Martinique", "Guyane", "La R\u00e9union", "Mayotte"], "donnees_regions": {"Auvergne-Rh\u00f4ne-Alpes": {"incidence_cas": 50, "incidence_hosp": 1.9332563087668093, "incidence_dc": 0.33460205344040933, "population": 8069287, "taux_positivite": 1.7, "incidence_rea": 0.3593873907322915, "incidence_evol": 13.64}, "Hauts-de-France": {"incidence_cas": 49, "incidence_hosp": 2.5998110803948244, "incidence_dc": 0.27796722243215105, "population": 6115829, "taux_positivite": 1.9, "incidence_rea": 0.5559344448643021, "incidence_evol": 32.43}, "Provence-Alpes-C\u00f4te d'Azur": {"incidence_cas": 76, "incidence_hosp": 2.985659210964912, "incidence_dc": 0.4517773806065328, "population": 5091003, "taux_positivite": 1.7, "incidence_rea": 0.805342287168167, "incidence_evol": 10.14}, "Grand Est": {"incidence_cas": 45, "incidence_hosp": 1.8131785336561141, "incidence_dc": 0.17603675084039944, "population": 5680632, "taux_positivite": 1.4, "incidence_rea": 0.5633176026892782, "incidence_evol": 25.0}, "Occitanie": {"incidence_cas": 49, "incidence_hosp": 1.8263919728043472, "incidence_dc": 0.20293244142270522, "population": 5913298, "taux_positivite": 1.6, "incidence_rea": 0.5918862874828902, "incidence_evol": 25.64}, "Normandie": {"incidence_cas": 34, "incidence_hosp": 2.1599135801063785, "incidence_dc": 0.1459401067639445, "population": 3426063, "taux_positivite": 1.4, "incidence_rea": 0.4378203202918335, "incidence_evol": 3.03}, "Nouvelle-Aquitaine": {"incidence_cas": 52, "incidence_hosp": 1.9599879172509571, "incidence_dc": 0.13176389359670299, "population": 6071466, "taux_positivite": 2.0, "incidence_rea": 0.41176216748969685, "incidence_evol": 18.18}, "Centre": {"incidence_cas": 47, "incidence_hosp": 2.2286504728138636, "incidence_dc": 0.1510949473094145, "population": 2647342, "taux_positivite": 2.2, "incidence_rea": 0.3777373682735362, "incidence_evol": 23.68}, "Bourgogne-Franche-Comt\u00e9": {"incidence_cas": 34, "incidence_hosp": 2.5475523014208803, "incidence_dc": 0.2409846771614346, "population": 2904749, "taux_positivite": 1.3, "incidence_rea": 0.6885276490326703, "incidence_evol": 9.68}, "Bretagne": {"incidence_cas": 46, "incidence_hosp": 1.591649851180739, "incidence_dc": 0.05894999448817552, "population": 3392706, "taux_positivite": 2.0, "incidence_rea": 0.2947499724408776, "incidence_evol": 35.29}, "Corse": {"incidence_cas": 71, "incidence_hosp": 2.7049527685191586, "incidence_dc": 0.30055030761323986, "population": 332723, "taux_positivite": 1.4, "incidence_rea": 1.2022012304529595, "incidence_evol": 44.9}, "Pays de la Loire": {"incidence_cas": 76, "incidence_hosp": 3.7428989616203663, "incidence_dc": 0.2879153047400282, "population": 3820568, "taux_positivite": 3.0, "incidence_rea": 0.6543529653182458, "incidence_evol": 40.74}, "Ile-de-France": {"incidence_cas": 70, "incidence_hosp": 2.690386553758748, "incidence_dc": 0.35980853606499974, "population": 12228726, "taux_positivite": 1.8, "incidence_rea": 0.8831664067049994, "incidence_evol": -1.41}, "Guadeloupe": {"incidence_cas": 51, "incidence_hosp": 4.202283075675703, "incidence_dc": 1.2359656104928536, "population": 404542, "taux_positivite": 1.3, "incidence_rea": 1.4831587325914244, "incidence_evol": 6.25}, "Martinique": {"incidence_cas": 124, "incidence_hosp": 13.441033925686591, "incidence_dc": 2.5848142164781907, "population": 386875, "taux_positivite": 2.0, "incidence_rea": 5.945072697899838, "incidence_evol": -4.62}, "Guyane": {"incidence_cas": 219, "incidence_hosp": 19.056257884526698, "incidence_dc": 3.81125157690534, "population": 262381, "taux_positivite": 9.9, "incidence_rea": 5.71687736535801, "incidence_evol": -8.75}, "La R\u00e9union": {"incidence_cas": 43, "incidence_hosp": 0.6969482957291008, "incidence_dc": 0.23231609857636695, "population": 860896, "taux_positivite": 1.6, "incidence_rea": 0.23231609857636695, "incidence_evol": 48.28}, "Mayotte": {"incidence_cas": 25, "incidence_hosp": 1.8493039220037577, "incidence_dc": 1.1095823532022546, "population": 270372, "taux_positivite": 2.2, "incidence_rea": 0.36986078440075154, "incidence_evol": 78.57}}, "donnees_france": {"incidence_cas": 56.50302141868595, "incidence_hosp": 2.4867766137805716, "incidence_dc": 0.2994859792509856, "population": "67114995", "incidence_rea": 0.6481412983789986}, "date_donnees": "26/10", "date_update": "29/10"}