{"liste_regions": ["Auvergne-Rh\u00f4ne-Alpes", "Hauts-de-France", "Provence-Alpes-C\u00f4te d'Azur", "Grand Est", "Occitanie", "Normandie", "Nouvelle-Aquitaine", "Centre", "Bourgogne-Franche-Comt\u00e9", "Bretagne", "Corse", "Pays de la Loire", "Ile-de-France", "Guadeloupe", "Martinique", "Guyane", "La R\u00e9union", "Mayotte"], "donnees_regions": {"Auvergne-Rh\u00f4ne-Alpes": {"incidence_cas": 53, "incidence_hosp": 1.871292965537104, "incidence_dc": 0.3098167161485271, "population": 8069287, "taux_positivite": 1.1, "incidence_rea": 0.6196334322970543, "incidence_evol": -20.9}, "Hauts-de-France": {"incidence_cas": 38, "incidence_hosp": 1.8476644785195921, "incidence_dc": 0.4251263401903487, "population": 6115829, "taux_positivite": 0.8, "incidence_rea": 0.5232324186958137, "incidence_evol": -24.0}, "Provence-Alpes-C\u00f4te d'Azur": {"incidence_cas": 103, "incidence_hosp": 5.421328567278393, "incidence_dc": 0.9624822456400046, "population": 5091003, "taux_positivite": 1.2, "incidence_rea": 1.2374771729657201, "incidence_evol": -33.97}, "Grand Est": {"incidence_cas": 47, "incidence_hosp": 1.6547454578997547, "incidence_dc": 0.29926247642867904, "population": 5680632, "taux_positivite": 0.9, "incidence_rea": 0.40488452693291876, "incidence_evol": -31.88}, "Occitanie": {"incidence_cas": 53, "incidence_hosp": 2.198434782079307, "incidence_dc": 0.42277591963063593, "population": 5913298, "taux_positivite": 1.0, "incidence_rea": 0.6257083610533412, "incidence_evol": -22.06}, "Normandie": {"incidence_cas": 31, "incidence_hosp": 1.3718370035810783, "incidence_dc": 0.35025625623346685, "population": 3426063, "taux_positivite": 0.8, "incidence_rea": 0.32106823488067787, "incidence_evol": -6.06}, "Nouvelle-Aquitaine": {"incidence_cas": 40, "incidence_hosp": 1.9105764571521937, "incidence_dc": 0.49411460098763627, "population": 6071466, "taux_positivite": 1.0, "incidence_rea": 0.5435260610863999, "incidence_evol": -16.67}, "Centre": {"incidence_cas": 39, "incidence_hosp": 1.6620444204035594, "incidence_dc": 0.302189894618829, "population": 2647342, "taux_positivite": 1.1, "incidence_rea": 0.6421535260650116, "incidence_evol": -26.42}, "Bourgogne-Franche-Comt\u00e9": {"incidence_cas": 38, "incidence_hosp": 2.409846771614346, "incidence_dc": 0.34426382451633514, "population": 2904749, "taux_positivite": 1.0, "incidence_rea": 0.17213191225816757, "incidence_evol": -17.39}, "Bretagne": {"incidence_cas": 37, "incidence_hosp": 1.090574898031247, "incidence_dc": 0.1473749862204388, "population": 3392706, "taux_positivite": 1.0, "incidence_rea": 0.23579997795270208, "incidence_evol": -28.85}, "Corse": {"incidence_cas": 53, "incidence_hosp": 3.9071539989721176, "incidence_dc": 0.30055030761323986, "population": 332723, "taux_positivite": 0.8, "incidence_rea": 1.2022012304529595, "incidence_evol": -32.91}, "Pays de la Loire": {"incidence_cas": 41, "incidence_hosp": 1.2825318120237619, "incidence_dc": 0.13087059306364918, "population": 3820568, "taux_positivite": 1.1, "incidence_rea": 0.2879153047400282, "incidence_evol": -4.65}, "Ile-de-France": {"incidence_cas": 72, "incidence_hosp": 3.074727490009998, "incidence_dc": 0.49064800372499967, "population": 12228726, "taux_positivite": 1.2, "incidence_rea": 0.7932142726887494, "incidence_evol": -17.24}, "Guadeloupe": {"incidence_cas": 118, "incidence_hosp": 19.52825664578709, "incidence_dc": 6.67421429666141, "population": 404542, "taux_positivite": 3.3, "incidence_rea": 2.471931220985707, "incidence_evol": -31.4}, "Martinique": {"incidence_cas": 159, "incidence_hosp": 36.18739903069467, "incidence_dc": 6.978998384491114, "population": 386875, "taux_positivite": 4.5, "incidence_rea": 10.856219709208402, "incidence_evol": -28.7}, "Guyane": {"incidence_cas": 536, "incidence_hosp": 51.451896288222095, "incidence_dc": 6.479127680739078, "population": 262381, "taux_positivite": 14.9, "incidence_rea": 9.528128942263349, "incidence_evol": 7.41}, "La R\u00e9union": {"incidence_cas": 48, "incidence_hosp": 1.8585287886109356, "incidence_dc": 0.23231609857636695, "population": 860896, "taux_positivite": 1.2, "incidence_rea": 0.4646321971527339, "incidence_evol": -29.41}, "Mayotte": {"incidence_cas": 32, "incidence_hosp": 1.4794431376030062, "incidence_dc": 0.7397215688015031, "population": 270372, "taux_positivite": 1.7, "incidence_rea": 0.36986078440075154, "incidence_evol": -20.0}}, "donnees_france": {"incidence_cas": 57.52365771613333, "incidence_hosp": 2.816062192957028, "incidence_dc": 0.5185130387031989, "population": "67114995", "incidence_rea": 0.7047605382373939}, "date_donnees": "25/09", "date_update": "28/09"}