{"liste_regions": ["Auvergne-Rh\u00f4ne-Alpes", "Hauts-de-France", "Provence-Alpes-C\u00f4te d'Azur", "Grand Est", "Occitanie", "Normandie", "Nouvelle-Aquitaine", "Centre", "Bourgogne-Franche-Comt\u00e9", "Bretagne", "Corse", "Pays de la Loire", "Ile-de-France", "Guadeloupe", "Martinique", "Guyane", "La R\u00e9union", "Mayotte"], "donnees_regions": {"Auvergne-Rh\u00f4ne-Alpes": {"incidence_cas": 49, "incidence_hosp": 2.329821705436924, "incidence_dc": 0.285031378856645, "population": 8069287, "taux_positivite": 1.1, "incidence_rea": 0.4709214085457612, "incidence_evol": -9.26}, "Hauts-de-France": {"incidence_cas": 30, "incidence_hosp": 1.7005053607613947, "incidence_dc": 0.2452651962636627, "population": 6115829, "taux_positivite": 0.7, "incidence_rea": 0.45782836635883706, "incidence_evol": -23.08}, "Provence-Alpes-C\u00f4te d'Azur": {"incidence_cas": 87, "incidence_hosp": 4.439203826829409, "incidence_dc": 1.3356896470106185, "population": 5091003, "taux_positivite": 1.1, "incidence_rea": 0.8642697715951061, "incidence_evol": -17.92}, "Grand Est": {"incidence_cas": 38, "incidence_hosp": 1.566727082479555, "incidence_dc": 0.33446982659675895, "population": 5680632, "taux_positivite": 0.7, "incidence_rea": 0.21124410100847932, "incidence_evol": -24.0}, "Occitanie": {"incidence_cas": 45, "incidence_hosp": 1.55581538424074, "incidence_dc": 0.35513177248973415, "population": 5913298, "taux_positivite": 0.9, "incidence_rea": 0.30439866213405786, "incidence_evol": -16.67}, "Normandie": {"incidence_cas": 25, "incidence_hosp": 1.0507687687004004, "incidence_dc": 0.32106823488067787, "population": 3426063, "taux_positivite": 0.6, "incidence_rea": 0.2626921921751001, "incidence_evol": -21.88}, "Nouvelle-Aquitaine": {"incidence_cas": 32, "incidence_hosp": 1.1529340689711514, "incidence_dc": 0.24705730049381813, "population": 6071466, "taux_positivite": 0.9, "incidence_rea": 0.3129392472921696, "incidence_evol": -21.95}, "Centre": {"incidence_cas": 32, "incidence_hosp": 1.1709858416479624, "incidence_dc": 0.26441615779147537, "population": 2647342, "taux_positivite": 1.0, "incidence_rea": 0.45328484192824353, "incidence_evol": -20.0}, "Bourgogne-Franche-Comt\u00e9": {"incidence_cas": 36, "incidence_hosp": 1.7901718874849428, "incidence_dc": 0.5163957367745028, "population": 2904749, "taux_positivite": 1.0, "incidence_rea": 0.30983744206470165, "incidence_evol": -5.26}, "Bretagne": {"incidence_cas": 28, "incidence_hosp": 1.1200498952753348, "incidence_dc": 0.11789998897635104, "population": 3392706, "taux_positivite": 0.8, "incidence_rea": 0.26527497519678983, "incidence_evol": -26.32}, "Corse": {"incidence_cas": 49, "incidence_hosp": 2.103852153292679, "incidence_dc": 0.6011006152264797, "population": 332723, "taux_positivite": 0.8, "incidence_rea": 0.6011006152264797, "incidence_evol": -2.0}, "Pays de la Loire": {"incidence_cas": 42, "incidence_hosp": 1.2301835747983023, "incidence_dc": 0.10469647445091933, "population": 3820568, "taux_positivite": 1.2, "incidence_rea": 0.3926117791909476, "incidence_evol": 2.44}, "Ile-de-France": {"incidence_cas": 63, "incidence_hosp": 2.453240018624998, "incidence_dc": 0.35980853606499974, "population": 12228726, "taux_positivite": 1.0, "incidence_rea": 0.7114396054012495, "incidence_evol": -16.0}, "Guadeloupe": {"incidence_cas": 78, "incidence_hosp": 10.382111128139972, "incidence_dc": 4.449476197774273, "population": 404542, "taux_positivite": 2.2, "incidence_rea": 2.7191243430842778, "incidence_evol": -39.06}, "Martinique": {"incidence_cas": 131, "incidence_hosp": 17.318255250403876, "incidence_dc": 3.101777059773829, "population": 386875, "taux_positivite": 3.4, "incidence_rea": 5.428109854604201, "incidence_evol": -23.39}, "Guyane": {"incidence_cas": 506, "incidence_hosp": 41.92376734595874, "incidence_dc": 6.098002523048544, "population": 262381, "taux_positivite": 12.7, "incidence_rea": 9.528128942263349, "incidence_evol": -5.24}, "La R\u00e9union": {"incidence_cas": 34, "incidence_hosp": 0.8131063450172844, "incidence_dc": 0.11615804928818348, "population": 860896, "taux_positivite": 0.9, "incidence_rea": 0.11615804928818348, "incidence_evol": -33.33}, "Mayotte": {"incidence_cas": 35, "incidence_hosp": 1.4794431376030062, "incidence_dc": 0.0, "population": 270372, "taux_positivite": 1.8, "incidence_rea": 0.0, "incidence_evol": 6.06}}, "donnees_france": {"incidence_cas": 49.37793707650578, "incidence_hosp": 2.2498697943730757, "incidence_dc": 0.43954409890070023, "population": "67114995", "incidence_rea": 0.5363927986584817}, "date_donnees": "01/10", "date_update": "04/10"}