{"liste_regions": ["Auvergne-Rh\u00f4ne-Alpes", "Hauts-de-France", "Provence-Alpes-C\u00f4te d'Azur", "Grand Est", "Occitanie", "Normandie", "Nouvelle-Aquitaine", "Centre", "Bourgogne-Franche-Comt\u00e9", "Bretagne", "Corse", "Pays de la Loire", "Ile-de-France", "Guadeloupe", "Martinique", "Guyane", "La R\u00e9union", "Mayotte"], "donnees_regions": {"Auvergne-Rh\u00f4ne-Alpes": {"incidence_cas": 55, "incidence_hosp": 2.453748391896335, "incidence_dc": 0.22306803562693955, "population": 8069287, "taux_positivite": 2.1, "incidence_rea": 0.3841727280241736, "incidence_evol": 12.24}, "Hauts-de-France": {"incidence_cas": 54, "incidence_hosp": 2.6815661458160456, "incidence_dc": 0.32702026168488363, "population": 6115829, "taux_positivite": 2.4, "incidence_rea": 0.8175506542122091, "incidence_evol": 20.0}, "Provence-Alpes-C\u00f4te d'Azur": {"incidence_cas": 77, "incidence_hosp": 3.71243151889716, "incidence_dc": 0.5107048650334718, "population": 5091003, "taux_positivite": 1.8, "incidence_rea": 0.7856997923591874, "incidence_evol": 5.48}, "Grand Est": {"incidence_cas": 52, "incidence_hosp": 1.8307822087401544, "incidence_dc": 0.2288477760925193, "population": 5680632, "taux_positivite": 1.8, "incidence_rea": 0.6865433282775578, "incidence_evol": 23.81}, "Occitanie": {"incidence_cas": 53, "incidence_hosp": 1.5219933106702892, "incidence_dc": 0.20293244142270522, "population": 5913298, "taux_positivite": 1.8, "incidence_rea": 0.541153177127214, "incidence_evol": 10.42}, "Normandie": {"incidence_cas": 37, "incidence_hosp": 2.4517937936342675, "incidence_dc": 0.3794442775862557, "population": 3426063, "taux_positivite": 1.8, "incidence_rea": 0.4670083416446224, "incidence_evol": 12.12}, "Nouvelle-Aquitaine": {"incidence_cas": 58, "incidence_hosp": 2.8658646857282903, "incidence_dc": 0.3458802206913454, "population": 6071466, "taux_positivite": 2.4, "incidence_rea": 0.5929375211851635, "incidence_evol": 13.73}, "Centre": {"incidence_cas": 54, "incidence_hosp": 2.1531029991591564, "incidence_dc": 0.26441615779147537, "population": 2647342, "taux_positivite": 2.7, "incidence_rea": 0.6799272628923653, "incidence_evol": 17.39}, "Bourgogne-Franche-Comt\u00e9": {"incidence_cas": 44, "incidence_hosp": 2.9950952732921157, "incidence_dc": 0.13770552980653405, "population": 2904749, "taux_positivite": 1.8, "incidence_rea": 0.5852485016777698, "incidence_evol": 33.33}, "Bretagne": {"incidence_cas": 54, "incidence_hosp": 2.416949774015196, "incidence_dc": 0.1473749862204388, "population": 3392706, "taux_positivite": 2.5, "incidence_rea": 0.32422496968496534, "incidence_evol": 22.73}, "Corse": {"incidence_cas": 89, "incidence_hosp": 2.404402460905919, "incidence_dc": 0.30055030761323986, "population": 332723, "taux_positivite": 1.9, "incidence_rea": 2.404402460905919, "incidence_evol": 58.93}, "Pays de la Loire": {"incidence_cas": 83, "incidence_hosp": 3.481157775493068, "incidence_dc": 0.5234823722545967, "population": 3820568, "taux_positivite": 3.4, "incidence_rea": 0.6020047280927863, "incidence_evol": 13.7}, "Ile-de-France": {"incidence_cas": 73, "incidence_hosp": 2.5350146859124982, "incidence_dc": 0.2616789353199998, "population": 12228726, "taux_positivite": 2.0, "incidence_rea": 0.7277945388587495, "incidence_evol": 2.82}, "Guadeloupe": {"incidence_cas": 52, "incidence_hosp": 1.4831587325914244, "incidence_dc": 0.7415793662957122, "population": 404542, "taux_positivite": 1.2, "incidence_rea": 0.24719312209857072, "incidence_evol": 4.0}, "Martinique": {"incidence_cas": 115, "incidence_hosp": 11.890145395799676, "incidence_dc": 2.8432956381260097, "population": 386875, "taux_positivite": 1.9, "incidence_rea": 4.3941841680129246, "incidence_evol": -14.81}, "Guyane": {"incidence_cas": 169, "incidence_hosp": 21.343008830669902, "incidence_dc": 2.6678761038337377, "population": 262381, "taux_positivite": 8.1, "incidence_rea": 2.6678761038337377, "incidence_evol": -27.78}, "La R\u00e9union": {"incidence_cas": 61, "incidence_hosp": 1.0454224435936512, "incidence_dc": 0.0, "population": 860896, "taux_positivite": 2.3, "incidence_rea": 0.23231609857636695, "incidence_evol": 84.85}, "Mayotte": {"incidence_cas": 30, "incidence_hosp": 1.4794431376030062, "incidence_dc": 0.36986078440075154, "population": 270372, "taux_positivite": 2.5, "incidence_rea": 0.36986078440075154, "incidence_evol": 76.47}}, "donnees_france": {"incidence_cas": 61.71497144565086, "incidence_hosp": 2.6834539732886817, "incidence_dc": 0.31885571920254185, "population": "67114995", "incidence_rea": 0.6526112383678193}, "date_donnees": "31/10", "date_update": "03/11"}