{"liste_regions": ["Auvergne-Rh\u00f4ne-Alpes", "Hauts-de-France", "Provence-Alpes-C\u00f4te d'Azur", "Grand Est", "Occitanie", "Normandie", "Nouvelle-Aquitaine", "Centre", "Bourgogne-Franche-Comt\u00e9", "Bretagne", "Corse", "Pays de la Loire", "Ile-de-France", "Guadeloupe", "Martinique", "Guyane", "La R\u00e9union", "Mayotte"], "donnees_regions": {"Auvergne-Rh\u00f4ne-Alpes": {"incidence_cas": 50, "incidence_hosp": 1.9456489774127503, "incidence_dc": 0.33460205344040933, "population": 8069287, "taux_positivite": 1.7, "incidence_rea": 0.4337434026079379, "incidence_evol": 16.28}, "Hauts-de-France": {"incidence_cas": 47, "incidence_hosp": 2.0602276486147666, "incidence_dc": 0.22891418317941853, "population": 6115829, "taux_positivite": 1.7, "incidence_rea": 0.5068814056115696, "incidence_evol": 34.29}, "Provence-Alpes-C\u00f4te d'Azur": {"incidence_cas": 74, "incidence_hosp": 3.1820841590547086, "incidence_dc": 0.4124923909885733, "population": 5091003, "taux_positivite": 1.7, "incidence_rea": 0.7071298131232686, "incidence_evol": 5.71}, "Grand Est": {"incidence_cas": 43, "incidence_hosp": 1.7251601582359144, "incidence_dc": 0.21124410100847932, "population": 5680632, "taux_positivite": 1.3, "incidence_rea": 0.4752992272690785, "incidence_evol": 19.44}, "Occitanie": {"incidence_cas": 48, "incidence_hosp": 1.6572816049520926, "incidence_dc": 0.270576588563607, "population": 5913298, "taux_positivite": 1.5, "incidence_rea": 0.5580642139124393, "incidence_evol": 23.08}, "Normandie": {"incidence_cas": 34, "incidence_hosp": 2.13072555875359, "incidence_dc": 0.2043161494695223, "population": 3426063, "taux_positivite": 1.3, "incidence_rea": 0.4670083416446224, "incidence_evol": 9.68}, "Nouvelle-Aquitaine": {"incidence_cas": 51, "incidence_hosp": 2.009399377349721, "incidence_dc": 0.13176389359670299, "population": 6071466, "taux_positivite": 1.9, "incidence_rea": 0.46117362758846053, "incidence_evol": 24.39}, "Centre": {"incidence_cas": 46, "incidence_hosp": 2.0397817886770957, "incidence_dc": 0.1510949473094145, "population": 2647342, "taux_positivite": 2.1, "incidence_rea": 0.33996363144618263, "incidence_evol": 27.78}, "Bourgogne-Franche-Comt\u00e9": {"incidence_cas": 33, "incidence_hosp": 2.3065676242594453, "incidence_dc": 0.20655829470980108, "population": 2904749, "taux_positivite": 1.3, "incidence_rea": 0.6196748841294033, "incidence_evol": 3.12}, "Bretagne": {"incidence_cas": 45, "incidence_hosp": 1.4442748649603, "incidence_dc": 0.1473749862204388, "population": 3392706, "taux_positivite": 1.9, "incidence_rea": 0.26527497519678983, "incidence_evol": 32.35}, "Corse": {"incidence_cas": 64, "incidence_hosp": 2.404402460905919, "incidence_dc": 0.30055030761323986, "population": 332723, "taux_positivite": 1.3, "incidence_rea": 0.6011006152264797, "incidence_evol": 18.52}, "Pays de la Loire": {"incidence_cas": 76, "incidence_hosp": 3.5858542499439876, "incidence_dc": 0.18321883028910885, "population": 3820568, "taux_positivite": 2.9, "incidence_rea": 0.7328753211564354, "incidence_evol": 49.02}, "Ile-de-France": {"incidence_cas": 70, "incidence_hosp": 2.624966819928748, "incidence_dc": 0.4006958697087497, "population": 12228726, "taux_positivite": 1.7, "incidence_rea": 0.8831664067049994, "incidence_evol": -1.41}, "Guadeloupe": {"incidence_cas": 48, "incidence_hosp": 3.7078968314785605, "incidence_dc": 1.2359656104928536, "population": 404542, "taux_positivite": 1.2, "incidence_rea": 1.4831587325914244, "incidence_evol": -4.0}, "Martinique": {"incidence_cas": 129, "incidence_hosp": 13.441033925686591, "incidence_dc": 2.5848142164781907, "population": 386875, "taux_positivite": 2.1, "incidence_rea": 5.945072697899838, "incidence_evol": 2.38}, "Guyane": {"incidence_cas": 224, "incidence_hosp": 16.007256623002426, "incidence_dc": 2.6678761038337377, "population": 262381, "taux_positivite": 9.8, "incidence_rea": 5.3357522076674755, "incidence_evol": -12.16}, "La R\u00e9union": {"incidence_cas": 37, "incidence_hosp": 0.4646321971527339, "incidence_dc": 0.3484741478645504, "population": 860896, "taux_positivite": 1.4, "incidence_rea": 0.23231609857636695, "incidence_evol": 23.33}, "Mayotte": {"incidence_cas": 19, "incidence_hosp": 1.4794431376030062, "incidence_dc": 0.7397215688015031, "population": 270372, "taux_positivite": 1.7, "incidence_rea": 0.36986078440075154, "incidence_evol": 5.56}}, "donnees_france": {"incidence_cas": 55.92341920013553, "incidence_hosp": 2.3675782140786867, "incidence_dc": 0.30395591923980625, "population": "67114995", "incidence_rea": 0.6347314784125365}, "date_donnees": "25/10", "date_update": "28/10"}