{"liste_regions": ["Auvergne-Rh\u00f4ne-Alpes", "Hauts-de-France", "Provence-Alpes-C\u00f4te d'Azur", "Grand Est", "Occitanie", "Normandie", "Nouvelle-Aquitaine", "Centre", "Bourgogne-Franche-Comt\u00e9", "Bretagne", "Corse", "Pays de la Loire", "Ile-de-France", "Guadeloupe", "Martinique", "Guyane", "La R\u00e9union", "Mayotte"], "donnees_regions": {"Auvergne-Rh\u00f4ne-Alpes": {"incidence_cas": 110, "incidence_hosp": 3.742585931074208, "incidence_dc": 0.3965653966701147, "population": 8069287, "taux_positivite": 4.1, "incidence_rea": 0.7931307933402294, "incidence_evol": 50.68}, "Hauts-de-France": {"incidence_cas": 105, "incidence_hosp": 3.6626269308706965, "incidence_dc": 0.3433712747691278, "population": 6115829, "taux_positivite": 3.8, "incidence_rea": 0.8666036934649415, "incidence_evol": 41.89}, "Provence-Alpes-C\u00f4te d'Azur": {"incidence_cas": 138, "incidence_hosp": 5.657038504986149, "incidence_dc": 0.5303473598424514, "population": 5091003, "taux_positivite": 3.5, "incidence_rea": 0.8446272767861265, "incidence_evol": 50.0}, "Grand Est": {"incidence_cas": 105, "incidence_hosp": 3.8199974932366683, "incidence_dc": 0.316866151512719, "population": 5680632, "taux_positivite": 3.4, "incidence_rea": 0.8273727289498773, "incidence_evol": 45.83}, "Occitanie": {"incidence_cas": 98, "incidence_hosp": 4.092470902024555, "incidence_dc": 0.21984347820793065, "population": 5913298, "taux_positivite": 3.6, "incidence_rea": 1.437438126744162, "incidence_evol": 46.27}, "Normandie": {"incidence_cas": 64, "incidence_hosp": 2.7144859858093677, "incidence_dc": 0.4670083416446224, "population": 3426063, "taux_positivite": 2.8, "incidence_rea": 0.5253843843502002, "incidence_evol": 36.17}, "Nouvelle-Aquitaine": {"incidence_cas": 104, "incidence_hosp": 3.837623401003975, "incidence_dc": 0.24705730049381813, "population": 6071466, "taux_positivite": 4.2, "incidence_rea": 0.9388177418765089, "incidence_evol": 44.44}, "Centre": {"incidence_cas": 86, "incidence_hosp": 4.343979735145666, "incidence_dc": 0.22664242096412177, "population": 2647342, "taux_positivite": 4.2, "incidence_rea": 1.3598545257847305, "incidence_evol": 32.31}, "Bourgogne-Franche-Comt\u00e9": {"incidence_cas": 80, "incidence_hosp": 4.062313129292755, "incidence_dc": 0.5508221192261362, "population": 2904749, "taux_positivite": 3.3, "incidence_rea": 0.6885276490326703, "incidence_evol": 29.03}, "Bretagne": {"incidence_cas": 95, "incidence_hosp": 3.3306746885819165, "incidence_dc": 0.3536999669290531, "population": 3392706, "taux_positivite": 4.1, "incidence_rea": 0.6484499393699307, "incidence_evol": 43.94}, "Corse": {"incidence_cas": 186, "incidence_hosp": 4.508254614198598, "incidence_dc": 0.6011006152264797, "population": 332723, "taux_positivite": 4.1, "incidence_rea": 0.30055030761323986, "incidence_evol": 64.6}, "Pays de la Loire": {"incidence_cas": 132, "incidence_hosp": 5.1301272480950475, "incidence_dc": 0.6805270839309757, "population": 3820568, "taux_positivite": 4.9, "incidence_rea": 1.1516612189601128, "incidence_evol": 40.43}, "Ile-de-France": {"incidence_cas": 102, "incidence_hosp": 3.867941762698747, "incidence_dc": 0.42522826989499973, "population": 12228726, "taux_positivite": 2.9, "incidence_rea": 0.8259241396037494, "incidence_evol": 21.43}, "Guadeloupe": {"incidence_cas": 59, "incidence_hosp": 5.4382486861685555, "incidence_dc": 0.24719312209857072, "population": 404542, "taux_positivite": 1.4, "incidence_rea": 0.9887724883942829, "incidence_evol": 20.41}, "Martinique": {"incidence_cas": 118, "incidence_hosp": 5.686591276252019, "incidence_dc": 1.8093699515347335, "population": 386875, "taux_positivite": 1.9, "incidence_rea": 1.8093699515347335, "incidence_evol": 22.92}, "Guyane": {"incidence_cas": 100, "incidence_hosp": 8.003628311501213, "incidence_dc": 1.143375473071602, "population": 262381, "taux_positivite": 5.1, "incidence_rea": 0.381125157690534, "incidence_evol": -25.93}, "La R\u00e9union": {"incidence_cas": 173, "incidence_hosp": 4.762480020815522, "incidence_dc": 0.3484741478645504, "population": 860896, "taux_positivite": 4.5, "incidence_rea": 0.6969482957291008, "incidence_evol": 66.35}, "Mayotte": {"incidence_cas": 29, "incidence_hosp": 0.36986078440075154, "incidence_dc": 0.0, "population": 270372, "taux_positivite": 2.1, "incidence_rea": 0.0, "incidence_evol": -34.09}}, "donnees_france": {"incidence_cas": 106.17597453445389, "incidence_hosp": 4.07658526980446, "incidence_dc": 0.4022945989938612, "population": "67114995", "incidence_rea": 0.9073978177305981}, "date_donnees": "14/11", "date_update": "17/11"}