{"liste_regions": ["Auvergne-Rh\u00f4ne-Alpes", "Hauts-de-France", "Provence-Alpes-C\u00f4te d'Azur", "Grand Est", "Occitanie", "Normandie", "Nouvelle-Aquitaine", "Centre", "Bourgogne-Franche-Comt\u00e9", "Bretagne", "Corse", "Pays de la Loire", "Ile-de-France", "Guadeloupe", "Martinique", "Guyane", "La R\u00e9union", "Mayotte"], "donnees_regions": {"Auvergne-Rh\u00f4ne-Alpes": {"incidence_cas": 935, "incidence_hosp": 12.528988001046438, "incidence_dc": 0.7063821128186419, "population": 8069287, "taux_positivite": 33.3, "incidence_rea": 0.8922721425077582, "incidence_evol": -19.47}, "Hauts-de-France": {"incidence_cas": 988, "incidence_hosp": 14.94482595899918, "incidence_dc": 0.8666036934649415, "population": 6115829, "taux_positivite": 31.9, "incidence_rea": 1.5533462430031972, "incidence_evol": -18.08}, "Provence-Alpes-C\u00f4te d'Azur": {"incidence_cas": 1101, "incidence_hosp": 19.95677472592336, "incidence_dc": 0.9035547612130655, "population": 5091003, "taux_positivite": 27.8, "incidence_rea": 1.7874670276171514, "incidence_evol": -13.65}, "Grand Est": {"incidence_cas": 901, "incidence_hosp": 11.002296927524966, "incidence_dc": 0.6865433282775578, "population": 5680632, "taux_positivite": 29.9, "incidence_rea": 0.950598454538157, "incidence_evol": -10.97}, "Occitanie": {"incidence_cas": 1121, "incidence_hosp": 14.137626752448465, "incidence_dc": 1.0653953174692024, "population": 5913298, "taux_positivite": 34.4, "incidence_rea": 1.9109471567304743, "incidence_evol": -21.83}, "Normandie": {"incidence_cas": 868, "incidence_hosp": 16.72473623514804, "incidence_dc": 0.9632047046420337, "population": 3426063, "taux_positivite": 36.5, "incidence_rea": 0.8464526192308781, "incidence_evol": -21.94}, "Nouvelle-Aquitaine": {"incidence_cas": 1040, "incidence_hosp": 13.901090774452168, "incidence_dc": 1.1529340689711514, "population": 6071466, "taux_positivite": 39.0, "incidence_rea": 0.8564653083785695, "incidence_evol": -29.54}, "Centre": {"incidence_cas": 931, "incidence_hosp": 13.183034152746416, "incidence_dc": 0.7554747365470724, "population": 2647342, "taux_positivite": 36.9, "incidence_rea": 1.1332121048206087, "incidence_evol": -27.09}, "Bourgogne-Franche-Comt\u00e9": {"incidence_cas": 926, "incidence_hosp": 15.973841457557949, "incidence_dc": 1.204923385807173, "population": 2904749, "taux_positivite": 35.1, "incidence_rea": 1.2393497682588066, "incidence_evol": -17.25}, "Bretagne": {"incidence_cas": 1009, "incidence_hosp": 17.007073409838636, "incidence_dc": 1.3558498732280369, "population": 3392706, "taux_positivite": 42.7, "incidence_rea": 1.4147998677162124, "incidence_evol": -33.05}, "Corse": {"incidence_cas": 1119, "incidence_hosp": 18.33356876440763, "incidence_dc": 2.103852153292679, "population": 332723, "taux_positivite": 29.6, "incidence_rea": 0.30055030761323986, "incidence_evol": -15.93}, "Pays de la Loire": {"incidence_cas": 996, "incidence_hosp": 12.851492238850348, "incidence_dc": 0.7328753211564354, "population": 3820568, "taux_positivite": 41.0, "incidence_rea": 1.099312981734653, "incidence_evol": -34.34}, "Ile-de-France": {"incidence_cas": 885, "incidence_hosp": 15.18555571528874, "incidence_dc": 0.8831664067049994, "population": 12228726, "taux_positivite": 23.8, "incidence_rea": 1.7908652135962488, "incidence_evol": -35.07}, "Guadeloupe": {"incidence_cas": 995, "incidence_hosp": 9.887724883942829, "incidence_dc": 1.2359656104928536, "population": 404542, "taux_positivite": 19.7, "incidence_rea": 1.9775449767885658, "incidence_evol": -7.7}, "Martinique": {"incidence_cas": 525, "incidence_hosp": 7.4959612277867524, "incidence_dc": 2.8432956381260097, "population": 386875, "taux_positivite": 14.4, "incidence_rea": 0.7754442649434572, "incidence_evol": -38.16}, "Guyane": {"incidence_cas": 336, "incidence_hosp": 17.912882411455097, "incidence_dc": 0.381125157690534, "population": 262381, "taux_positivite": 16.2, "incidence_rea": 1.143375473071602, "incidence_evol": -24.49}, "La R\u00e9union": {"incidence_cas": 462, "incidence_hosp": 11.848121027394715, "incidence_dc": 0.9292643943054678, "population": 860896, "taux_positivite": 21.3, "incidence_rea": 0.8131063450172844, "incidence_evol": 12.41}, "Mayotte": {"incidence_cas": 89, "incidence_hosp": 3.6986078440075154, "incidence_dc": 0.0, "population": 270372, "taux_positivite": 5.9, "incidence_rea": 0.0, "incidence_evol": 23.61}}, "donnees_france": {"incidence_cas": 1029.0964038662298, "incidence_hosp": 14.670343043309472, "incidence_dc": 0.9386873976523429, "population": "67114995", "incidence_rea": 1.3454519366350246}, "date_donnees": "15/07", "date_update": "18/07"}