{"liste_regions": ["Auvergne-Rh\u00f4ne-Alpes", "Hauts-de-France", "Provence-Alpes-C\u00f4te d'Azur", "Grand Est", "Occitanie", "Normandie", "Nouvelle-Aquitaine", "Centre", "Bourgogne-Franche-Comt\u00e9", "Bretagne", "Corse", "Pays de la Loire", "Ile-de-France", "Guadeloupe", "Martinique", "Guyane", "La R\u00e9union", "Mayotte"], "donnees_regions": {"Auvergne-Rh\u00f4ne-Alpes": {"incidence_cas": 184, "incidence_hosp": 3.0362038182555655, "incidence_dc": 0.4709214085457612, "population": 8069287, "taux_positivite": 14.4, "incidence_rea": 0.3222093847944682, "incidence_evol": 26.03}, "Hauts-de-France": {"incidence_cas": 199, "incidence_hosp": 3.7934350355446496, "incidence_dc": 0.40877532710610454, "population": 6115829, "taux_positivite": 13.5, "incidence_rea": 0.5722854579485462, "incidence_evol": 17.75}, "Provence-Alpes-C\u00f4te d'Azur": {"incidence_cas": 200, "incidence_hosp": 3.5160065708073636, "incidence_dc": 0.43213488579755305, "population": 5091003, "taux_positivite": 10.7, "incidence_rea": 0.43213488579755305, "incidence_evol": 14.29}, "Grand Est": {"incidence_cas": 191, "incidence_hosp": 3.8552048434047475, "incidence_dc": 0.42248820201695864, "population": 5680632, "taux_positivite": 12.7, "incidence_rea": 0.5633176026892782, "incidence_evol": 30.82}, "Occitanie": {"incidence_cas": 216, "incidence_hosp": 3.8388053502461736, "incidence_dc": 0.3213096989192833, "population": 5913298, "taux_positivite": 14.6, "incidence_rea": 0.541153177127214, "incidence_evol": 32.52}, "Normandie": {"incidence_cas": 210, "incidence_hosp": 4.728459459151802, "incidence_dc": 0.4670083416446224, "population": 3426063, "taux_positivite": 17.1, "incidence_rea": 0.2335041708223112, "incidence_evol": 22.81}, "Nouvelle-Aquitaine": {"incidence_cas": 202, "incidence_hosp": 3.129392472921696, "incidence_dc": 0.32940973399175755, "population": 6071466, "taux_positivite": 16.3, "incidence_rea": 0.3129392472921696, "incidence_evol": 35.57}, "Centre": {"incidence_cas": 209, "incidence_hosp": 3.4751837881165337, "incidence_dc": 0.26441615779147537, "population": 2647342, "taux_positivite": 17.7, "incidence_rea": 0.5666060524103044, "incidence_evol": 25.9}, "Bourgogne-Franche-Comt\u00e9": {"incidence_cas": 180, "incidence_hosp": 4.647561630970524, "incidence_dc": 0.3786902069679687, "population": 2904749, "taux_positivite": 14.5, "incidence_rea": 0.6541012665810367, "incidence_evol": 25.87}, "Bretagne": {"incidence_cas": 258, "incidence_hosp": 3.8022746444873206, "incidence_dc": 0.20632498070861433, "population": 3392706, "taux_positivite": 21.4, "incidence_rea": 0.47159995590540416, "incidence_evol": 21.7}, "Corse": {"incidence_cas": 187, "incidence_hosp": 3.0055030761323986, "incidence_dc": 0.30055030761323986, "population": 332723, "taux_positivite": 12.3, "incidence_rea": 0.30055030761323986, "incidence_evol": 2.75}, "Pays de la Loire": {"incidence_cas": 227, "incidence_hosp": 2.8006306915620924, "incidence_dc": 0.18321883028910885, "population": 3820568, "taux_positivite": 20.4, "incidence_rea": 0.23556706751456852, "incidence_evol": 20.11}, "Ile-de-France": {"incidence_cas": 265, "incidence_hosp": 2.821226021418748, "incidence_dc": 0.36798600279374977, "population": 12228726, "taux_positivite": 13.6, "incidence_rea": 0.2862113355062498, "incidence_evol": 47.22}, "Guadeloupe": {"incidence_cas": 564, "incidence_hosp": 5.4382486861685555, "incidence_dc": 0.0, "population": 404542, "taux_positivite": 16.3, "incidence_rea": 0.7415793662957122, "incidence_evol": 16.53}, "Martinique": {"incidence_cas": 2204, "incidence_hosp": 3.8772213247172855, "incidence_dc": 0.5169628432956381, "population": 386875, "taux_positivite": 33.3, "incidence_rea": 0.0, "incidence_evol": 48.02}, "Guyane": {"incidence_cas": 279, "incidence_hosp": 9.528128942263349, "incidence_dc": 0.381125157690534, "population": 262381, "taux_positivite": 16.8, "incidence_rea": 0.0, "incidence_evol": 31.6}, "La R\u00e9union": {"incidence_cas": 223, "incidence_hosp": 6.621008809426458, "incidence_dc": 0.9292643943054678, "population": 860896, "taux_positivite": 15.4, "incidence_rea": 0.5807902464409174, "incidence_evol": -18.01}, "Mayotte": {"incidence_cas": 32, "incidence_hosp": 0.0, "incidence_dc": 0.0, "population": 270372, "taux_positivite": 3.8, "incidence_rea": 0.0, "incidence_evol": 14.29}}, "donnees_france": {"incidence_cas": 239.38912608128777, "incidence_hosp": 3.5625421710900818, "incidence_dc": 0.3769649390572107, "population": "67114995", "incidence_rea": 0.4127244589677761}, "date_donnees": "04/06", "date_update": "07/06"}