{"liste_regions": ["Auvergne-Rh\u00f4ne-Alpes", "Hauts-de-France", "Provence-Alpes-C\u00f4te d'Azur", "Grand Est", "Occitanie", "Normandie", "Nouvelle-Aquitaine", "Centre", "Bourgogne-Franche-Comt\u00e9", "Bretagne", "Corse", "Pays de la Loire", "Ile-de-France", "Guadeloupe", "Martinique", "Guyane", "La R\u00e9union", "Mayotte"], "donnees_regions": {"Auvergne-Rh\u00f4ne-Alpes": {"incidence_cas": 52, "incidence_hosp": 1.7349736104317517, "incidence_dc": 0.285031378856645, "population": 8069287, "taux_positivite": 2.0, "incidence_rea": 0.3222093847944682, "incidence_evol": 8.33}, "Hauts-de-France": {"incidence_cas": 52, "incidence_hosp": 1.9784725831935457, "incidence_dc": 0.19621215701093014, "population": 6115829, "taux_positivite": 2.3, "incidence_rea": 0.4905303925273254, "incidence_evol": 20.93}, "Provence-Alpes-C\u00f4te d'Azur": {"incidence_cas": 75, "incidence_hosp": 3.162441664245729, "incidence_dc": 0.3535649065616343, "population": 5091003, "taux_positivite": 1.8, "incidence_rea": 0.6678448235053093, "incidence_evol": 5.63}, "Grand Est": {"incidence_cas": 49, "incidence_hosp": 1.7603675084039947, "incidence_dc": 0.1232257255882796, "population": 5680632, "taux_positivite": 1.7, "incidence_rea": 0.651335978109478, "incidence_evol": 22.5}, "Occitanie": {"incidence_cas": 51, "incidence_hosp": 1.5389043474555146, "incidence_dc": 0.15219933106702893, "population": 5913298, "taux_positivite": 1.8, "incidence_rea": 0.4565979932010868, "incidence_evol": 13.33}, "Normandie": {"incidence_cas": 35, "incidence_hosp": 2.0723495160480123, "incidence_dc": 0.1459401067639445, "population": 3426063, "taux_positivite": 1.8, "incidence_rea": 0.4378203202918335, "incidence_evol": 2.94}, "Nouvelle-Aquitaine": {"incidence_cas": 54, "incidence_hosp": 1.8776354837530178, "incidence_dc": 0.09882292019752725, "population": 6071466, "taux_positivite": 2.3, "incidence_rea": 0.3129392472921696, "incidence_evol": 8.0}, "Centre": {"incidence_cas": 51, "incidence_hosp": 1.8131393677129741, "incidence_dc": 0.11332121048206088, "population": 2647342, "taux_positivite": 2.5, "incidence_rea": 0.41551110510088984, "incidence_evol": 15.91}, "Bourgogne-Franche-Comt\u00e9": {"incidence_cas": 39, "incidence_hosp": 2.375420389162713, "incidence_dc": 0.20655829470980108, "population": 2904749, "taux_positivite": 1.6, "incidence_rea": 0.4819693543228692, "incidence_evol": 21.88}, "Bretagne": {"incidence_cas": 49, "incidence_hosp": 1.7979748318893534, "incidence_dc": 0.11789998897635104, "population": 3392706, "taux_positivite": 2.3, "incidence_rea": 0.32422496968496534, "incidence_evol": 19.51}, "Corse": {"incidence_cas": 86, "incidence_hosp": 2.7049527685191586, "incidence_dc": 0.30055030761323986, "population": 332723, "taux_positivite": 1.9, "incidence_rea": 2.103852153292679, "incidence_evol": 79.17}, "Pays de la Loire": {"incidence_cas": 77, "incidence_hosp": 3.612028368556717, "incidence_dc": 0.3664376605782177, "population": 3820568, "taux_positivite": 3.2, "incidence_rea": 0.6805270839309757, "incidence_evol": 10.0}, "Ile-de-France": {"incidence_cas": 70, "incidence_hosp": 2.289690684049998, "incidence_dc": 0.26985640204874983, "population": 12228726, "taux_positivite": 1.9, "incidence_rea": 0.7359720055874995, "incidence_evol": 0.0}, "Guadeloupe": {"incidence_cas": 50, "incidence_hosp": 3.2135105872814194, "incidence_dc": 1.2359656104928536, "population": 404542, "taux_positivite": 1.2, "incidence_rea": 0.7415793662957122, "incidence_evol": 4.17}, "Martinique": {"incidence_cas": 115, "incidence_hosp": 12.407108239095315, "incidence_dc": 3.101777059773829, "population": 386875, "taux_positivite": 1.9, "incidence_rea": 6.203554119547658, "incidence_evol": -15.44}, "Guyane": {"incidence_cas": 175, "incidence_hosp": 23.62975977681311, "incidence_dc": 3.430126419214806, "population": 262381, "taux_positivite": 8.5, "incidence_rea": 4.954627049976942, "incidence_evol": -24.24}, "La R\u00e9union": {"incidence_cas": 59, "incidence_hosp": 0.4646321971527339, "incidence_dc": 0.23231609857636695, "population": 860896, "taux_positivite": 2.3, "incidence_rea": 0.11615804928818348, "incidence_evol": 110.71}, "Mayotte": {"incidence_cas": 28, "incidence_hosp": 2.5890254908052612, "incidence_dc": 1.1095823532022546, "population": 270372, "taux_positivite": 2.5, "incidence_rea": 0.7397215688015031, "incidence_evol": 55.56}}, "donnees_france": {"incidence_cas": 58.67392227325652, "incidence_hosp": 2.290099254272462, "incidence_dc": 0.2562765593590523, "population": "67114995", "incidence_rea": 0.5810921985466884}, "date_donnees": "29/10", "date_update": "01/11"}