{"liste_regions": ["Auvergne-Rh\u00f4ne-Alpes", "Hauts-de-France", "Provence-Alpes-C\u00f4te d'Azur", "Grand Est", "Occitanie", "Normandie", "Nouvelle-Aquitaine", "Centre", "Bourgogne-Franche-Comt\u00e9", "Bretagne", "Corse", "Pays de la Loire", "Ile-de-France", "Guadeloupe", "Martinique", "Guyane", "La R\u00e9union", "Mayotte"], "donnees_regions": {"Auvergne-Rh\u00f4ne-Alpes": {"incidence_cas": 367, "incidence_hosp": 14.72249035137801, "incidence_dc": 1.14012551542658, "population": 8069287, "taux_positivite": 20.6, "incidence_rea": 1.3631935510535194, "incidence_evol": -32.78}, "Hauts-de-France": {"incidence_cas": 446, "incidence_hosp": 10.48099938700052, "incidence_dc": 1.2590280074868019, "population": 6115829, "taux_positivite": 21.1, "incidence_rea": 1.5042932037504646, "incidence_evol": -15.53}, "Provence-Alpes-C\u00f4te d'Azur": {"incidence_cas": 415, "incidence_hosp": 9.546252477164126, "incidence_dc": 0.8839122664040857, "population": 5091003, "taux_positivite": 15.2, "incidence_rea": 0.6285598338873498, "incidence_evol": -28.2}, "Grand Est": {"incidence_cas": 438, "incidence_hosp": 8.449764040339174, "incidence_dc": 1.1442388804625965, "population": 5680632, "taux_positivite": 18.9, "incidence_rea": 0.9858058047062368, "incidence_evol": -22.06}, "Occitanie": {"incidence_cas": 359, "incidence_hosp": 8.134208693693434, "incidence_dc": 1.2175946485362314, "population": 5913298, "taux_positivite": 18.8, "incidence_rea": 1.1499505013953297, "incidence_evol": -35.55}, "Normandie": {"incidence_cas": 450, "incidence_hosp": 12.550849181699228, "incidence_dc": 0.9340166832892448, "population": 3426063, "taux_positivite": 24.3, "incidence_rea": 0.6421364697613557, "incidence_evol": -20.63}, "Nouvelle-Aquitaine": {"incidence_cas": 312, "incidence_hosp": 6.835251980328969, "incidence_dc": 0.8564653083785695, "population": 6071466, "taux_positivite": 20.1, "incidence_rea": 0.7082309280822786, "incidence_evol": -31.73}, "Centre": {"incidence_cas": 447, "incidence_hosp": 15.109494730941451, "incidence_dc": 1.0198908943385478, "population": 2647342, "taux_positivite": 25.7, "incidence_rea": 1.586496946748852, "incidence_evol": -23.46}, "Bourgogne-Franche-Comt\u00e9": {"incidence_cas": 413, "incidence_hosp": 12.7377615071044, "incidence_dc": 1.4803344454202412, "population": 2904749, "taux_positivite": 23.5, "incidence_rea": 0.929512326194105, "incidence_evol": -30.35}, "Bretagne": {"incidence_cas": 490, "incidence_hosp": 10.168874049210277, "incidence_dc": 0.9137249145667206, "population": 3392706, "taux_positivite": 28.6, "incidence_rea": 0.854774920078545, "incidence_evol": -20.45}, "Corse": {"incidence_cas": 431, "incidence_hosp": 12.623112919756073, "incidence_dc": 2.103852153292679, "population": 332723, "taux_positivite": 18.0, "incidence_rea": 1.803301845679439, "incidence_evol": -43.36}, "Pays de la Loire": {"incidence_cas": 442, "incidence_hosp": 9.29181210751909, "incidence_dc": 0.7852235583818952, "population": 3820568, "taux_positivite": 26.7, "incidence_rea": 1.1516612189601128, "incidence_evol": -17.84}, "Ile-de-France": {"incidence_cas": 272, "incidence_hosp": 6.999911519809995, "incidence_dc": 0.7523269390449995, "population": 12228726, "taux_positivite": 12.4, "incidence_rea": 0.9894734741787492, "incidence_evol": -32.17}, "Guadeloupe": {"incidence_cas": 684, "incidence_hosp": 8.898952395548546, "incidence_dc": 0.0, "population": 404542, "taux_positivite": 17.5, "incidence_rea": 1.7303518546899952, "incidence_evol": 0.15}, "Martinique": {"incidence_cas": 932, "incidence_hosp": 6.462035541195476, "incidence_dc": 0.25848142164781907, "population": 386875, "taux_positivite": 22.4, "incidence_rea": 0.7754442649434572, "incidence_evol": 62.09}, "Guyane": {"incidence_cas": 145, "incidence_hosp": 2.6678761038337377, "incidence_dc": 0.0, "population": 262381, "taux_positivite": 9.8, "incidence_rea": 0.0, "incidence_evol": -5.84}, "La R\u00e9union": {"incidence_cas": 959, "incidence_hosp": 12.196595175259265, "incidence_dc": 0.5807902464409174, "population": 860896, "taux_positivite": 31.3, "incidence_rea": 0.8131063450172844, "incidence_evol": -26.57}, "Mayotte": {"incidence_cas": 26, "incidence_hosp": 0.0, "incidence_dc": 0.0, "population": 270372, "taux_positivite": 2.7, "incidence_rea": 0.0, "incidence_evol": -18.75}}, "donnees_france": {"incidence_cas": 404.30309202883797, "incidence_hosp": 9.926246735174457, "incidence_dc": 0.9997765774995587, "population": "67114995", "incidence_rea": 1.056395817357954}, "date_donnees": "08/05", "date_update": "11/05"}