{"liste_regions": ["Auvergne-Rh\u00f4ne-Alpes", "Hauts-de-France", "Provence-Alpes-C\u00f4te d'Azur", "Grand Est", "Occitanie", "Normandie", "Nouvelle-Aquitaine", "Centre", "Bourgogne-Franche-Comt\u00e9", "Bretagne", "Corse", "Pays de la Loire", "Ile-de-France", "Guadeloupe", "Martinique", "Guyane", "La R\u00e9union", "Mayotte"], "donnees_regions": {"Auvergne-Rh\u00f4ne-Alpes": {"incidence_cas": 240, "incidence_hosp": 3.9656539667011472, "incidence_dc": 0.3965653966701147, "population": 8069287, "taux_positivite": 18.5, "incidence_rea": 0.4461360712538791, "incidence_evol": 28.34}, "Hauts-de-France": {"incidence_cas": 274, "incidence_hosp": 4.970707977610231, "incidence_dc": 0.4905303925273254, "population": 6115829, "taux_positivite": 17.6, "incidence_rea": 0.7357955887909882, "incidence_evol": 35.64}, "Provence-Alpes-C\u00f4te d'Azur": {"incidence_cas": 252, "incidence_hosp": 5.264188608806555, "incidence_dc": 0.3535649065616343, "population": 5091003, "taux_positivite": 13.3, "incidence_rea": 0.6678448235053093, "incidence_evol": 24.14}, "Grand Est": {"incidence_cas": 241, "incidence_hosp": 4.260089370337667, "incidence_dc": 0.38728085184887884, "population": 5680632, "taux_positivite": 15.9, "incidence_rea": 0.38728085184887884, "incidence_evol": 24.23}, "Occitanie": {"incidence_cas": 294, "incidence_hosp": 4.210848159521134, "incidence_dc": 0.388953846060185, "population": 5913298, "taux_positivite": 18.9, "incidence_rea": 0.659530434623792, "incidence_evol": 33.64}, "Normandie": {"incidence_cas": 280, "incidence_hosp": 5.779228227852202, "incidence_dc": 0.583760427055778, "population": 3426063, "taux_positivite": 21.9, "incidence_rea": 0.32106823488067787, "incidence_evol": 32.08}, "Nouvelle-Aquitaine": {"incidence_cas": 275, "incidence_hosp": 4.677618222682956, "incidence_dc": 0.46117362758846053, "population": 6071466, "taux_positivite": 21.4, "incidence_rea": 0.32940973399175755, "incidence_evol": 32.85}, "Centre": {"incidence_cas": 282, "incidence_hosp": 4.532848419282435, "incidence_dc": 0.6799272628923653, "population": 2647342, "taux_positivite": 22.3, "incidence_rea": 0.5666060524103044, "incidence_evol": 32.39}, "Bourgogne-Franche-Comt\u00e9": {"incidence_cas": 235, "incidence_hosp": 6.059043311487499, "incidence_dc": 0.6541012665810367, "population": 2904749, "taux_positivite": 18.4, "incidence_rea": 0.5852485016777698, "incidence_evol": 29.12}, "Bretagne": {"incidence_cas": 330, "incidence_hosp": 5.7770994598412, "incidence_dc": 0.3831749641731409, "population": 3392706, "taux_positivite": 26.0, "incidence_rea": 0.2947499724408776, "incidence_evol": 25.95}, "Corse": {"incidence_cas": 253, "incidence_hosp": 6.011006152264797, "incidence_dc": 0.30055030761323986, "population": 332723, "taux_positivite": 16.2, "incidence_rea": 0.30055030761323986, "incidence_evol": 30.41}, "Pays de la Loire": {"incidence_cas": 297, "incidence_hosp": 4.999256655031399, "incidence_dc": 0.18321883028910885, "population": 3820568, "taux_positivite": 25.0, "incidence_rea": 0.5758306094800564, "incidence_evol": 29.13}, "Ile-de-France": {"incidence_cas": 414, "incidence_hosp": 5.666984443023746, "incidence_dc": 0.21261413494749987, "population": 12228726, "taux_positivite": 18.4, "incidence_rea": 0.7523269390449995, "incidence_evol": 52.77}, "Guadeloupe": {"incidence_cas": 557, "incidence_hosp": 6.427021174562839, "incidence_dc": 0.0, "population": 404542, "taux_positivite": 17.4, "incidence_rea": 1.2359656104928536, "incidence_evol": -2.28}, "Martinique": {"incidence_cas": 2251, "incidence_hosp": 16.2843295638126, "incidence_dc": 2.0678513731825525, "population": 386875, "taux_positivite": 35.5, "incidence_rea": 2.5848142164781907, "incidence_evol": -1.7}, "Guyane": {"incidence_cas": 281, "incidence_hosp": 11.814879888406555, "incidence_dc": 0.381125157690534, "population": 262381, "taux_positivite": 18.9, "incidence_rea": 1.143375473071602, "incidence_evol": -3.77}, "La R\u00e9union": {"incidence_cas": 179, "incidence_hosp": 4.646321971527339, "incidence_dc": 0.5807902464409174, "population": 860896, "taux_positivite": 12.7, "incidence_rea": 0.3484741478645504, "incidence_evol": -22.17}, "Mayotte": {"incidence_cas": 25, "incidence_hosp": 0.0, "incidence_dc": 0.0, "population": 270372, "taux_positivite": 3.0, "incidence_rea": 0.0, "incidence_evol": -26.47}}, "donnees_france": {"incidence_cas": 322.22158401412383, "incidence_hosp": 5.097221567251848, "incidence_dc": 0.40378457899013476, "population": "67114995", "incidence_rea": 0.5736422985653206}, "date_donnees": "12/06", "date_update": "15/06"}