{"liste_regions": ["Auvergne-Rh\u00f4ne-Alpes", "Hauts-de-France", "Provence-Alpes-C\u00f4te d'Azur", "Grand Est", "Occitanie", "Normandie", "Nouvelle-Aquitaine", "Centre", "Bourgogne-Franche-Comt\u00e9", "Bretagne", "Corse", "Pays de la Loire", "Ile-de-France", "Guadeloupe", "Martinique", "Guyane", "La R\u00e9union", "Mayotte"], "donnees_regions": {"Auvergne-Rh\u00f4ne-Alpes": {"incidence_cas": 407, "incidence_hosp": 16.519427305039464, "incidence_dc": 1.0038061603212278, "population": 8069287, "taux_positivite": 22.1, "incidence_rea": 1.5986542553264, "incidence_evol": -35.8}, "Hauts-de-France": {"incidence_cas": 450, "incidence_hosp": 11.216794975791508, "incidence_dc": 1.6023992822559299, "population": 6115829, "taux_positivite": 21.4, "incidence_rea": 1.3407830729080228, "incidence_evol": -26.59}, "Provence-Alpes-C\u00f4te d'Azur": {"incidence_cas": 445, "incidence_hosp": 10.901584618983724, "incidence_dc": 1.1392646989208217, "population": 5091003, "taux_positivite": 16.1, "incidence_rea": 1.0999797093028623, "incidence_evol": -32.47}, "Grand Est": {"incidence_cas": 459, "incidence_hosp": 10.843863851768607, "incidence_dc": 1.0738241801264365, "population": 5680632, "taux_positivite": 19.5, "incidence_rea": 0.9329947794541171, "incidence_evol": -28.28}, "Occitanie": {"incidence_cas": 408, "incidence_hosp": 9.081226753666058, "incidence_dc": 1.1668615381805552, "population": 5913298, "taux_positivite": 19.8, "incidence_rea": 0.8624628760464973, "incidence_evol": -35.55}, "Normandie": {"incidence_cas": 469, "incidence_hosp": 13.01785752334385, "incidence_dc": 1.1091448114059783, "population": 3426063, "taux_positivite": 25.0, "incidence_rea": 0.7297005338197226, "incidence_evol": -29.79}, "Nouvelle-Aquitaine": {"incidence_cas": 346, "incidence_hosp": 7.938774589201357, "incidence_dc": 1.0046996886748605, "population": 6071466, "taux_positivite": 21.5, "incidence_rea": 0.6752899546831029, "incidence_evol": -34.59}, "Centre": {"incidence_cas": 476, "incidence_hosp": 16.507122993553534, "incidence_dc": 1.1332121048206087, "population": 2647342, "taux_positivite": 26.9, "incidence_rea": 1.3976282626120842, "incidence_evol": -26.88}, "Bourgogne-Franche-Comt\u00e9": {"incidence_cas": 460, "incidence_hosp": 14.39022786478281, "incidence_dc": 1.5147608278718747, "population": 2904749, "taux_positivite": 25.4, "incidence_rea": 0.929512326194105, "incidence_evol": -32.35}, "Bretagne": {"incidence_cas": 506, "incidence_hosp": 11.878423889367367, "incidence_dc": 1.2674248814957736, "population": 3392706, "taux_positivite": 29.0, "incidence_rea": 1.1200498952753348, "incidence_evol": -28.93}, "Corse": {"incidence_cas": 480, "incidence_hosp": 10.218710458850154, "incidence_dc": 1.2022012304529595, "population": 332723, "taux_positivite": 18.6, "incidence_rea": 0.9016509228397195, "incidence_evol": -46.37}, "Pays de la Loire": {"incidence_cas": 455, "incidence_hosp": 9.344160344744552, "incidence_dc": 0.8113976769946248, "population": 3820568, "taux_positivite": 27.4, "incidence_rea": 1.1516612189601128, "incidence_evol": -26.14}, "Ile-de-France": {"incidence_cas": 294, "incidence_hosp": 7.196170721299995, "incidence_dc": 0.8831664067049994, "population": 12228726, "taux_positivite": 12.5, "incidence_rea": 1.0630706747374992, "incidence_evol": -38.88}, "Guadeloupe": {"incidence_cas": 676, "incidence_hosp": 6.179828052464268, "incidence_dc": 0.0, "population": 404542, "taux_positivite": 17.7, "incidence_rea": 1.7303518546899952, "incidence_evol": -2.31}, "Martinique": {"incidence_cas": 809, "incidence_hosp": 4.652665589660743, "incidence_dc": 0.0, "population": 386875, "taux_positivite": 20.7, "incidence_rea": 0.5169628432956381, "incidence_evol": 41.93}, "Guyane": {"incidence_cas": 150, "incidence_hosp": 2.6678761038337377, "incidence_dc": 0.381125157690534, "population": 262381, "taux_positivite": 9.1, "incidence_rea": 0.0, "incidence_evol": -1.96}, "La R\u00e9union": {"incidence_cas": 1061, "incidence_hosp": 15.681336653904768, "incidence_dc": 0.5807902464409174, "population": 860896, "taux_positivite": 32.6, "incidence_rea": 1.5100546407463853, "incidence_evol": -25.54}, "Mayotte": {"incidence_cas": 24, "incidence_hosp": 0.0, "incidence_dc": 0.0, "population": 270372, "taux_positivite": 2.5, "incidence_rea": 0.0, "incidence_evol": -25.0}}, "donnees_france": {"incidence_cas": 432.2282971189971, "incidence_hosp": 10.979662592539864, "incidence_dc": 1.0906653572722458, "population": "67114995", "incidence_rea": 1.0996052372498872}, "date_donnees": "05/05", "date_update": "08/05"}