{"liste_regions": ["Auvergne-Rh\u00f4ne-Alpes", "Hauts-de-France", "Provence-Alpes-C\u00f4te d'Azur", "Grand Est", "Occitanie", "Normandie", "Nouvelle-Aquitaine", "Centre", "Bourgogne-Franche-Comt\u00e9", "Bretagne", "Corse", "Pays de la Loire", "Ile-de-France", "Guadeloupe", "Martinique", "Guyane", "La R\u00e9union", "Mayotte"], "donnees_regions": {"Auvergne-Rh\u00f4ne-Alpes": {"incidence_cas": 141, "incidence_hosp": 4.349826694725321, "incidence_dc": 0.5204920831295256, "population": 8069287, "taux_positivite": 4.8, "incidence_rea": 1.0161988289671688, "incidence_evol": 51.61}, "Hauts-de-France": {"incidence_cas": 126, "incidence_hosp": 4.480177585082905, "incidence_dc": 0.45782836635883706, "population": 6115829, "taux_positivite": 4.1, "incidence_rea": 0.9647097719704066, "incidence_evol": 35.48}, "Provence-Alpes-C\u00f4te d'Azur": {"incidence_cas": 173, "incidence_hosp": 7.032013141614727, "incidence_dc": 0.5107048650334718, "population": 5091003, "taux_positivite": 4.1, "incidence_rea": 1.1392646989208217, "incidence_evol": 53.1}, "Grand Est": {"incidence_cas": 135, "incidence_hosp": 4.418522446094026, "incidence_dc": 0.40488452693291876, "population": 5680632, "taux_positivite": 3.9, "incidence_rea": 1.0210131548743169, "incidence_evol": 48.35}, "Occitanie": {"incidence_cas": 127, "incidence_hosp": 4.684357189507446, "incidence_dc": 0.40586488284541045, "population": 5913298, "taux_positivite": 4.1, "incidence_rea": 1.4543491635293875, "incidence_evol": 47.67}, "Normandie": {"incidence_cas": 81, "incidence_hosp": 3.911194861273713, "incidence_dc": 0.5253843843502002, "population": 3426063, "taux_positivite": 3.0, "incidence_rea": 0.6713244911141447, "incidence_evol": 44.64}, "Nouvelle-Aquitaine": {"incidence_cas": 134, "incidence_hosp": 4.578795302485429, "incidence_dc": 0.2799982738929939, "population": 6071466, "taux_positivite": 4.7, "incidence_rea": 1.1529340689711514, "incidence_evol": 50.56}, "Centre": {"incidence_cas": 107, "incidence_hosp": 5.061680734865385, "incidence_dc": 0.45328484192824353, "population": 2647342, "taux_positivite": 4.6, "incidence_rea": 1.4354019994394378, "incidence_evol": 35.44}, "Bourgogne-Franche-Comt\u00e9": {"incidence_cas": 103, "incidence_hosp": 4.372150571357456, "incidence_dc": 0.6196748841294033, "population": 2904749, "taux_positivite": 3.7, "incidence_rea": 0.7229540314843038, "incidence_evol": 39.19}, "Bretagne": {"incidence_cas": 110, "incidence_hosp": 3.743324649999145, "incidence_dc": 0.3536999669290531, "population": 3392706, "taux_positivite": 4.2, "incidence_rea": 0.6779249366140184, "incidence_evol": 29.41}, "Corse": {"incidence_cas": 226, "incidence_hosp": 6.3115564598780365, "incidence_dc": 0.9016509228397195, "population": 332723, "taux_positivite": 4.6, "incidence_rea": 0.9016509228397195, "incidence_evol": 58.04}, "Pays de la Loire": {"incidence_cas": 156, "incidence_hosp": 5.810654332026023, "incidence_dc": 0.628178846705516, "population": 3820568, "taux_positivite": 5.1, "incidence_rea": 1.3872282864746812, "incidence_evol": 36.84}, "Ile-de-France": {"incidence_cas": 126, "incidence_hosp": 4.432186966982497, "incidence_dc": 0.46611560353874965, "population": 12228726, "taux_positivite": 3.4, "incidence_rea": 0.9976509409074994, "incidence_evol": 28.57}, "Guadeloupe": {"incidence_cas": 56, "incidence_hosp": 5.685441808267127, "incidence_dc": 0.49438624419714144, "population": 404542, "taux_positivite": 1.3, "incidence_rea": 1.4831587325914244, "incidence_evol": -12.5}, "Martinique": {"incidence_cas": 132, "incidence_hosp": 13.699515347334412, "incidence_dc": 2.0678513731825525, "population": 386875, "taux_positivite": 2.2, "incidence_rea": 3.360258481421648, "incidence_evol": 3.12}, "Guyane": {"incidence_cas": 76, "incidence_hosp": 9.909254099953884, "incidence_dc": 0.381125157690534, "population": 262381, "taux_positivite": 3.9, "incidence_rea": 0.762250315381068, "incidence_evol": -44.12}, "La R\u00e9union": {"incidence_cas": 194, "incidence_hosp": 5.34327026725644, "incidence_dc": 0.4646321971527339, "population": 860896, "taux_positivite": 4.7, "incidence_rea": 0.8131063450172844, "incidence_evol": 32.88}, "Mayotte": {"incidence_cas": 31, "incidence_hosp": 1.1095823532022546, "incidence_dc": 0.0, "population": 270372, "taux_positivite": 2.1, "incidence_rea": 0.0, "incidence_evol": -34.04}}, "donnees_france": {"incidence_cas": 131.7544611304821, "incidence_hosp": 4.83796504790025, "incidence_dc": 0.47530361881126565, "population": "67114995", "incidence_rea": 1.0787455173020575}, "date_donnees": "16/11", "date_update": "19/11"}