{"liste_regions": ["Auvergne-Rh\u00f4ne-Alpes", "Hauts-de-France", "Provence-Alpes-C\u00f4te d'Azur", "Grand Est", "Occitanie", "Normandie", "Nouvelle-Aquitaine", "Centre", "Bourgogne-Franche-Comt\u00e9", "Bretagne", "Corse", "Pays de la Loire", "Ile-de-France", "Guadeloupe", "Martinique", "Guyane", "La R\u00e9union", "Mayotte"], "donnees_regions": {"Auvergne-Rh\u00f4ne-Alpes": {"incidence_cas": 68, "incidence_hosp": 3.0114184809636835, "incidence_dc": 0.29742404750258605, "population": 8069287, "taux_positivite": 2.9, "incidence_rea": 0.731167450110524, "incidence_evol": 28.3}, "Hauts-de-France": {"incidence_cas": 69, "incidence_hosp": 3.3846597084385457, "incidence_dc": 0.4251263401903487, "population": 6115829, "taux_positivite": 3.2, "incidence_rea": 0.89930571963343, "incidence_evol": 32.69}, "Provence-Alpes-C\u00f4te d'Azur": {"incidence_cas": 86, "incidence_hosp": 4.498131311256348, "incidence_dc": 0.5107048650334718, "population": 5091003, "taux_positivite": 2.3, "incidence_rea": 0.8839122664040857, "incidence_evol": 13.16}, "Grand Est": {"incidence_cas": 69, "incidence_hosp": 2.3588924612613527, "incidence_dc": 0.2816588013446391, "population": 5680632, "taux_positivite": 2.6, "incidence_rea": 0.5985249528573581, "incidence_evol": 40.82}, "Occitanie": {"incidence_cas": 64, "incidence_hosp": 1.978591303871376, "incidence_dc": 0.388953846060185, "population": 5913298, "taux_positivite": 2.5, "incidence_rea": 0.6933525081942429, "incidence_evol": 25.49}, "Normandie": {"incidence_cas": 43, "incidence_hosp": 2.7144859858093677, "incidence_dc": 0.3794442775862557, "population": 3426063, "taux_positivite": 2.4, "incidence_rea": 0.583760427055778, "incidence_evol": 22.86}, "Nouvelle-Aquitaine": {"incidence_cas": 69, "incidence_hosp": 3.574095613810569, "incidence_dc": 0.5929375211851635, "population": 6071466, "taux_positivite": 3.2, "incidence_rea": 1.0211701753744482, "incidence_evol": 25.45}, "Centre": {"incidence_cas": 64, "incidence_hosp": 3.6262787354259483, "incidence_dc": 0.33996363144618263, "population": 2647342, "taux_positivite": 3.5, "incidence_rea": 1.0954383679932551, "incidence_evol": 23.08}, "Bourgogne-Franche-Comt\u00e9": {"incidence_cas": 60, "incidence_hosp": 3.408211862711718, "incidence_dc": 0.2409846771614346, "population": 2904749, "taux_positivite": 2.8, "incidence_rea": 0.6885276490326703, "incidence_evol": 53.85}, "Bretagne": {"incidence_cas": 64, "incidence_hosp": 3.183299702361478, "incidence_dc": 0.23579997795270208, "population": 3392706, "taux_positivite": 3.3, "incidence_rea": 0.47159995590540416, "incidence_evol": 28.0}, "Corse": {"incidence_cas": 107, "incidence_hosp": 4.808804921811838, "incidence_dc": 0.30055030761323986, "population": 332723, "taux_positivite": 2.4, "incidence_rea": 1.5027515380661993, "incidence_evol": 24.42}, "Pays de la Loire": {"incidence_cas": 91, "incidence_hosp": 4.371077808325882, "incidence_dc": 0.7328753211564354, "population": 3820568, "taux_positivite": 4.1, "incidence_rea": 0.9160941514455442, "incidence_evol": 16.67}, "Ile-de-France": {"incidence_cas": 80, "incidence_hosp": 3.655327627751247, "incidence_dc": 0.36798600279374977, "population": 12228726, "taux_positivite": 2.5, "incidence_rea": 1.0467157412799992, "incidence_evol": 12.68}, "Guadeloupe": {"incidence_cas": 49, "incidence_hosp": 2.7191243430842778, "incidence_dc": 0.0, "population": 404542, "taux_positivite": 1.3, "incidence_rea": 0.7415793662957122, "incidence_evol": -2.0}, "Martinique": {"incidence_cas": 90, "incidence_hosp": 13.699515347334412, "incidence_dc": 2.8432956381260097, "population": 386875, "taux_positivite": 1.9, "incidence_rea": 4.652665589660743, "incidence_evol": -22.41}, "Guyane": {"incidence_cas": 135, "incidence_hosp": 16.769506938383497, "incidence_dc": 2.286750946143204, "population": 262381, "taux_positivite": 6.3, "incidence_rea": 1.143375473071602, "incidence_evol": -23.73}, "La R\u00e9union": {"incidence_cas": 93, "incidence_hosp": 2.207002936475486, "incidence_dc": 0.0, "population": 860896, "taux_positivite": 3.5, "incidence_rea": 0.6969482957291008, "incidence_evol": 60.34}, "Mayotte": {"incidence_cas": 42, "incidence_hosp": 1.4794431376030062, "incidence_dc": 0.0, "population": 270372, "taux_positivite": 3.4, "incidence_rea": 0.36986078440075154, "incidence_evol": 50.0}}, "donnees_france": {"incidence_cas": 72.554575918541, "incidence_hosp": 3.4329139114142824, "incidence_dc": 0.4157044189603233, "population": "67114995", "incidence_rea": 0.8641883978386649}, "date_donnees": "05/11", "date_update": "08/11"}