{"liste_regions": ["Auvergne-Rh\u00f4ne-Alpes", "Hauts-de-France", "Provence-Alpes-C\u00f4te d'Azur", "Grand Est", "Occitanie", "Normandie", "Nouvelle-Aquitaine", "Centre", "Bourgogne-Franche-Comt\u00e9", "Bretagne", "Corse", "Pays de la Loire", "Ile-de-France", "Guadeloupe", "Martinique", "Guyane", "La R\u00e9union", "Mayotte"], "donnees_regions": {"Auvergne-Rh\u00f4ne-Alpes": {"incidence_cas": 868, "incidence_hosp": 13.297333457094783, "incidence_dc": 0.6939894441727007, "population": 8069287, "taux_positivite": 33.4, "incidence_rea": 0.9418428170915224, "incidence_evol": -23.59}, "Hauts-de-France": {"incidence_cas": 855, "incidence_hosp": 15.239144194515575, "incidence_dc": 1.0301138243073833, "population": 6115829, "taux_positivite": 31.1, "incidence_rea": 1.5369952299189529, "incidence_evol": -30.15}, "Provence-Alpes-C\u00f4te d'Azur": {"incidence_cas": 1015, "incidence_hosp": 23.963843666955217, "incidence_dc": 1.3553321418195983, "population": 5091003, "taux_positivite": 27.6, "incidence_rea": 1.7678245328081714, "incidence_evol": -20.27}, "Grand Est": {"incidence_cas": 850, "incidence_hosp": 13.02671956218956, "incidence_dc": 0.7745617036977577, "population": 5680632, "taux_positivite": 30.2, "incidence_rea": 1.0914278552104766, "incidence_evol": -17.32}, "Occitanie": {"incidence_cas": 1032, "incidence_hosp": 15.71035317347443, "incidence_dc": 1.3697939796032603, "population": 5913298, "taux_positivite": 34.6, "incidence_rea": 2.2660789292202086, "incidence_evol": -25.38}, "Normandie": {"incidence_cas": 763, "incidence_hosp": 15.878283615917162, "incidence_dc": 1.2550849181699226, "population": 3426063, "taux_positivite": 35.5, "incidence_rea": 0.6421364697613557, "incidence_evol": -30.0}, "Nouvelle-Aquitaine": {"incidence_cas": 919, "incidence_hosp": 13.505799093662057, "incidence_dc": 1.2517569891686784, "population": 6071466, "taux_positivite": 39.0, "incidence_rea": 1.2352865024690907, "incidence_evol": -34.87}, "Centre": {"incidence_cas": 824, "incidence_hosp": 14.505114941703793, "incidence_dc": 1.1332121048206087, "population": 2647342, "taux_positivite": 36.4, "incidence_rea": 1.3976282626120842, "incidence_evol": -33.12}, "Bourgogne-Franche-Comt\u00e9": {"incidence_cas": 840, "incidence_hosp": 18.177129934462496, "incidence_dc": 1.2393497682588066, "population": 2904749, "taux_positivite": 34.9, "incidence_rea": 1.4803344454202412, "incidence_evol": -25.0}, "Bretagne": {"incidence_cas": 853, "incidence_hosp": 16.741798434641847, "incidence_dc": 1.4147998677162124, "population": 3392706, "taux_positivite": 41.6, "incidence_rea": 1.4442748649603, "incidence_evol": -40.76}, "Corse": {"incidence_cas": 1072, "incidence_hosp": 15.929166303501713, "incidence_dc": 2.103852153292679, "population": 332723, "taux_positivite": 30.2, "incidence_rea": 1.5027515380661993, "incidence_evol": -16.18}, "Pays de la Loire": {"incidence_cas": 830, "incidence_hosp": 11.150174529022909, "incidence_dc": 0.9946165072837337, "population": 3820568, "taux_positivite": 39.8, "incidence_rea": 1.3087059306364917, "incidence_evol": -42.36}, "Ile-de-France": {"incidence_cas": 720, "incidence_hosp": 13.803563838129989, "incidence_dc": 0.9404086738062493, "population": 12228726, "taux_positivite": 22.8, "incidence_rea": 1.5618961451912488, "incidence_evol": -42.63}, "Guadeloupe": {"incidence_cas": 999, "incidence_hosp": 13.101235471224248, "incidence_dc": 1.2359656104928536, "population": 404542, "taux_positivite": 20.2, "incidence_rea": 2.2247380988871366, "incidence_evol": -4.95}, "Martinique": {"incidence_cas": 525, "incidence_hosp": 12.148626817447497, "incidence_dc": 2.8432956381260097, "population": 386875, "taux_positivite": 14.5, "incidence_rea": 2.0678513731825525, "incidence_evol": -26.57}, "Guyane": {"incidence_cas": 333, "incidence_hosp": 18.29400756914563, "incidence_dc": 0.762250315381068, "population": 262381, "taux_positivite": 15.8, "incidence_rea": 1.143375473071602, "incidence_evol": -17.78}, "La R\u00e9union": {"incidence_cas": 511, "incidence_hosp": 12.312753224547448, "incidence_dc": 1.1615804928818347, "population": 860896, "taux_positivite": 23.7, "incidence_rea": 0.8131063450172844, "incidence_evol": 19.11}, "Mayotte": {"incidence_cas": 80, "incidence_hosp": 3.6986078440075154, "incidence_dc": 0.0, "population": 270372, "taux_positivite": 5.6, "incidence_rea": 0.0, "incidence_evol": -5.88}}, "donnees_france": {"incidence_cas": 911.2747456809019, "incidence_hosp": 15.151606582105833, "incidence_dc": 1.093645317264793, "population": "67114995", "incidence_rea": 1.4229308964412497}, "date_donnees": "18/07", "date_update": "21/07"}