{"liste_regions": ["Auvergne-Rh\u00f4ne-Alpes", "Hauts-de-France", "Provence-Alpes-C\u00f4te d'Azur", "Grand Est", "Occitanie", "Normandie", "Nouvelle-Aquitaine", "Centre", "Bourgogne-Franche-Comt\u00e9", "Bretagne", "Corse", "Pays de la Loire", "Ile-de-France", "Guadeloupe", "Martinique", "Guyane", "La R\u00e9union", "Mayotte"], "donnees_regions": {"Auvergne-Rh\u00f4ne-Alpes": {"incidence_cas": 576, "incidence_hosp": 11.859783894165618, "incidence_dc": 1.1277328467806387, "population": 8069287, "taux_positivite": 7.7, "incidence_rea": 2.453748391896335, "incidence_evol": 56.52}, "Hauts-de-France": {"incidence_cas": 399, "incidence_hosp": 7.19444575706744, "incidence_dc": 0.7684976149594764, "population": 6115829, "taux_positivite": 5.7, "incidence_rea": 2.19103575328872, "incidence_evol": 38.54}, "Provence-Alpes-C\u00f4te d'Azur": {"incidence_cas": 557, "incidence_hosp": 17.167540463048244, "incidence_dc": 1.5124721002914359, "population": 5091003, "taux_positivite": 6.5, "incidence_rea": 3.2802966330996073, "incidence_evol": 42.46}, "Grand Est": {"incidence_cas": 435, "incidence_hosp": 11.759254956138683, "incidence_dc": 1.0210131548743169, "population": 5680632, "taux_positivite": 5.8, "incidence_rea": 2.165252035336913, "incidence_evol": 46.96}, "Occitanie": {"incidence_cas": 476, "incidence_hosp": 10.958351836826083, "incidence_dc": 1.082306354254428, "population": 5913298, "taux_positivite": 6.5, "incidence_rea": 2.8072321063474224, "incidence_evol": 52.56}, "Normandie": {"incidence_cas": 230, "incidence_hosp": 6.975937103316547, "incidence_dc": 0.904828661936456, "population": 3426063, "taux_positivite": 4.2, "incidence_rea": 1.167520854111556, "incidence_evol": 32.95}, "Nouvelle-Aquitaine": {"incidence_cas": 413, "incidence_hosp": 7.67524680200795, "incidence_dc": 0.7741128748806302, "population": 6071466, "taux_positivite": 6.3, "incidence_rea": 1.4658733162633208, "incidence_evol": 44.41}, "Centre": {"incidence_cas": 295, "incidence_hosp": 7.328104944506603, "incidence_dc": 0.9443434206838407, "population": 2647342, "taux_positivite": 5.8, "incidence_rea": 1.3598545257847305, "incidence_evol": 44.61}, "Bourgogne-Franche-Comt\u00e9": {"incidence_cas": 464, "incidence_hosp": 13.185304478975635, "incidence_dc": 1.411481680516974, "population": 2904749, "taux_positivite": 7.1, "incidence_rea": 2.134435712001278, "incidence_evol": 60.0}, "Bretagne": {"incidence_cas": 286, "incidence_hosp": 5.600249476376674, "incidence_dc": 0.5305499503935797, "population": 3392706, "taux_positivite": 5.1, "incidence_rea": 0.7073999338581062, "incidence_evol": 39.51}, "Corse": {"incidence_cas": 435, "incidence_hosp": 15.027515380661992, "incidence_dc": 3.3060533837456383, "population": 332723, "taux_positivite": 5.6, "incidence_rea": 2.404402460905919, "incidence_evol": 17.57}, "Pays de la Loire": {"incidence_cas": 359, "incidence_hosp": 9.030070921391793, "incidence_dc": 0.8899200328328144, "population": 3820568, "taux_positivite": 5.7, "incidence_rea": 2.093929489018387, "incidence_evol": 40.23}, "Ile-de-France": {"incidence_cas": 426, "incidence_hosp": 9.534926205722494, "incidence_dc": 1.0058284076362494, "population": 12228726, "taux_positivite": 5.2, "incidence_rea": 2.4695949520824985, "incidence_evol": 46.39}, "Guadeloupe": {"incidence_cas": 36, "incidence_hosp": 3.2135105872814194, "incidence_dc": 2.2247380988871366, "population": 404542, "taux_positivite": 1.6, "incidence_rea": 1.2359656104928536, "incidence_evol": -18.18}, "Martinique": {"incidence_cas": 178, "incidence_hosp": 14.733441033925688, "incidence_dc": 2.5848142164781907, "population": 386875, "taux_positivite": 4.5, "incidence_rea": 3.618739903069467, "incidence_evol": 24.48}, "Guyane": {"incidence_cas": 86, "incidence_hosp": 9.147003784572815, "incidence_dc": 0.762250315381068, "population": 262381, "taux_positivite": 3.4, "incidence_rea": 0.762250315381068, "incidence_evol": -5.49}, "La R\u00e9union": {"incidence_cas": 300, "incidence_hosp": 6.156376612273724, "incidence_dc": 0.6969482957291008, "population": 860896, "taux_positivite": 4.9, "incidence_rea": 0.5807902464409174, "incidence_evol": 20.0}, "Mayotte": {"incidence_cas": 26, "incidence_hosp": 0.7397215688015031, "incidence_dc": 0.0, "population": 270372, "taux_positivite": 1.4, "incidence_rea": 0.36986078440075154, "incidence_evol": 0.0}}, "donnees_france": {"incidence_cas": 430.6206087030179, "incidence_hosp": 10.085674594775728, "incidence_dc": 1.0340461174138507, "population": "67114995", "incidence_rea": 2.1694108745743033}, "date_donnees": "03/12", "date_update": "06/12"}