{"liste_regions": ["Auvergne-Rh\u00f4ne-Alpes", "Hauts-de-France", "Provence-Alpes-C\u00f4te d'Azur", "Grand Est", "Occitanie", "Normandie", "Nouvelle-Aquitaine", "Centre", "Bourgogne-Franche-Comt\u00e9", "Bretagne", "Corse", "Pays de la Loire", "Ile-de-France", "Guadeloupe", "Martinique", "Guyane", "La R\u00e9union", "Mayotte"], "donnees_regions": {"Auvergne-Rh\u00f4ne-Alpes": {"incidence_cas": 1227, "incidence_hosp": 14.177212930956602, "incidence_dc": 1.1153401781346977, "population": 8069287, "taux_positivite": 32.3, "incidence_rea": 1.0905548408428154, "incidence_evol": 3.63}, "Hauts-de-France": {"incidence_cas": 1494, "incidence_hosp": 18.65650592912261, "incidence_dc": 1.3898361121607554, "population": 6115829, "taux_positivite": 29.0, "incidence_rea": 2.0602276486147666, "incidence_evol": -6.21}, "Provence-Alpes-C\u00f4te d'Azur": {"incidence_cas": 1306, "incidence_hosp": 20.094272189586217, "incidence_dc": 1.3356896470106185, "population": 5091003, "taux_positivite": 25.4, "incidence_rea": 1.2571196677746996, "incidence_evol": -1.66}, "Grand Est": {"incidence_cas": 1464, "incidence_hosp": 20.402659422402298, "incidence_dc": 1.3906903316391557, "population": 5680632, "taux_positivite": 28.8, "incidence_rea": 1.7075564831518748, "incidence_evol": -12.49}, "Occitanie": {"incidence_cas": 1303, "incidence_hosp": 15.186111033132441, "incidence_dc": 0.6764414714090174, "population": 5913298, "taux_positivite": 30.2, "incidence_rea": 1.55581538424074, "incidence_evol": -3.41}, "Normandie": {"incidence_cas": 1683, "incidence_hosp": 22.270460292177933, "incidence_dc": 1.6053411744033894, "population": 3426063, "taux_positivite": 35.1, "incidence_rea": 0.875640640583667, "incidence_evol": -6.19}, "Nouvelle-Aquitaine": {"incidence_cas": 1087, "incidence_hosp": 14.592851215834859, "incidence_dc": 0.9058767684773332, "population": 6071466, "taux_positivite": 33.7, "incidence_rea": 1.185875042370327, "incidence_evol": -6.29}, "Centre": {"incidence_cas": 1471, "incidence_hosp": 15.222815941423512, "incidence_dc": 1.0954383679932551, "population": 2647342, "taux_positivite": 37.0, "incidence_rea": 1.6998181572309132, "incidence_evol": -1.28}, "Bourgogne-Franche-Comt\u00e9": {"incidence_cas": 1377, "incidence_hosp": 21.06894606039971, "incidence_dc": 1.136070620903906, "population": 2904749, "taux_positivite": 35.0, "incidence_rea": 2.0311565646463774, "incidence_evol": 0.66}, "Bretagne": {"incidence_cas": 1647, "incidence_hosp": 23.25577282558524, "incidence_dc": 1.3853248704721246, "population": 3392706, "taux_positivite": 39.5, "incidence_rea": 1.2968998787398613, "incidence_evol": -12.3}, "Corse": {"incidence_cas": 1875, "incidence_hosp": 25.847326454738628, "incidence_dc": 2.7049527685191586, "population": 332723, "taux_positivite": 28.7, "incidence_rea": 2.404402460905919, "incidence_evol": -3.35}, "Pays de la Loire": {"incidence_cas": 1426, "incidence_hosp": 13.976979339197731, "incidence_dc": 0.7590494397691652, "population": 3820568, "taux_positivite": 35.9, "incidence_rea": 1.0469647445091934, "incidence_evol": -2.6}, "Ile-de-France": {"incidence_cas": 1291, "incidence_hosp": 12.42157196097124, "incidence_dc": 0.7686818725024995, "population": 12228726, "taux_positivite": 23.5, "incidence_rea": 1.3083946765999992, "incidence_evol": -7.39}, "Guadeloupe": {"incidence_cas": 737, "incidence_hosp": 5.685441808267127, "incidence_dc": 0.0, "population": 404542, "taux_positivite": 14.6, "incidence_rea": 0.7415793662957122, "incidence_evol": -19.63}, "Martinique": {"incidence_cas": 635, "incidence_hosp": 8.01292407108239, "incidence_dc": 0.0, "population": 386875, "taux_positivite": 10.5, "incidence_rea": 0.0, "incidence_evol": -29.91}, "Guyane": {"incidence_cas": 154, "incidence_hosp": 5.71687736535801, "incidence_dc": 0.0, "population": 262381, "taux_positivite": 10.6, "incidence_rea": 0.381125157690534, "incidence_evol": 6.94}, "La R\u00e9union": {"incidence_cas": 1526, "incidence_hosp": 12.545069323123816, "incidence_dc": 1.1615804928818347, "population": 860896, "taux_positivite": 37.1, "incidence_rea": 1.3938965914582016, "incidence_evol": 0.99}, "Mayotte": {"incidence_cas": 23, "incidence_hosp": 0.0, "incidence_dc": 0.0, "population": 270372, "taux_positivite": 2.7, "incidence_rea": 0.0, "incidence_evol": 27.78}}, "donnees_france": {"incidence_cas": 1386.4517161924844, "incidence_hosp": 16.58943727850982, "incidence_dc": 1.077255537305784, "population": "67114995", "incidence_rea": 1.40207117649342}, "date_donnees": "06/04", "date_update": "09/04"}