{"liste_regions": ["Auvergne-Rh\u00f4ne-Alpes", "Hauts-de-France", "Provence-Alpes-C\u00f4te d'Azur", "Grand Est", "Occitanie", "Normandie", "Nouvelle-Aquitaine", "Centre", "Bourgogne-Franche-Comt\u00e9", "Bretagne", "Corse", "Pays de la Loire", "Ile-de-France", "Guadeloupe", "Martinique", "Guyane", "La R\u00e9union", "Mayotte"], "donnees_regions": {"Auvergne-Rh\u00f4ne-Alpes": {"incidence_cas": 549, "incidence_hosp": 11.264935799160446, "incidence_dc": 1.02859149761311, "population": 8069287, "taux_positivite": 26.9, "incidence_rea": 1.0161988289671688, "incidence_evol": -32.22}, "Hauts-de-France": {"incidence_cas": 537, "incidence_hosp": 13.293373637490518, "incidence_dc": 1.7005053607613947, "population": 6115829, "taux_positivite": 23.7, "incidence_rea": 1.716856373845639, "incidence_evol": -26.13}, "Provence-Alpes-C\u00f4te d'Azur": {"incidence_cas": 585, "incidence_hosp": 13.474751438960062, "incidence_dc": 1.3356896470106185, "population": 5091003, "taux_positivite": 19.4, "incidence_rea": 1.2767621625836796, "incidence_evol": -25.48}, "Grand Est": {"incidence_cas": 567, "incidence_hosp": 12.49860930966836, "incidence_dc": 1.0914278552104766, "population": 5680632, "taux_positivite": 22.5, "incidence_rea": 1.2146535807987562, "incidence_evol": -23.58}, "Occitanie": {"incidence_cas": 559, "incidence_hosp": 10.467931770054545, "incidence_dc": 0.9639290967578499, "population": 5913298, "taux_positivite": 22.2, "incidence_rea": 1.048484280683977, "incidence_evol": -34.31}, "Normandie": {"incidence_cas": 574, "incidence_hosp": 14.06862629204425, "incidence_dc": 1.2842729395227115, "population": 3426063, "taux_positivite": 28.6, "incidence_rea": 0.4961963629974113, "incidence_evol": -30.68}, "Nouvelle-Aquitaine": {"incidence_cas": 460, "incidence_hosp": 9.503470825662204, "incidence_dc": 1.0046996886748605, "population": 6071466, "taux_positivite": 25.8, "incidence_rea": 0.8399948216789817, "incidence_evol": -29.23}, "Centre": {"incidence_cas": 584, "incidence_hosp": 10.463325101176954, "incidence_dc": 1.2843070521300233, "population": 2647342, "taux_positivite": 30.2, "incidence_rea": 1.322080788957377, "incidence_evol": -22.44}, "Bourgogne-Franche-Comt\u00e9": {"incidence_cas": 597, "incidence_hosp": 17.006632931106957, "incidence_dc": 1.4803344454202412, "population": 2904749, "taux_positivite": 29.7, "incidence_rea": 1.4459080629686076, "incidence_evol": -28.84}, "Bretagne": {"incidence_cas": 622, "incidence_hosp": 12.792148803934086, "incidence_dc": 1.2968998787398613, "population": 3392706, "taux_positivite": 32.3, "incidence_rea": 1.0610999007871593, "incidence_evol": -25.51}, "Corse": {"incidence_cas": 769, "incidence_hosp": 12.322562612142834, "incidence_dc": 0.6011006152264797, "population": 332723, "taux_positivite": 23.2, "incidence_rea": 2.7049527685191586, "incidence_evol": -34.27}, "Pays de la Loire": {"incidence_cas": 545, "incidence_hosp": 11.804527494341155, "incidence_dc": 0.8899200328328144, "population": 3820568, "taux_positivite": 30.0, "incidence_rea": 1.3872282864746812, "incidence_evol": -26.15}, "Ile-de-France": {"incidence_cas": 409, "incidence_hosp": 10.467157412799994, "incidence_dc": 1.1284904085674992, "population": 12228726, "taux_positivite": 13.9, "incidence_rea": 1.324749610057499, "incidence_evol": -38.86}, "Guadeloupe": {"incidence_cas": 679, "incidence_hosp": 7.6629867850556925, "incidence_dc": 0.7415793662957122, "population": 404542, "taux_positivite": 17.3, "incidence_rea": 1.7303518546899952, "incidence_evol": 9.52}, "Martinique": {"incidence_cas": 561, "incidence_hosp": 3.360258481421648, "incidence_dc": 0.5169628432956381, "population": 386875, "taux_positivite": 16.0, "incidence_rea": 0.0, "incidence_evol": 4.86}, "Guyane": {"incidence_cas": 152, "incidence_hosp": 4.573501892286408, "incidence_dc": 0.0, "population": 262381, "taux_positivite": 8.6, "incidence_rea": 0.0, "incidence_evol": 17.83}, "La R\u00e9union": {"incidence_cas": 1321, "incidence_hosp": 17.539865442515705, "incidence_dc": 0.9292643943054678, "population": 860896, "taux_positivite": 34.2, "incidence_rea": 1.6262126900345688, "incidence_evol": -20.95}, "Mayotte": {"incidence_cas": 33, "incidence_hosp": 0.0, "incidence_dc": 0.0, "population": 270372, "taux_positivite": 3.7, "incidence_rea": 0.0, "incidence_evol": 83.33}}, "donnees_france": {"incidence_cas": 554.5854544129818, "incidence_hosp": 11.890040370263009, "incidence_dc": 1.1726142570672917, "population": "67114995", "incidence_rea": 1.20539381698531}, "date_donnees": "30/04", "date_update": "03/05"}