{"liste_regions": ["Auvergne-Rh\u00f4ne-Alpes", "Hauts-de-France", "Provence-Alpes-C\u00f4te d'Azur", "Grand Est", "Occitanie", "Normandie", "Nouvelle-Aquitaine", "Centre", "Bourgogne-Franche-Comt\u00e9", "Bretagne", "Corse", "Pays de la Loire", "Ile-de-France", "Guadeloupe", "Martinique", "Guyane", "La R\u00e9union", "Mayotte"], "donnees_regions": {"Auvergne-Rh\u00f4ne-Alpes": {"incidence_cas": 38, "incidence_hosp": 1.8217222909533393, "incidence_dc": 0.33460205344040933, "population": 8069287, "taux_positivite": 0.9, "incidence_rea": 0.3965653966701147, "incidence_evol": -20.83}, "Hauts-de-France": {"incidence_cas": 31, "incidence_hosp": 1.177272942065581, "incidence_dc": 0.22891418317941853, "population": 6115829, "taux_positivite": 0.8, "incidence_rea": 0.37607330093761615, "incidence_evol": 3.33}, "Provence-Alpes-C\u00f4te d'Azur": {"incidence_cas": 68, "incidence_hosp": 3.1231566746277695, "incidence_dc": 0.5107048650334718, "population": 5091003, "taux_positivite": 1.0, "incidence_rea": 0.6678448235053093, "incidence_evol": -20.0}, "Grand Est": {"incidence_cas": 32, "incidence_hosp": 1.7251601582359144, "incidence_dc": 0.2464514511765592, "population": 5680632, "taux_positivite": 0.6, "incidence_rea": 0.5633176026892782, "incidence_evol": -15.79}, "Occitanie": {"incidence_cas": 34, "incidence_hosp": 1.5050822738850638, "incidence_dc": 0.25366555177838157, "population": 5913298, "taux_positivite": 0.7, "incidence_rea": 0.28748762534883243, "incidence_evol": -20.93}, "Normandie": {"incidence_cas": 24, "incidence_hosp": 1.196708875464345, "incidence_dc": 0.1459401067639445, "population": 3426063, "taux_positivite": 0.6, "incidence_rea": 0.1459401067639445, "incidence_evol": -4.0}, "Nouvelle-Aquitaine": {"incidence_cas": 29, "incidence_hosp": 0.9882292019752725, "incidence_dc": 0.14823438029629088, "population": 6071466, "taux_positivite": 0.8, "incidence_rea": 0.3129392472921696, "incidence_evol": -6.45}, "Centre": {"incidence_cas": 28, "incidence_hosp": 0.9443434206838407, "incidence_dc": 0.037773736827353625, "population": 2647342, "taux_positivite": 0.9, "incidence_rea": 0.22664242096412177, "incidence_evol": -6.67}, "Bourgogne-Franche-Comt\u00e9": {"incidence_cas": 29, "incidence_hosp": 1.5836135927751418, "incidence_dc": 0.13770552980653405, "population": 2904749, "taux_positivite": 0.8, "incidence_rea": 0.20655829470980108, "incidence_evol": -17.14}, "Bretagne": {"incidence_cas": 28, "incidence_hosp": 1.2968998787398613, "incidence_dc": 0.08842499173226327, "population": 3392706, "taux_positivite": 0.9, "incidence_rea": 0.32422496968496534, "incidence_evol": 3.7}, "Corse": {"incidence_cas": 54, "incidence_hosp": 1.2022012304529595, "incidence_dc": 0.0, "population": 332723, "taux_positivite": 0.9, "incidence_rea": 0.0, "incidence_evol": 17.39}, "Pays de la Loire": {"incidence_cas": 37, "incidence_hosp": 1.7798400656656288, "incidence_dc": 0.10469647445091933, "population": 3820568, "taux_positivite": 1.1, "incidence_rea": 0.3926117791909476, "incidence_evol": -9.76}, "Ile-de-France": {"incidence_cas": 63, "incidence_hosp": 2.2160934834912487, "incidence_dc": 0.3516310693362497, "population": 12228726, "taux_positivite": 1.1, "incidence_rea": 0.5724226710124996, "incidence_evol": 0.0}, "Guadeloupe": {"incidence_cas": 67, "incidence_hosp": 6.67421429666141, "incidence_dc": 3.7078968314785605, "population": 404542, "taux_positivite": 1.9, "incidence_rea": 2.7191243430842778, "incidence_evol": -15.19}, "Martinique": {"incidence_cas": 156, "incidence_hosp": 14.474959612277868, "incidence_dc": 4.652665589660743, "population": 386875, "taux_positivite": 3.6, "incidence_rea": 3.360258481421648, "incidence_evol": 16.42}, "Guyane": {"incidence_cas": 370, "incidence_hosp": 33.539013876766994, "incidence_dc": 4.954627049976942, "population": 262381, "taux_positivite": 11.2, "incidence_rea": 4.573501892286408, "incidence_evol": -25.4}, "La R\u00e9union": {"incidence_cas": 28, "incidence_hosp": 1.5100546407463853, "incidence_dc": 0.11615804928818348, "population": 860896, "taux_positivite": 0.7, "incidence_rea": 0.23231609857636695, "incidence_evol": -17.65}, "Mayotte": {"incidence_cas": 21, "incidence_hosp": 1.8493039220037577, "incidence_dc": 1.1095823532022546, "population": 270372, "taux_positivite": 1.0, "incidence_rea": 0.0, "incidence_evol": -38.24}}, "donnees_france": {"incidence_cas": 43.52231569115069, "incidence_hosp": 1.9563437351071844, "incidence_dc": 0.3203456991988154, "population": "67114995", "incidence_rea": 0.4589138388522565}, "date_donnees": "09/10", "date_update": "12/10"}