{"liste_regions": ["Auvergne-Rh\u00f4ne-Alpes", "Hauts-de-France", "Provence-Alpes-C\u00f4te d'Azur", "Grand Est", "Occitanie", "Normandie", "Nouvelle-Aquitaine", "Centre", "Bourgogne-Franche-Comt\u00e9", "Bretagne", "Corse", "Pays de la Loire", "Ile-de-France", "Guadeloupe", "Martinique", "Guyane", "La R\u00e9union", "Mayotte"], "donnees_regions": {"Auvergne-Rh\u00f4ne-Alpes": {"incidence_cas": 1316, "incidence_hosp": 16.55660531097729, "incidence_dc": 1.0781621721968744, "population": 8069287, "taux_positivite": 33.7, "incidence_rea": 1.2268741959481675, "incidence_evol": 9.94}, "Hauts-de-France": {"incidence_cas": 1466, "incidence_hosp": 19.49040759641906, "incidence_dc": 1.275379020571046, "population": 6115829, "taux_positivite": 29.1, "incidence_rea": 2.092929674783255, "incidence_evol": -5.78}, "Provence-Alpes-C\u00f4te d'Azur": {"incidence_cas": 1325, "incidence_hosp": 20.172842168822136, "incidence_dc": 1.610684574336334, "population": 5091003, "taux_positivite": 25.2, "incidence_rea": 1.2571196677746996, "incidence_evol": -1.56}, "Grand Est": {"incidence_cas": 1421, "incidence_hosp": 22.233441631142448, "incidence_dc": 1.6547454578997547, "population": 5680632, "taux_positivite": 28.9, "incidence_rea": 1.6547454578997547, "incidence_evol": -10.29}, "Occitanie": {"incidence_cas": 1354, "incidence_hosp": 15.693442136689205, "incidence_dc": 0.896284949616948, "population": 5913298, "taux_positivite": 31.2, "incidence_rea": 1.9278581935156998, "incidence_evol": -0.07}, "Normandie": {"incidence_cas": 1682, "incidence_hosp": 20.22729879748271, "incidence_dc": 1.3426489822282894, "population": 3426063, "taux_positivite": 35.4, "incidence_rea": 1.167520854111556, "incidence_evol": -4.0}, "Nouvelle-Aquitaine": {"incidence_cas": 1127, "incidence_hosp": 16.27284085919282, "incidence_dc": 0.9717587152756847, "population": 6071466, "taux_positivite": 34.4, "incidence_rea": 1.2352865024690907, "incidence_evol": -0.62}, "Centre": {"incidence_cas": 1505, "incidence_hosp": 16.922634098654424, "incidence_dc": 1.2465333153026696, "population": 2647342, "taux_positivite": 37.4, "incidence_rea": 1.3976282626120842, "incidence_evol": 0.87}, "Bourgogne-Franche-Comt\u00e9": {"incidence_cas": 1435, "incidence_hosp": 22.51485412336832, "incidence_dc": 1.5836135927751418, "population": 2904749, "taux_positivite": 36.4, "incidence_rea": 2.100009329549644, "incidence_evol": 4.59}, "Bretagne": {"incidence_cas": 1638, "incidence_hosp": 24.081072748419697, "incidence_dc": 1.3853248704721246, "population": 3392706, "taux_positivite": 39.4, "incidence_rea": 1.3558498732280369, "incidence_evol": -8.34}, "Corse": {"incidence_cas": 1795, "incidence_hosp": 28.552279223257784, "incidence_dc": 3.0055030761323986, "population": 332723, "taux_positivite": 28.7, "incidence_rea": 4.207704306585358, "incidence_evol": -9.48}, "Pays de la Loire": {"incidence_cas": 1450, "incidence_hosp": 14.474287592839598, "incidence_dc": 0.8113976769946248, "population": 3820568, "taux_positivite": 36.0, "incidence_rea": 1.2825318120237619, "incidence_evol": -0.96}, "Ile-de-France": {"incidence_cas": 1277, "incidence_hosp": 14.43322877624374, "incidence_dc": 0.8668114732474993, "population": 12228726, "taux_positivite": 24.0, "incidence_rea": 1.5864285453774989, "incidence_evol": -6.45}, "Guadeloupe": {"incidence_cas": 704, "incidence_hosp": 5.932634930365698, "incidence_dc": 0.24719312209857072, "population": 404542, "taux_positivite": 17.5, "incidence_rea": 0.24719312209857072, "incidence_evol": -13.73}, "Martinique": {"incidence_cas": 581, "incidence_hosp": 4.135702746365105, "incidence_dc": 0.7754442649434572, "population": 386875, "taux_positivite": 11.8, "incidence_rea": 0.0, "incidence_evol": -21.8}, "Guyane": {"incidence_cas": 165, "incidence_hosp": 7.241377996120146, "incidence_dc": 0.381125157690534, "population": 262381, "taux_positivite": 10.9, "incidence_rea": 0.381125157690534, "incidence_evol": 17.86}, "La R\u00e9union": {"incidence_cas": 1653, "incidence_hosp": 15.797494703192953, "incidence_dc": 1.5100546407463853, "population": 860896, "taux_positivite": 39.3, "incidence_rea": 1.5100546407463853, "incidence_evol": 9.54}, "Mayotte": {"incidence_cas": 30, "incidence_hosp": 0.0, "incidence_dc": 0.0, "population": 270372, "taux_positivite": 3.8, "incidence_rea": 0.0, "incidence_evol": 50.0}}, "donnees_france": {"incidence_cas": 1405.5607096446927, "incidence_hosp": 17.811220875454136, "incidence_dc": 1.1770841970561126, "population": "67114995", "incidence_rea": 1.5346793961617669}, "date_donnees": "10/04", "date_update": "13/04"}