{"liste_regions": ["Auvergne-Rh\u00f4ne-Alpes", "Hauts-de-France", "Provence-Alpes-C\u00f4te d'Azur", "Grand Est", "Occitanie", "Normandie", "Nouvelle-Aquitaine", "Centre", "Bourgogne-Franche-Comt\u00e9", "Bretagne", "Corse", "Pays de la Loire", "Ile-de-France", "Guadeloupe", "Martinique", "Guyane", "La R\u00e9union", "Mayotte"], "donnees_regions": {"Auvergne-Rh\u00f4ne-Alpes": {"incidence_cas": 51, "incidence_hosp": 2.0323976579343377, "incidence_dc": 0.34699472208635035, "population": 8069287, "taux_positivite": 1.8, "incidence_rea": 0.37178005937823255, "incidence_evol": 13.33}, "Hauts-de-France": {"incidence_cas": 50, "incidence_hosp": 2.2237377794572084, "incidence_dc": 0.22891418317941853, "population": 6115829, "taux_positivite": 2.1, "incidence_rea": 0.637689510285523, "incidence_evol": 25.0}, "Provence-Alpes-C\u00f4te d'Azur": {"incidence_cas": 75, "incidence_hosp": 3.3195816227175667, "incidence_dc": 0.4910623702244921, "population": 5091003, "taux_positivite": 1.7, "incidence_rea": 0.7660572975502076, "incidence_evol": 11.94}, "Grand Est": {"incidence_cas": 47, "incidence_hosp": 1.9716116094124736, "incidence_dc": 0.21124410100847932, "population": 5680632, "taux_positivite": 1.5, "incidence_rea": 0.6689396531935179, "incidence_evol": 23.68}, "Occitanie": {"incidence_cas": 50, "incidence_hosp": 1.8094809360191215, "incidence_dc": 0.20293244142270522, "population": 5913298, "taux_positivite": 1.7, "incidence_rea": 0.5242421403419885, "incidence_evol": 21.95}, "Normandie": {"incidence_cas": 34, "incidence_hosp": 2.4226057722814787, "incidence_dc": 0.17512812811673342, "population": 3426063, "taux_positivite": 1.6, "incidence_rea": 0.4670083416446224, "incidence_evol": 3.03}, "Nouvelle-Aquitaine": {"incidence_cas": 51, "incidence_hosp": 2.1082222975472478, "incidence_dc": 0.14823438029629088, "population": 6071466, "taux_positivite": 2.1, "incidence_rea": 0.395291680790109, "incidence_evol": 6.25}, "Centre": {"incidence_cas": 49, "incidence_hosp": 2.115329262331803, "incidence_dc": 0.11332121048206088, "population": 2647342, "taux_positivite": 2.4, "incidence_rea": 0.41551110510088984, "incidence_evol": 13.95}, "Bourgogne-Franche-Comt\u00e9": {"incidence_cas": 36, "incidence_hosp": 2.5131259189692465, "incidence_dc": 0.2409846771614346, "population": 2904749, "taux_positivite": 1.5, "incidence_rea": 0.5852485016777698, "incidence_evol": 16.13}, "Bretagne": {"incidence_cas": 47, "incidence_hosp": 1.7684998346452656, "incidence_dc": 0.11789998897635104, "population": 3392706, "taux_positivite": 2.2, "incidence_rea": 0.32422496968496534, "incidence_evol": 20.51}, "Corse": {"incidence_cas": 78, "incidence_hosp": 3.0055030761323986, "incidence_dc": 0.30055030761323986, "population": 332723, "taux_positivite": 1.6, "incidence_rea": 1.803301845679439, "incidence_evol": 62.5}, "Pays de la Loire": {"incidence_cas": 76, "incidence_hosp": 4.056988384973124, "incidence_dc": 0.3664376605782177, "population": 3820568, "taux_positivite": 3.1, "incidence_rea": 0.7067012025437056, "incidence_evol": 13.43}, "Ile-de-France": {"incidence_cas": 69, "incidence_hosp": 2.5922569530137483, "incidence_dc": 0.33527613587874977, "population": 12228726, "taux_positivite": 1.8, "incidence_rea": 0.8586340065187493, "incidence_evol": 1.47}, "Guadeloupe": {"incidence_cas": 50, "incidence_hosp": 3.2135105872814194, "incidence_dc": 1.2359656104928536, "population": 404542, "taux_positivite": 1.2, "incidence_rea": 0.7415793662957122, "incidence_evol": 0.0}, "Martinique": {"incidence_cas": 120, "incidence_hosp": 12.407108239095315, "incidence_dc": 3.101777059773829, "population": 386875, "taux_positivite": 2.0, "incidence_rea": 6.203554119547658, "incidence_evol": -9.09}, "Guyane": {"incidence_cas": 192, "incidence_hosp": 23.248634619122573, "incidence_dc": 3.81125157690534, "population": 262381, "taux_positivite": 9.1, "incidence_rea": 4.573501892286408, "incidence_evol": -18.3}, "La R\u00e9union": {"incidence_cas": 53, "incidence_hosp": 0.4646321971527339, "incidence_dc": 0.23231609857636695, "population": 860896, "taux_positivite": 2.1, "incidence_rea": 0.11615804928818348, "incidence_evol": 103.85}, "Mayotte": {"incidence_cas": 25, "incidence_hosp": 2.5890254908052612, "incidence_dc": 1.1095823532022546, "population": 270372, "taux_positivite": 2.2, "incidence_rea": 0.7397215688015031, "incidence_evol": 47.06}}, "donnees_france": {"incidence_cas": 56.99173485746367, "incidence_hosp": 2.5374359336538728, "incidence_dc": 0.3099158392249005, "population": "67114995", "incidence_rea": 0.6496312783752722}, "date_donnees": "28/10", "date_update": "31/10"}