{"liste_regions": ["Auvergne-Rh\u00f4ne-Alpes", "Hauts-de-France", "Provence-Alpes-C\u00f4te d'Azur", "Grand Est", "Occitanie", "Normandie", "Nouvelle-Aquitaine", "Centre", "Bourgogne-Franche-Comt\u00e9", "Bretagne", "Corse", "Pays de la Loire", "Ile-de-France", "Guadeloupe", "Martinique", "Guyane", "La R\u00e9union", "Mayotte"], "donnees_regions": {"Auvergne-Rh\u00f4ne-Alpes": {"incidence_cas": 47, "incidence_hosp": 2.0076123206424556, "incidence_dc": 0.27263871021070385, "population": 8069287, "taux_positivite": 1.7, "incidence_rea": 0.4213507339619969, "incidence_evol": 11.9}, "Hauts-de-France": {"incidence_cas": 43, "incidence_hosp": 2.4199499364681385, "incidence_dc": 0.27796722243215105, "population": 6115829, "taux_positivite": 1.5, "incidence_rea": 0.5395834317800579, "incidence_evol": 26.47}, "Provence-Alpes-C\u00f4te d'Azur": {"incidence_cas": 71, "incidence_hosp": 3.1820841590547086, "incidence_dc": 0.4124923909885733, "population": 5091003, "taux_positivite": 1.6, "incidence_rea": 0.7856997923591874, "incidence_evol": -4.05}, "Grand Est": {"incidence_cas": 40, "incidence_hosp": 1.531519732311475, "incidence_dc": 0.2816588013446391, "population": 5680632, "taux_positivite": 1.2, "incidence_rea": 0.2816588013446391, "incidence_evol": 11.11}, "Occitanie": {"incidence_cas": 45, "incidence_hosp": 1.4205270899589366, "incidence_dc": 0.270576588563607, "population": 5913298, "taux_positivite": 1.4, "incidence_rea": 0.42277591963063593, "incidence_evol": 18.42}, "Normandie": {"incidence_cas": 33, "incidence_hosp": 1.5469651316978117, "incidence_dc": 0.2626921921751001, "population": 3426063, "taux_positivite": 1.2, "incidence_rea": 0.291880213527889, "incidence_evol": 10.0}, "Nouvelle-Aquitaine": {"incidence_cas": 50, "incidence_hosp": 1.9435174305513694, "incidence_dc": 0.14823438029629088, "population": 6071466, "taux_positivite": 1.9, "incidence_rea": 0.395291680790109, "incidence_evol": 31.58}, "Centre": {"incidence_cas": 44, "incidence_hosp": 1.6998181572309132, "incidence_dc": 0.302189894618829, "population": 2647342, "taux_positivite": 2.0, "incidence_rea": 0.41551110510088984, "incidence_evol": 37.5}, "Bourgogne-Franche-Comt\u00e9": {"incidence_cas": 32, "incidence_hosp": 2.0311565646463774, "incidence_dc": 0.17213191225816757, "population": 2904749, "taux_positivite": 1.2, "incidence_rea": 0.4819693543228692, "incidence_evol": -5.88}, "Bretagne": {"incidence_cas": 41, "incidence_hosp": 2.092724804330231, "incidence_dc": 0.20632498070861433, "population": 3392706, "taux_positivite": 1.8, "incidence_rea": 0.26527497519678983, "incidence_evol": 24.24}, "Corse": {"incidence_cas": 48, "incidence_hosp": 2.103852153292679, "incidence_dc": 0.0, "population": 332723, "taux_positivite": 1.0, "incidence_rea": 0.30055030761323986, "incidence_evol": -15.79}, "Pays de la Loire": {"incidence_cas": 70, "incidence_hosp": 2.722108335723903, "incidence_dc": 0.20939294890183865, "population": 3820568, "taux_positivite": 2.7, "incidence_rea": 0.628178846705516, "incidence_evol": 48.94}, "Ile-de-France": {"incidence_cas": 69, "incidence_hosp": 2.624966819928748, "incidence_dc": 0.29438880223499975, "population": 12228726, "taux_positivite": 1.7, "incidence_rea": 0.7768593392312494, "incidence_evol": -4.17}, "Guadeloupe": {"incidence_cas": 47, "incidence_hosp": 3.4607037093799904, "incidence_dc": 1.2359656104928536, "population": 404542, "taux_positivite": 1.3, "incidence_rea": 1.4831587325914244, "incidence_evol": -7.84}, "Martinique": {"incidence_cas": 135, "incidence_hosp": 9.822294022617125, "incidence_dc": 1.8093699515347335, "population": 386875, "taux_positivite": 2.2, "incidence_rea": 1.2924071082390953, "incidence_evol": 6.3}, "Guyane": {"incidence_cas": 217, "incidence_hosp": 19.437383042217235, "incidence_dc": 1.524500630762136, "population": 262381, "taux_positivite": 9.3, "incidence_rea": 3.430126419214806, "incidence_evol": -22.78}, "La R\u00e9union": {"incidence_cas": 28, "incidence_hosp": 1.6262126900345688, "incidence_dc": 0.3484741478645504, "population": 860896, "taux_positivite": 1.1, "incidence_rea": 0.4646321971527339, "incidence_evol": -3.45}, "Mayotte": {"incidence_cas": 17, "incidence_hosp": 1.1095823532022546, "incidence_dc": 0.36986078440075154, "population": 270372, "taux_positivite": 1.4, "incidence_rea": 0.36986078440075154, "incidence_evol": -5.56}}, "donnees_france": {"incidence_cas": 53.10288706718968, "incidence_hosp": 2.296059174257556, "incidence_dc": 0.28905611927707064, "population": "67114995", "incidence_rea": 0.5378827786547552}, "date_donnees": "22/10", "date_update": "25/10"}