{"liste_regions": ["Auvergne-Rh\u00f4ne-Alpes", "Hauts-de-France", "Provence-Alpes-C\u00f4te d'Azur", "Grand Est", "Occitanie", "Normandie", "Nouvelle-Aquitaine", "Centre", "Bourgogne-Franche-Comt\u00e9", "Bretagne", "Corse", "Pays de la Loire", "Ile-de-France", "Guadeloupe", "Martinique", "Guyane", "La R\u00e9union", "Mayotte"], "donnees_regions": {"Auvergne-Rh\u00f4ne-Alpes": {"incidence_cas": 476, "incidence_hosp": 9.790208230293457, "incidence_dc": 0.9914134916752868, "population": 8069287, "taux_positivite": 7.3, "incidence_rea": 2.0323976579343377, "incidence_evol": 72.46}, "Hauts-de-France": {"incidence_cas": 350, "incidence_hosp": 7.096339678561975, "incidence_dc": 0.5886364710327905, "population": 6115829, "taux_positivite": 5.5, "incidence_rea": 1.7822604261826156, "incidence_evol": 51.52}, "Provence-Alpes-C\u00f4te d'Azur": {"incidence_cas": 479, "incidence_hosp": 14.692586117116806, "incidence_dc": 1.296404657392659, "population": 5091003, "taux_positivite": 6.3, "incidence_rea": 2.8285192524930745, "incidence_evol": 58.09}, "Grand Est": {"incidence_cas": 371, "incidence_hosp": 9.80524702181025, "incidence_dc": 0.8097690538658375, "population": 5680632, "taux_positivite": 5.4, "incidence_rea": 2.165252035336913, "incidence_evol": 52.05}, "Occitanie": {"incidence_cas": 400, "incidence_hosp": 9.723846151504626, "incidence_dc": 0.8117297656908209, "population": 5913298, "taux_positivite": 6.3, "incidence_rea": 2.9256093638440004, "incidence_evol": 70.21}, "Normandie": {"incidence_cas": 204, "incidence_hosp": 6.362988654907981, "incidence_dc": 0.8464526192308781, "population": 3426063, "taux_positivite": 4.1, "incidence_rea": 1.1383328327587672, "incidence_evol": 44.68}, "Nouvelle-Aquitaine": {"incidence_cas": 355, "incidence_hosp": 6.950545387226084, "incidence_dc": 0.7247014147818664, "population": 6071466, "taux_positivite": 6.0, "incidence_rea": 1.4658733162633208, "incidence_evol": 56.39}, "Centre": {"incidence_cas": 246, "incidence_hosp": 6.685951418441592, "incidence_dc": 0.9065696838564871, "population": 2647342, "taux_positivite": 5.5, "incidence_rea": 1.2843070521300233, "incidence_evol": 36.67}, "Bourgogne-Franche-Comt\u00e9": {"incidence_cas": 382, "incidence_hosp": 10.913163237167824, "incidence_dc": 1.3082025331620735, "population": 2904749, "taux_positivite": 6.6, "incidence_rea": 2.0311565646463774, "incidence_evol": 74.43}, "Bretagne": {"incidence_cas": 250, "incidence_hosp": 4.509674578345427, "incidence_dc": 0.4421249586613164, "population": 3392706, "taux_positivite": 5.0, "incidence_rea": 0.7368749311021939, "incidence_evol": 54.32}, "Corse": {"incidence_cas": 415, "incidence_hosp": 11.120361381689873, "incidence_dc": 1.5027515380661993, "population": 332723, "taux_positivite": 5.6, "incidence_rea": 2.7049527685191586, "incidence_evol": 23.15}, "Pays de la Loire": {"incidence_cas": 315, "incidence_hosp": 8.192499125784439, "incidence_dc": 0.8375717956073546, "population": 3820568, "taux_positivite": 5.6, "incidence_rea": 1.8583624215038184, "incidence_evol": 47.89}, "Ile-de-France": {"incidence_cas": 364, "incidence_hosp": 8.529097798086244, "incidence_dc": 0.7605044057737494, "population": 12228726, "taux_positivite": 5.0, "incidence_rea": 2.2978681507787484, "incidence_evol": 58.95}, "Guadeloupe": {"incidence_cas": 38, "incidence_hosp": 4.202283075675703, "incidence_dc": 1.7303518546899952, "population": 404542, "taux_positivite": 1.9, "incidence_rea": 1.2359656104928536, "incidence_evol": -9.52}, "Martinique": {"incidence_cas": 163, "incidence_hosp": 18.86914378029079, "incidence_dc": 3.618739903069467, "population": 386875, "taux_positivite": 4.3, "incidence_rea": 5.945072697899838, "incidence_evol": 0.62}, "Guyane": {"incidence_cas": 98, "incidence_hosp": 8.765878626882282, "incidence_dc": 0.762250315381068, "population": 262381, "taux_positivite": 4.1, "incidence_rea": 0.381125157690534, "incidence_evol": 25.64}, "La R\u00e9union": {"incidence_cas": 267, "incidence_hosp": 4.414005872950972, "incidence_dc": 0.5807902464409174, "population": 860896, "taux_positivite": 4.7, "incidence_rea": 0.9292643943054678, "incidence_evol": 14.59}, "Mayotte": {"incidence_cas": 23, "incidence_hosp": 0.7397215688015031, "incidence_dc": 0.0, "population": 270372, "taux_positivite": 1.4, "incidence_rea": 0.0, "incidence_evol": -14.81}}, "donnees_france": {"incidence_cas": 366.82413520257285, "incidence_hosp": 8.846011237876127, "incidence_dc": 0.870148317823759, "population": "67114995", "incidence_rea": 2.021902854943221}, "date_donnees": "30/11", "date_update": "03/12"}