{"liste_regions": ["Auvergne-Rh\u00f4ne-Alpes", "Hauts-de-France", "Provence-Alpes-C\u00f4te d'Azur", "Grand Est", "Occitanie", "Normandie", "Nouvelle-Aquitaine", "Centre", "Bourgogne-Franche-Comt\u00e9", "Bretagne", "Corse", "Pays de la Loire", "Ile-de-France", "Guadeloupe", "Martinique", "Guyane", "La R\u00e9union", "Mayotte"], "donnees_regions": {"Auvergne-Rh\u00f4ne-Alpes": {"incidence_cas": 73, "incidence_hosp": 2.924669800442096, "incidence_dc": 0.2602460415647628, "population": 8069287, "taux_positivite": 3.1, "incidence_rea": 0.8055234619861706, "incidence_evol": 32.73}, "Hauts-de-France": {"incidence_cas": 73, "incidence_hosp": 2.926831342079708, "incidence_dc": 0.37607330093761615, "population": 6115829, "taux_positivite": 3.5, "incidence_rea": 0.6540405233697673, "incidence_evol": 35.19}, "Provence-Alpes-C\u00f4te d'Azur": {"incidence_cas": 91, "incidence_hosp": 4.242778878739611, "incidence_dc": 0.43213488579755305, "population": 5091003, "taux_positivite": 2.5, "incidence_rea": 0.8642697715951061, "incidence_evol": 16.67}, "Grand Est": {"incidence_cas": 72, "incidence_hosp": 2.6757586127740716, "incidence_dc": 0.1584330757563595, "population": 5680632, "taux_positivite": 2.8, "incidence_rea": 0.6865433282775578, "incidence_evol": 38.46}, "Occitanie": {"incidence_cas": 67, "incidence_hosp": 2.1138795981531797, "incidence_dc": 0.28748762534883243, "population": 5913298, "taux_positivite": 2.7, "incidence_rea": 0.5580642139124393, "incidence_evol": 26.42}, "Normandie": {"incidence_cas": 47, "incidence_hosp": 2.5977339003982123, "incidence_dc": 0.2043161494695223, "population": 3426063, "taux_positivite": 2.6, "incidence_rea": 0.5545724057029892, "incidence_evol": 27.03}, "Nouvelle-Aquitaine": {"incidence_cas": 72, "incidence_hosp": 2.767041765530763, "incidence_dc": 0.42823265418928474, "population": 6071466, "taux_positivite": 3.4, "incidence_rea": 0.7411719014814544, "incidence_evol": 24.14}, "Centre": {"incidence_cas": 65, "incidence_hosp": 3.6640524722533017, "incidence_dc": 0.26441615779147537, "population": 2647342, "taux_positivite": 3.6, "incidence_rea": 0.7554747365470724, "incidence_evol": 18.18}, "Bourgogne-Franche-Comt\u00e9": {"incidence_cas": 62, "incidence_hosp": 3.2360799504535502, "incidence_dc": 0.3786902069679687, "population": 2904749, "taux_positivite": 2.9, "incidence_rea": 0.5852485016777698, "incidence_evol": 40.91}, "Bretagne": {"incidence_cas": 66, "incidence_hosp": 2.8295997354324247, "incidence_dc": 0.2947499724408776, "population": 3392706, "taux_positivite": 3.4, "incidence_rea": 0.47159995590540416, "incidence_evol": 22.22}, "Corse": {"incidence_cas": 113, "incidence_hosp": 6.011006152264797, "incidence_dc": 0.9016509228397195, "population": 332723, "taux_positivite": 2.7, "incidence_rea": 1.5027515380661993, "incidence_evol": 25.56}, "Pays de la Loire": {"incidence_cas": 94, "incidence_hosp": 4.65899311306591, "incidence_dc": 0.8375717956073546, "population": 3820568, "taux_positivite": 4.2, "incidence_rea": 1.2301835747983023, "incidence_evol": 13.25}, "Ile-de-France": {"incidence_cas": 83, "incidence_hosp": 3.7861670954112476, "incidence_dc": 0.3516310693362497, "population": 12228726, "taux_positivite": 2.6, "incidence_rea": 1.022183341093749, "incidence_evol": 12.16}, "Guadeloupe": {"incidence_cas": 48, "incidence_hosp": 3.7078968314785605, "incidence_dc": 0.24719312209857072, "population": 404542, "taux_positivite": 1.3, "incidence_rea": 0.7415793662957122, "incidence_evol": -7.69}, "Martinique": {"incidence_cas": 96, "incidence_hosp": 12.924071082390952, "incidence_dc": 2.0678513731825525, "population": 386875, "taux_positivite": 2.0, "incidence_rea": 4.652665589660743, "incidence_evol": -16.52}, "Guyane": {"incidence_cas": 133, "incidence_hosp": 14.863881149930828, "incidence_dc": 2.6678761038337377, "population": 262381, "taux_positivite": 6.3, "incidence_rea": 2.6678761038337377, "incidence_evol": -22.22}, "La R\u00e9union": {"incidence_cas": 104, "incidence_hosp": 3.0201092814927706, "incidence_dc": 0.0, "population": 860896, "taux_positivite": 3.8, "incidence_rea": 0.8131063450172844, "incidence_evol": 70.49}, "Mayotte": {"incidence_cas": 44, "incidence_hosp": 1.4794431376030062, "incidence_dc": 0.0, "population": 270372, "taux_positivite": 3.6, "incidence_rea": 0.36986078440075154, "incidence_evol": 46.67}}, "donnees_france": {"incidence_cas": 75.95769023002981, "incidence_hosp": 3.3479850516266896, "incidence_dc": 0.36802505907956934, "population": "67114995", "incidence_rea": 0.8209789779467317}, "date_donnees": "07/11", "date_update": "10/11"}