{"liste_regions": ["Auvergne-Rh\u00f4ne-Alpes", "Hauts-de-France", "Provence-Alpes-C\u00f4te d'Azur", "Grand Est", "Occitanie", "Normandie", "Nouvelle-Aquitaine", "Centre", "Bourgogne-Franche-Comt\u00e9", "Bretagne", "Corse", "Pays de la Loire", "Ile-de-France", "Guadeloupe", "Martinique", "Guyane", "La R\u00e9union", "Mayotte"], "donnees_regions": {"Auvergne-Rh\u00f4ne-Alpes": {"incidence_cas": 1002, "incidence_hosp": 10.96751175165786, "incidence_dc": 0.40895806531605583, "population": 8069287, "taux_positivite": 30.9, "incidence_rea": 0.8798794738618171, "incidence_evol": 70.99}, "Hauts-de-France": {"incidence_cas": 963, "incidence_hosp": 10.857072687938135, "incidence_dc": 0.6049874841170346, "population": 6115829, "taux_positivite": 27.6, "incidence_rea": 0.9810607850546508, "incidence_evol": 56.84}, "Provence-Alpes-C\u00f4te d'Azur": {"incidence_cas": 1151, "incidence_hosp": 16.87290304091355, "incidence_dc": 0.6678448235053093, "population": 5091003, "taux_positivite": 25.5, "incidence_rea": 1.0606947196849028, "incidence_evol": 58.32}, "Grand Est": {"incidence_cas": 830, "incidence_hosp": 9.928472747398528, "incidence_dc": 0.3520735016807989, "population": 5680632, "taux_positivite": 26.0, "incidence_rea": 0.6689396531935179, "incidence_evol": 64.03}, "Occitanie": {"incidence_cas": 1229, "incidence_hosp": 12.277412706073665, "incidence_dc": 0.77790769212037, "population": 5913298, "taux_positivite": 31.2, "incidence_rea": 1.471260200314613, "incidence_evol": 58.38}, "Normandie": {"incidence_cas": 903, "incidence_hosp": 12.813541373874328, "incidence_dc": 0.7588885551725114, "population": 3426063, "taux_positivite": 32.3, "incidence_rea": 0.6421364697613557, "incidence_evol": 51.51}, "Nouvelle-Aquitaine": {"incidence_cas": 1157, "incidence_hosp": 14.148148074945984, "incidence_dc": 0.5435260610863999, "population": 6071466, "taux_positivite": 35.6, "incidence_rea": 0.8399948216789817, "incidence_evol": 73.2}, "Centre": {"incidence_cas": 1003, "incidence_hosp": 11.709858416479625, "incidence_dc": 0.49105857875559716, "population": 2647342, "taux_positivite": 34.0, "incidence_rea": 1.0576646311659015, "incidence_evol": 55.02}, "Bourgogne-Franche-Comt\u00e9": {"incidence_cas": 929, "incidence_hosp": 13.873832128008306, "incidence_dc": 0.6196748841294033, "population": 2904749, "taux_positivite": 31.7, "incidence_rea": 1.2737761507104401, "incidence_evol": 69.22}, "Bretagne": {"incidence_cas": 1237, "incidence_hosp": 15.50384855039016, "incidence_dc": 0.47159995590540416, "population": 3392706, "taux_positivite": 39.3, "incidence_rea": 0.6484499393699307, "incidence_evol": 57.98}, "Corse": {"incidence_cas": 1154, "incidence_hosp": 20.437420917700308, "incidence_dc": 0.9016509228397195, "population": 332723, "taux_positivite": 28.4, "incidence_rea": 3.3060533837456383, "incidence_evol": 63.92}, "Pays de la Loire": {"incidence_cas": 1259, "incidence_hosp": 11.699831019890237, "incidence_dc": 0.23556706751456852, "population": 3820568, "taux_positivite": 39.1, "incidence_rea": 1.256357693411032, "incidence_evol": 76.58}, "Ile-de-France": {"incidence_cas": 1295, "incidence_hosp": 13.680901837198741, "incidence_dc": 0.7277945388587495, "population": 12228726, "taux_positivite": 24.5, "incidence_rea": 1.357459476972499, "incidence_evol": 33.51}, "Guadeloupe": {"incidence_cas": 1039, "incidence_hosp": 9.393338639745688, "incidence_dc": 0.24719312209857072, "population": 404542, "taux_positivite": 22.6, "incidence_rea": 0.9887724883942829, "incidence_evol": 41.36}, "Martinique": {"incidence_cas": 1129, "incidence_hosp": 14.991922455573505, "incidence_dc": 2.5848142164781907, "population": 386875, "taux_positivite": 26.2, "incidence_rea": 3.101777059773829, "incidence_evol": -24.48}, "Guyane": {"incidence_cas": 491, "incidence_hosp": 27.822136511408985, "incidence_dc": 0.381125157690534, "population": 262381, "taux_positivite": 22.7, "incidence_rea": 1.524500630762136, "incidence_evol": 3.15}, "La R\u00e9union": {"incidence_cas": 334, "incidence_hosp": 6.737166858714641, "incidence_dc": 1.2777385421700183, "population": 860896, "taux_positivite": 16.6, "incidence_rea": 0.4646321971527339, "incidence_evol": 53.21}, "Mayotte": {"incidence_cas": 51, "incidence_hosp": 0.0, "incidence_dc": 0.0, "population": 270372, "taux_positivite": 4.0, "incidence_rea": 0.0, "incidence_evol": 75.86}}, "donnees_france": {"incidence_cas": 1482.2425301529115, "incidence_hosp": 12.888326967766295, "incidence_dc": 0.5959919985094241, "population": "67114995", "incidence_rea": 1.0712956173206896}, "date_donnees": "03/07", "date_update": "07/07"}