{"liste_regions": ["Auvergne-Rh\u00f4ne-Alpes", "Hauts-de-France", "Provence-Alpes-C\u00f4te d'Azur", "Grand Est", "Occitanie", "Normandie", "Nouvelle-Aquitaine", "Centre", "Bourgogne-Franche-Comt\u00e9", "Bretagne", "Corse", "Pays de la Loire", "Ile-de-France", "Guadeloupe", "Martinique", "Guyane", "La R\u00e9union", "Mayotte"], "donnees_regions": {"Auvergne-Rh\u00f4ne-Alpes": {"incidence_cas": 463, "incidence_hosp": 10.248736970193278, "incidence_dc": 0.9542354857374636, "population": 8069287, "taux_positivite": 24.3, "incidence_rea": 1.040984166259051, "incidence_evol": -38.59}, "Hauts-de-France": {"incidence_cas": 464, "incidence_hosp": 11.200443962707263, "incidence_dc": 1.5369952299189529, "population": 6115829, "taux_positivite": 21.8, "incidence_rea": 1.2917300336552904, "incidence_evol": -34.28}, "Provence-Alpes-C\u00f4te d'Azur": {"incidence_cas": 491, "incidence_hosp": 10.823014639747806, "incidence_dc": 1.1392646989208217, "population": 5091003, "taux_positivite": 17.3, "incidence_rea": 1.2571196677746996, "incidence_evol": -34.79}, "Grand Est": {"incidence_cas": 491, "incidence_hosp": 10.509394025171847, "incidence_dc": 1.0562205050423967, "population": 5680632, "taux_positivite": 20.4, "incidence_rea": 0.7921653787817976, "incidence_evol": -32.83}, "Occitanie": {"incidence_cas": 473, "incidence_hosp": 9.453269562941019, "incidence_dc": 1.048484280683977, "population": 5913298, "taux_positivite": 20.9, "incidence_rea": 0.8286408024760463, "incidence_evol": -37.1}, "Normandie": {"incidence_cas": 492, "incidence_hosp": 12.667601267110383, "incidence_dc": 1.0507687687004004, "population": 3426063, "taux_positivite": 26.0, "incidence_rea": 0.6421364697613557, "incidence_evol": -37.32}, "Nouvelle-Aquitaine": {"incidence_cas": 389, "incidence_hosp": 8.037597509398884, "incidence_dc": 0.9717587152756847, "population": 6071466, "taux_positivite": 23.3, "incidence_rea": 0.6588194679835151, "incidence_evol": -37.26}, "Centre": {"incidence_cas": 511, "incidence_hosp": 10.085587732903418, "incidence_dc": 1.1332121048206087, "population": 2647342, "taux_positivite": 27.9, "incidence_rea": 0.8310222102017797, "incidence_evol": -31.13}, "Bourgogne-Franche-Comt\u00e9": {"incidence_cas": 509, "incidence_hosp": 15.113181896267113, "incidence_dc": 1.4459080629686076, "population": 2904749, "taux_positivite": 27.1, "incidence_rea": 0.9983650910973718, "incidence_evol": -36.53}, "Bretagne": {"incidence_cas": 532, "incidence_hosp": 10.552049013383417, "incidence_dc": 1.208474887007598, "population": 3392706, "taux_positivite": 29.7, "incidence_rea": 0.854774920078545, "incidence_evol": -35.2}, "Corse": {"incidence_cas": 573, "incidence_hosp": 12.022012304529595, "incidence_dc": 0.9016509228397195, "population": 332723, "taux_positivite": 20.4, "incidence_rea": 1.5027515380661993, "incidence_evol": -45.79}, "Pays de la Loire": {"incidence_cas": 478, "incidence_hosp": 9.44885681919547, "incidence_dc": 0.8375717956073546, "population": 3820568, "taux_positivite": 28.1, "incidence_rea": 1.2040094561855725, "incidence_evol": -32.68}, "Ile-de-France": {"incidence_cas": 334, "incidence_hosp": 7.580511657551245, "incidence_dc": 0.8422790730612495, "population": 12228726, "taux_positivite": 13.0, "incidence_rea": 1.0385382745512493, "incidence_evol": -43.2}, "Guadeloupe": {"incidence_cas": 692, "incidence_hosp": 5.685441808267127, "incidence_dc": 0.0, "population": 404542, "taux_positivite": 18.0, "incidence_rea": 1.4831587325914244, "incidence_evol": -0.57}, "Martinique": {"incidence_cas": 694, "incidence_hosp": 4.135702746365105, "incidence_dc": 0.25848142164781907, "population": 386875, "taux_positivite": 19.0, "incidence_rea": 0.5169628432956381, "incidence_evol": 18.84}, "Guyane": {"incidence_cas": 147, "incidence_hosp": 3.81125157690534, "incidence_dc": 0.381125157690534, "population": 262381, "taux_positivite": 8.3, "incidence_rea": 0.0, "incidence_evol": -4.55}, "La R\u00e9union": {"incidence_cas": 1145, "incidence_hosp": 15.681336653904768, "incidence_dc": 0.5807902464409174, "population": 860896, "taux_positivite": 33.1, "incidence_rea": 1.5100546407463853, "incidence_evol": -30.01}, "Mayotte": {"incidence_cas": 27, "incidence_hosp": 0.0, "incidence_dc": 0.0, "population": 270372, "taux_positivite": 3.1, "incidence_rea": 0.0, "incidence_evol": 8.0}}, "donnees_france": {"incidence_cas": 472.3683582186067, "incidence_hosp": 10.008195634969503, "incidence_dc": 1.0489459173765863, "population": "67114995", "incidence_rea": 0.9863667575330968}, "date_donnees": "03/05", "date_update": "06/05"}