{"liste_regions": ["Auvergne-Rh\u00f4ne-Alpes", "Hauts-de-France", "Provence-Alpes-C\u00f4te d'Azur", "Grand Est", "Occitanie", "Normandie", "Nouvelle-Aquitaine", "Centre", "Bourgogne-Franche-Comt\u00e9", "Bretagne", "Corse", "Pays de la Loire", "Ile-de-France", "Guadeloupe", "Martinique", "Guyane", "La R\u00e9union", "Mayotte"], "donnees_regions": {"Auvergne-Rh\u00f4ne-Alpes": {"incidence_cas": 92, "incidence_hosp": 2.85031378856645, "incidence_dc": 0.33460205344040933, "population": 8069287, "taux_positivite": 3.5, "incidence_rea": 0.718774781464583, "incidence_evol": 61.4}, "Hauts-de-France": {"incidence_cas": 92, "incidence_hosp": 2.910480328995464, "incidence_dc": 0.35972228785337196, "population": 6115829, "taux_positivite": 3.6, "incidence_rea": 0.6540405233697673, "incidence_evol": 64.29}, "Provence-Alpes-C\u00f4te d'Azur": {"incidence_cas": 112, "incidence_hosp": 4.30170636316655, "incidence_dc": 0.4517773806065328, "population": 5091003, "taux_positivite": 2.8, "incidence_rea": 0.8446272767861265, "incidence_evol": 47.37}, "Grand Est": {"incidence_cas": 90, "incidence_hosp": 2.7637769881942713, "incidence_dc": 0.08801837542019972, "population": 5680632, "taux_positivite": 3.0, "incidence_rea": 0.7569580286137176, "incidence_evol": 66.67}, "Occitanie": {"incidence_cas": 86, "incidence_hosp": 2.6212107017099426, "incidence_dc": 0.21984347820793065, "population": 5913298, "taux_positivite": 3.1, "incidence_rea": 0.8117297656908209, "incidence_evol": 59.26}, "Normandie": {"incidence_cas": 56, "incidence_hosp": 2.5101698363398453, "incidence_dc": 0.2626921921751001, "population": 3426063, "taux_positivite": 2.5, "incidence_rea": 0.4378203202918335, "incidence_evol": 60.0}, "Nouvelle-Aquitaine": {"incidence_cas": 89, "incidence_hosp": 2.7176303054319995, "incidence_dc": 0.3623507073909332, "population": 6071466, "taux_positivite": 3.7, "incidence_rea": 0.7082309280822786, "incidence_evol": 53.45}, "Centre": {"incidence_cas": 79, "incidence_hosp": 3.0596726830156435, "incidence_dc": 0.33996363144618263, "population": 2647342, "taux_positivite": 3.9, "incidence_rea": 0.8310222102017797, "incidence_evol": 41.07}, "Bourgogne-Franche-Comt\u00e9": {"incidence_cas": 74, "incidence_hosp": 3.4770646276149852, "incidence_dc": 0.30983744206470165, "population": 2904749, "taux_positivite": 3.1, "incidence_rea": 0.7229540314843038, "incidence_evol": 51.02}, "Bretagne": {"incidence_cas": 85, "incidence_hosp": 2.5053747657474594, "incidence_dc": 0.32422496968496534, "population": 3392706, "taux_positivite": 3.7, "incidence_rea": 0.3831749641731409, "incidence_evol": 54.55}, "Corse": {"incidence_cas": 142, "incidence_hosp": 3.9071539989721176, "incidence_dc": 1.2022012304529595, "population": 332723, "taux_positivite": 3.2, "incidence_rea": 0.9016509228397195, "incidence_evol": 44.9}, "Pays de la Loire": {"incidence_cas": 114, "incidence_hosp": 4.344903689713153, "incidence_dc": 0.8637459142200846, "population": 3820568, "taux_positivite": 4.5, "incidence_rea": 1.125487100347383, "incidence_evol": 40.74}, "Ile-de-France": {"incidence_cas": 97, "incidence_hosp": 3.3609388255162473, "incidence_dc": 0.3270986691499998, "population": 12228726, "taux_positivite": 2.7, "incidence_rea": 0.8504565397899995, "incidence_evol": 34.72}, "Guadeloupe": {"incidence_cas": 64, "incidence_hosp": 4.202283075675703, "incidence_dc": 0.24719312209857072, "population": 404542, "taux_positivite": 1.5, "incidence_rea": 0.24719312209857072, "incidence_evol": 52.38}, "Martinique": {"incidence_cas": 128, "incidence_hosp": 7.754442649434571, "incidence_dc": 1.0339256865912763, "population": 386875, "taux_positivite": 2.1, "incidence_rea": 3.101777059773829, "incidence_evol": 58.02}, "Guyane": {"incidence_cas": 135, "incidence_hosp": 11.052629573025486, "incidence_dc": 1.90562578845267, "population": 262381, "taux_positivite": 6.0, "incidence_rea": 1.90562578845267, "incidence_evol": -8.78}, "La R\u00e9union": {"incidence_cas": 146, "incidence_hosp": 3.0201092814927706, "incidence_dc": 0.0, "population": 860896, "taux_positivite": 4.3, "incidence_rea": 0.6969482957291008, "incidence_evol": 131.75}, "Mayotte": {"incidence_cas": 47, "incidence_hosp": 1.4794431376030062, "incidence_dc": 0.0, "population": 270372, "taux_positivite": 3.6, "incidence_rea": 0.36986078440075154, "incidence_evol": 56.67}}, "donnees_france": {"incidence_cas": 93.6258730258417, "incidence_hosp": 3.2079269319769748, "incidence_dc": 0.35312525911683373, "population": "67114995", "incidence_rea": 0.7762795780585248}, "date_donnees": "09/11", "date_update": "12/11"}