{"liste_regions": ["Auvergne-Rh\u00f4ne-Alpes", "Hauts-de-France", "Provence-Alpes-C\u00f4te d'Azur", "Grand Est", "Occitanie", "Normandie", "Nouvelle-Aquitaine", "Centre", "Bourgogne-Franche-Comt\u00e9", "Bretagne", "Corse", "Pays de la Loire", "Ile-de-France", "Guadeloupe", "Martinique", "Guyane", "La R\u00e9union", "Mayotte"], "donnees_regions": {"Auvergne-Rh\u00f4ne-Alpes": {"incidence_cas": 43, "incidence_hosp": 2.478533729188217, "incidence_dc": 0.33460205344040933, "population": 8069287, "taux_positivite": 1.0, "incidence_rea": 0.4213507339619969, "incidence_evol": -18.87}, "Hauts-de-France": {"incidence_cas": 29, "incidence_hosp": 1.4879421906662205, "incidence_dc": 0.27796722243215105, "population": 6115829, "taux_positivite": 0.7, "incidence_rea": 0.35972228785337196, "incidence_evol": -12.12}, "Provence-Alpes-C\u00f4te d'Azur": {"incidence_cas": 74, "incidence_hosp": 3.5160065708073636, "incidence_dc": 0.9035547612130655, "population": 5091003, "taux_positivite": 1.0, "incidence_rea": 0.8446272767861265, "incidence_evol": -22.92}, "Grand Est": {"incidence_cas": 34, "incidence_hosp": 1.7779711834880343, "incidence_dc": 0.2288477760925193, "population": 5680632, "taux_positivite": 0.7, "incidence_rea": 0.3520735016807989, "incidence_evol": -22.73}, "Occitanie": {"incidence_cas": 36, "incidence_hosp": 1.200683611751006, "incidence_dc": 0.25366555177838157, "population": 5913298, "taux_positivite": 0.7, "incidence_rea": 0.270576588563607, "incidence_evol": -30.77}, "Normandie": {"incidence_cas": 25, "incidence_hosp": 0.7297005338197226, "incidence_dc": 0.08756406405836671, "population": 3426063, "taux_positivite": 0.7, "incidence_rea": 0.1167520854111556, "incidence_evol": -7.41}, "Nouvelle-Aquitaine": {"incidence_cas": 28, "incidence_hosp": 1.202345529069915, "incidence_dc": 0.16470486699587877, "population": 6071466, "taux_positivite": 0.8, "incidence_rea": 0.3129392472921696, "incidence_evol": -26.32}, "Centre": {"incidence_cas": 28, "incidence_hosp": 0.9065696838564871, "incidence_dc": 0.11332121048206088, "population": 2647342, "taux_positivite": 0.9, "incidence_rea": 0.302189894618829, "incidence_evol": -22.22}, "Bourgogne-Franche-Comt\u00e9": {"incidence_cas": 32, "incidence_hosp": 1.5147608278718747, "incidence_dc": 0.3786902069679687, "population": 2904749, "taux_positivite": 0.9, "incidence_rea": 0.2409846771614346, "incidence_evol": -15.79}, "Bretagne": {"incidence_cas": 26, "incidence_hosp": 1.1495248925194226, "incidence_dc": 0.0, "population": 3392706, "taux_positivite": 0.8, "incidence_rea": 0.41264996141722865, "incidence_evol": -21.21}, "Corse": {"incidence_cas": 48, "incidence_hosp": 0.6011006152264797, "incidence_dc": 0.30055030761323986, "population": 332723, "taux_positivite": 0.7, "incidence_rea": 0.6011006152264797, "incidence_evol": -5.88}, "Pays de la Loire": {"incidence_cas": 38, "incidence_hosp": 1.5966212353765201, "incidence_dc": 0.13087059306364918, "population": 3820568, "taux_positivite": 1.1, "incidence_rea": 0.3664376605782177, "incidence_evol": -7.32}, "Ile-de-France": {"incidence_cas": 62, "incidence_hosp": 2.4695949520824985, "incidence_dc": 0.43340573662374965, "population": 12228726, "taux_positivite": 1.0, "incidence_rea": 0.6214874713849996, "incidence_evol": -8.82}, "Guadeloupe": {"incidence_cas": 71, "incidence_hosp": 6.67421429666141, "incidence_dc": 3.9550899535771316, "population": 404542, "taux_positivite": 2.0, "incidence_rea": 3.9550899535771316, "incidence_evol": -32.38}, "Martinique": {"incidence_cas": 155, "incidence_hosp": 16.02584814216478, "incidence_dc": 4.652665589660743, "population": 386875, "taux_positivite": 3.8, "incidence_rea": 5.428109854604201, "incidence_evol": 17.42}, "Guyane": {"incidence_cas": 454, "incidence_hosp": 32.39563840369539, "incidence_dc": 6.860252838429612, "population": 262381, "taux_positivite": 12.3, "incidence_rea": 6.860252838429612, "incidence_evol": -16.85}, "La R\u00e9union": {"incidence_cas": 30, "incidence_hosp": 1.5100546407463853, "incidence_dc": 0.23231609857636695, "population": 860896, "taux_positivite": 0.8, "incidence_rea": 0.3484741478645504, "incidence_evol": -25.0}, "Mayotte": {"incidence_cas": 33, "incidence_hosp": 1.8493039220037577, "incidence_dc": 0.36986078440075154, "population": 270372, "taux_positivite": 1.7, "incidence_rea": 0.0, "incidence_evol": 6.45}}, "donnees_france": {"incidence_cas": 44.97504618751741, "incidence_hosp": 2.0919319147680784, "incidence_dc": 0.3859048190348521, "population": "67114995", "incidence_rea": 0.5021232587441897}, "date_donnees": "05/10", "date_update": "08/10"}