{"liste_regions": ["Auvergne-Rh\u00f4ne-Alpes", "Hauts-de-France", "Provence-Alpes-C\u00f4te d'Azur", "Grand Est", "Occitanie", "Normandie", "Nouvelle-Aquitaine", "Centre", "Bourgogne-Franche-Comt\u00e9", "Bretagne", "Corse", "Pays de la Loire", "Ile-de-France", "Guadeloupe", "Martinique", "Guyane", "La R\u00e9union", "Mayotte"], "donnees_regions": {"Auvergne-Rh\u00f4ne-Alpes": {"incidence_cas": 631, "incidence_hosp": 13.879788883454014, "incidence_dc": 1.152518184072521, "population": 8069287, "taux_positivite": 28.0, "incidence_rea": 1.3384082137616373, "incidence_evol": -30.66}, "Hauts-de-France": {"incidence_cas": 612, "incidence_hosp": 14.470646579556098, "incidence_dc": 1.7495584000141273, "population": 6115829, "taux_positivite": 25.3, "incidence_rea": 1.9457705570250574, "incidence_evol": -24.54}, "Provence-Alpes-C\u00f4te d'Azur": {"incidence_cas": 657, "incidence_hosp": 14.810441085970682, "incidence_dc": 1.492829605482456, "population": 5091003, "taux_positivite": 21.0, "incidence_rea": 1.3356896470106185, "incidence_evol": -25.34}, "Grand Est": {"incidence_cas": 639, "incidence_hosp": 14.681465020089314, "incidence_dc": 1.4082940067231955, "population": 5680632, "taux_positivite": 24.4, "incidence_rea": 1.3554829814710758, "incidence_evol": -19.11}, "Occitanie": {"incidence_cas": 632, "incidence_hosp": 10.704686285047702, "incidence_dc": 1.048484280683977, "population": 5913298, "taux_positivite": 22.9, "incidence_rea": 1.2852387956771332, "incidence_evol": -33.12}, "Normandie": {"incidence_cas": 666, "incidence_hosp": 16.72473623514804, "incidence_dc": 1.3134609608755006, "population": 3426063, "taux_positivite": 30.6, "incidence_rea": 0.904828661936456, "incidence_evol": -27.84}, "Nouvelle-Aquitaine": {"incidence_cas": 527, "incidence_hosp": 9.569352772460556, "incidence_dc": 1.0541111487736239, "population": 6071466, "taux_positivite": 27.2, "incidence_rea": 0.9058767684773332, "incidence_evol": -26.5}, "Centre": {"incidence_cas": 648, "incidence_hosp": 11.785405890134331, "incidence_dc": 1.322080788957377, "population": 2647342, "taux_positivite": 31.6, "incidence_rea": 1.3976282626120842, "incidence_evol": -22.86}, "Bourgogne-Franche-Comt\u00e9": {"incidence_cas": 678, "incidence_hosp": 19.313200555366404, "incidence_dc": 1.6180399752267751, "population": 2904749, "taux_positivite": 30.8, "incidence_rea": 1.7213191225816755, "incidence_evol": -27.64}, "Bretagne": {"incidence_cas": 710, "incidence_hosp": 14.000623690941683, "incidence_dc": 1.2674248814957736, "population": 3392706, "taux_positivite": 34.3, "incidence_rea": 1.1789998897635103, "incidence_evol": -21.81}, "Corse": {"incidence_cas": 884, "incidence_hosp": 15.62861599588847, "incidence_dc": 0.9016509228397195, "population": 332723, "taux_positivite": 24.3, "incidence_rea": 4.508254614198598, "incidence_evol": -31.47}, "Pays de la Loire": {"incidence_cas": 615, "incidence_hosp": 13.244104018041297, "incidence_dc": 1.125487100347383, "population": 3820568, "taux_positivite": 31.8, "incidence_rea": 1.6227953539892497, "incidence_evol": -24.82}, "Ile-de-France": {"incidence_cas": 479, "incidence_hosp": 11.023225150354993, "incidence_dc": 1.0794256081949993, "population": 12228726, "taux_positivite": 14.5, "incidence_rea": 1.365636943701249, "incidence_evol": -36.89}, "Guadeloupe": {"incidence_cas": 686, "incidence_hosp": 8.898952395548546, "incidence_dc": 0.7415793662957122, "population": 404542, "taux_positivite": 16.9, "incidence_rea": 1.7303518546899952, "incidence_evol": 15.88}, "Martinique": {"incidence_cas": 550, "incidence_hosp": 2.8432956381260097, "incidence_dc": 1.5508885298869144, "population": 386875, "taux_positivite": 15.6, "incidence_rea": 0.25848142164781907, "incidence_evol": 14.82}, "Guyane": {"incidence_cas": 149, "incidence_hosp": 5.71687736535801, "incidence_dc": 0.381125157690534, "population": 262381, "taux_positivite": 9.3, "incidence_rea": 0.0, "incidence_evol": 18.25}, "La R\u00e9union": {"incidence_cas": 1419, "incidence_hosp": 16.95907519607479, "incidence_dc": 1.0454224435936512, "population": 860896, "taux_positivite": 35.3, "incidence_rea": 1.742370739322752, "incidence_evol": -16.77}, "Mayotte": {"incidence_cas": 32, "incidence_hosp": 0.0, "incidence_dc": 0.0, "population": 270372, "taux_positivite": 3.9, "incidence_rea": 0.0, "incidence_evol": 77.78}}, "donnees_france": {"incidence_cas": 631.2404552812676, "incidence_hosp": 13.174403127050818, "incidence_dc": 1.2649930168362524, "population": "67114995", "incidence_rea": 1.3827014365418637}, "date_donnees": "28/04", "date_update": "01/05"}