{"liste_regions": ["Auvergne-Rh\u00f4ne-Alpes", "Hauts-de-France", "Provence-Alpes-C\u00f4te d'Azur", "Grand Est", "Occitanie", "Normandie", "Nouvelle-Aquitaine", "Centre", "Bourgogne-Franche-Comt\u00e9", "Bretagne", "Corse", "Pays de la Loire", "Ile-de-France", "Guadeloupe", "Martinique", "Guyane", "La R\u00e9union", "Mayotte"], "donnees_regions": {"Auvergne-Rh\u00f4ne-Alpes": {"incidence_cas": 50, "incidence_hosp": 2.1315390071018667, "incidence_dc": 0.3593873907322915, "population": 8069287, "taux_positivite": 1.1, "incidence_rea": 0.5328847517754667, "incidence_evol": -12.28}, "Hauts-de-France": {"incidence_cas": 31, "incidence_hosp": 1.8313134654353482, "incidence_dc": 0.3433712747691278, "population": 6115829, "taux_positivite": 0.7, "incidence_rea": 0.4905303925273254, "incidence_evol": -24.39}, "Provence-Alpes-C\u00f4te d'Azur": {"incidence_cas": 91, "incidence_hosp": 4.910623702244921, "incidence_dc": 1.2571196677746996, "population": 5091003, "taux_positivite": 1.1, "incidence_rea": 0.9428397508310248, "incidence_evol": -18.75}, "Grand Est": {"incidence_cas": 40, "incidence_hosp": 1.531519732311475, "incidence_dc": 0.316866151512719, "population": 5680632, "taux_positivite": 0.8, "incidence_rea": 0.2464514511765592, "incidence_evol": -24.53}, "Occitanie": {"incidence_cas": 48, "incidence_hosp": 1.5896374578111911, "incidence_dc": 0.40586488284541045, "population": 5913298, "taux_positivite": 0.9, "incidence_rea": 0.3213096989192833, "incidence_evol": -12.73}, "Normandie": {"incidence_cas": 26, "incidence_hosp": 1.0215807473476115, "incidence_dc": 0.35025625623346685, "population": 3426063, "taux_positivite": 0.6, "incidence_rea": 0.2335041708223112, "incidence_evol": -18.75}, "Nouvelle-Aquitaine": {"incidence_cas": 35, "incidence_hosp": 1.1529340689711514, "incidence_dc": 0.32940973399175755, "population": 6071466, "taux_positivite": 0.9, "incidence_rea": 0.42823265418928474, "incidence_evol": -14.63}, "Centre": {"incidence_cas": 34, "incidence_hosp": 1.2465333153026696, "incidence_dc": 0.3777373682735362, "population": 2647342, "taux_positivite": 1.0, "incidence_rea": 0.45328484192824353, "incidence_evol": -19.05}, "Bourgogne-Franche-Comt\u00e9": {"incidence_cas": 37, "incidence_hosp": 2.3065676242594453, "incidence_dc": 0.3786902069679687, "population": 2904749, "taux_positivite": 1.0, "incidence_rea": 0.30983744206470165, "incidence_evol": -2.63}, "Bretagne": {"incidence_cas": 29, "incidence_hosp": 1.090574898031247, "incidence_dc": 0.11789998897635104, "population": 3392706, "taux_positivite": 0.8, "incidence_rea": 0.17684998346452654, "incidence_evol": -27.5}, "Corse": {"incidence_cas": 46, "incidence_hosp": 3.606603691358878, "incidence_dc": 0.6011006152264797, "population": 332723, "taux_positivite": 0.7, "incidence_rea": 0.6011006152264797, "incidence_evol": -17.86}, "Pays de la Loire": {"incidence_cas": 42, "incidence_hosp": 1.3348800492492217, "incidence_dc": 0.10469647445091933, "population": 3820568, "taux_positivite": 1.2, "incidence_rea": 0.4187858978036773, "incidence_evol": 2.44}, "Ile-de-France": {"incidence_cas": 65, "incidence_hosp": 2.395997751523748, "incidence_dc": 0.3516310693362497, "population": 12228726, "taux_positivite": 1.1, "incidence_rea": 0.6950846719437496, "incidence_evol": -15.58}, "Guadeloupe": {"incidence_cas": 86, "incidence_hosp": 10.62930425023854, "incidence_dc": 4.449476197774273, "population": 404542, "taux_positivite": 2.4, "incidence_rea": 2.7191243430842778, "incidence_evol": -37.23}, "Martinique": {"incidence_cas": 133, "incidence_hosp": 23.521809369951537, "incidence_dc": 5.428109854604201, "population": 386875, "taux_positivite": 3.5, "incidence_rea": 6.978998384491114, "incidence_evol": -22.67}, "Guyane": {"incidence_cas": 519, "incidence_hosp": 41.16151703057767, "incidence_dc": 6.479127680739078, "population": 262381, "taux_positivite": 13.2, "incidence_rea": 10.290379257644418, "incidence_evol": -0.57}, "La R\u00e9union": {"incidence_cas": 37, "incidence_hosp": 1.2777385421700183, "incidence_dc": 0.11615804928818348, "population": 860896, "taux_positivite": 0.9, "incidence_rea": 0.0, "incidence_evol": -32.73}, "Mayotte": {"incidence_cas": 37, "incidence_hosp": 1.4794431376030062, "incidence_dc": 0.0, "population": 270372, "taux_positivite": 1.9, "incidence_rea": 0.0, "incidence_evol": 8.82}}, "donnees_france": {"incidence_cas": 51.234452151862634, "incidence_hosp": 2.3392685941494893, "incidence_dc": 0.47530361881126565, "population": "67114995", "incidence_rea": 0.5706623385727735}, "date_donnees": "30/09", "date_update": "03/10"}