{"liste_regions": ["Auvergne-Rh\u00f4ne-Alpes", "Hauts-de-France", "Provence-Alpes-C\u00f4te d'Azur", "Grand Est", "Occitanie", "Normandie", "Nouvelle-Aquitaine", "Centre", "Bourgogne-Franche-Comt\u00e9", "Bretagne", "Corse", "Pays de la Loire", "Ile-de-France", "Guadeloupe", "Martinique", "Guyane", "La R\u00e9union", "Mayotte"], "donnees_regions": {"Auvergne-Rh\u00f4ne-Alpes": {"incidence_cas": 527, "incidence_hosp": 9.195360135288285, "incidence_dc": 1.1896961900103442, "population": 8069287, "taux_positivite": 21.8, "incidence_rea": 0.9294501484455814, "incidence_evol": 41.29}, "Hauts-de-France": {"incidence_cas": 930, "incidence_hosp": 12.181504747761913, "incidence_dc": 0.9320077458019183, "population": 6115829, "taux_positivite": 24.7, "incidence_rea": 1.357134085992267, "incidence_evol": 45.09}, "Provence-Alpes-C\u00f4te d'Azur": {"incidence_cas": 767, "incidence_hosp": 15.57649838352089, "incidence_dc": 2.0035344705159277, "population": 5091003, "taux_positivite": 19.6, "incidence_rea": 0.8642697715951061, "incidence_evol": 26.57}, "Grand Est": {"incidence_cas": 1133, "incidence_hosp": 14.082940067231958, "incidence_dc": 1.3730866565551156, "population": 5680632, "taux_positivite": 26.2, "incidence_rea": 1.1090315302945164, "incidence_evol": 36.84}, "Occitanie": {"incidence_cas": 659, "incidence_hosp": 9.977511703283007, "incidence_dc": 1.200683611751006, "population": 5913298, "taux_positivite": 23.6, "incidence_rea": 1.0992173910396534, "incidence_evol": 18.1}, "Normandie": {"incidence_cas": 934, "incidence_hosp": 14.477258590983295, "incidence_dc": 1.0507687687004004, "population": 3426063, "taux_positivite": 27.0, "incidence_rea": 0.5545724057029892, "incidence_evol": 40.03}, "Nouvelle-Aquitaine": {"incidence_cas": 875, "incidence_hosp": 11.31522436261687, "incidence_dc": 1.1199930955719757, "population": 6071466, "taux_positivite": 31.2, "incidence_rea": 0.9388177418765089, "incidence_evol": 27.55}, "Centre": {"incidence_cas": 777, "incidence_hosp": 9.48120794366576, "incidence_dc": 1.0198908943385478, "population": 2647342, "taux_positivite": 29.0, "incidence_rea": 0.8687959470291334, "incidence_evol": 36.08}, "Bourgogne-Franche-Comt\u00e9": {"incidence_cas": 603, "incidence_hosp": 13.254157243878904, "incidence_dc": 1.1704970033555395, "population": 2904749, "taux_positivite": 24.7, "incidence_rea": 0.9639387086457384, "incidence_evol": 39.58}, "Bretagne": {"incidence_cas": 1137, "incidence_hosp": 13.646923724012632, "incidence_dc": 1.1789998897635103, "population": 3392706, "taux_positivite": 34.8, "incidence_rea": 0.9431999118108083, "incidence_evol": 34.08}, "Corse": {"incidence_cas": 855, "incidence_hosp": 11.120361381689873, "incidence_dc": 1.803301845679439, "population": 332723, "taux_positivite": 20.5, "incidence_rea": 1.803301845679439, "incidence_evol": 70.32}, "Pays de la Loire": {"incidence_cas": 767, "incidence_hosp": 8.244847363009898, "incidence_dc": 1.0731388631219232, "population": 3820568, "taux_positivite": 28.5, "incidence_rea": 0.7852235583818952, "incidence_evol": 37.46}, "Ile-de-France": {"incidence_cas": 496, "incidence_hosp": 7.220703121486245, "incidence_dc": 0.5724226710124996, "population": 12228726, "taux_positivite": 14.9, "incidence_rea": 0.9649410739924993, "incidence_evol": 48.06}, "Guadeloupe": {"incidence_cas": 1027, "incidence_hosp": 10.62930425023854, "incidence_dc": 2.471931220985707, "population": 404542, "taux_positivite": 15.2, "incidence_rea": 0.49438624419714144, "incidence_evol": 20.97}, "Martinique": {"incidence_cas": 2418, "incidence_hosp": 9.822294022617125, "incidence_dc": 1.5508885298869144, "population": 386875, "taux_positivite": 21.3, "incidence_rea": 1.0339256865912763, "incidence_evol": -28.88}, "Guyane": {"incidence_cas": 97, "incidence_hosp": 5.3357522076674755, "incidence_dc": 0.0, "population": 262381, "taux_positivite": 6.7, "incidence_rea": 0.381125157690534, "incidence_evol": 18.29}, "La R\u00e9union": {"incidence_cas": 1029, "incidence_hosp": 12.777385421700181, "incidence_dc": 1.1615804928818347, "population": 860896, "taux_positivite": 30.1, "incidence_rea": 0.9292643943054678, "incidence_evol": 3.83}, "Mayotte": {"incidence_cas": 18, "incidence_hosp": 0.0, "incidence_dc": 0.0, "population": 270372, "taux_positivite": 1.6, "incidence_rea": 0.0, "incidence_evol": 12.5}}, "donnees_france": {"incidence_cas": 782.3721062632874, "incidence_hosp": 11.013932132454155, "incidence_dc": 1.1204649571977172, "population": "67114995", "incidence_rea": 0.9804068375480025}, "date_donnees": "15/03", "date_update": "18/03"}