{"liste_regions": ["Auvergne-Rh\u00f4ne-Alpes", "Hauts-de-France", "Provence-Alpes-C\u00f4te d'Azur", "Grand Est", "Occitanie", "Normandie", "Nouvelle-Aquitaine", "Centre", "Bourgogne-Franche-Comt\u00e9", "Bretagne", "Corse", "Pays de la Loire", "Ile-de-France", "Guadeloupe", "Martinique", "Guyane", "La R\u00e9union", "Mayotte"], "donnees_regions": {"Auvergne-Rh\u00f4ne-Alpes": {"incidence_cas": 1353, "incidence_hosp": 17.771086838279516, "incidence_dc": 1.02859149761311, "population": 8069287, "taux_positivite": 34.0, "incidence_rea": 1.2392668645941085, "incidence_evol": 11.54}, "Hauts-de-France": {"incidence_cas": 1337, "incidence_hosp": 19.506758609503308, "incidence_dc": 1.357134085992267, "population": 6115829, "taux_positivite": 29.6, "incidence_rea": 2.550758041142092, "incidence_evol": -11.63}, "Provence-Alpes-C\u00f4te d'Azur": {"incidence_cas": 1285, "incidence_hosp": 20.172842168822136, "incidence_dc": 1.610684574336334, "population": 5091003, "taux_positivite": 25.3, "incidence_rea": 1.433902121055517, "incidence_evol": -1.98}, "Grand Est": {"incidence_cas": 1313, "incidence_hosp": 20.085793270889578, "incidence_dc": 1.7427638333199547, "population": 5680632, "taux_positivite": 29.7, "incidence_rea": 1.4611050319753156, "incidence_evol": -12.0}, "Occitanie": {"incidence_cas": 1370, "incidence_hosp": 16.18386220346074, "incidence_dc": 1.0653953174692024, "population": 5913298, "taux_positivite": 31.4, "incidence_rea": 2.164612708508856, "incidence_evol": 3.95}, "Normandie": {"incidence_cas": 1546, "incidence_hosp": 19.731102434485297, "incidence_dc": 0.9923927259948226, "population": 3426063, "taux_positivite": 35.8, "incidence_rea": 1.2842729395227115, "incidence_evol": -9.22}, "Nouvelle-Aquitaine": {"incidence_cas": 1140, "incidence_hosp": 15.976372098600239, "incidence_dc": 1.185875042370327, "population": 6071466, "taux_positivite": 34.6, "incidence_rea": 1.2352865024690907, "incidence_evol": 3.83}, "Centre": {"incidence_cas": 1424, "incidence_hosp": 18.509131045403276, "incidence_dc": 1.3598545257847305, "population": 2647342, "taux_positivite": 37.5, "incidence_rea": 1.6242706835762057, "incidence_evol": -3.46}, "Bourgogne-Franche-Comt\u00e9": {"incidence_cas": 1461, "incidence_hosp": 22.308295828658515, "incidence_dc": 1.6180399752267751, "population": 2904749, "taux_positivite": 37.1, "incidence_rea": 1.7901718874849428, "incidence_evol": 6.72}, "Bretagne": {"incidence_cas": 1536, "incidence_hosp": 23.432622809049768, "incidence_dc": 1.4147998677162124, "population": 3392706, "taux_positivite": 39.3, "incidence_rea": 1.6800748429130024, "incidence_evol": -8.79}, "Corse": {"incidence_cas": 1699, "incidence_hosp": 28.552279223257784, "incidence_dc": 2.404402460905919, "population": 332723, "taux_positivite": 28.0, "incidence_rea": 4.207704306585358, "incidence_evol": -12.6}, "Pays de la Loire": {"incidence_cas": 1373, "incidence_hosp": 15.285685269834223, "incidence_dc": 1.125487100347383, "population": 3820568, "taux_positivite": 36.6, "incidence_rea": 1.5966212353765201, "incidence_evol": -4.05}, "Ile-de-France": {"incidence_cas": 1218, "incidence_hosp": 15.29186278276249, "incidence_dc": 0.9567636072637493, "population": 12228726, "taux_positivite": 23.5, "incidence_rea": 1.8726398808837486, "incidence_evol": -7.38}, "Guadeloupe": {"incidence_cas": 680, "incidence_hosp": 5.685441808267127, "incidence_dc": 0.49438624419714144, "population": 404542, "taux_positivite": 16.6, "incidence_rea": 0.7415793662957122, "incidence_evol": -9.45}, "Martinique": {"incidence_cas": 535, "incidence_hosp": 3.360258481421648, "incidence_dc": 0.7754442649434572, "population": 386875, "taux_positivite": 11.7, "incidence_rea": 0.0, "incidence_evol": -18.57}, "Guyane": {"incidence_cas": 166, "incidence_hosp": 4.573501892286408, "incidence_dc": 0.381125157690534, "population": 262381, "taux_positivite": 10.4, "incidence_rea": 0.0, "incidence_evol": 5.73}, "La R\u00e9union": {"incidence_cas": 1791, "incidence_hosp": 17.65602349180389, "incidence_dc": 1.5100546407463853, "population": 860896, "taux_positivite": 39.1, "incidence_rea": 1.742370739322752, "incidence_evol": 17.29}, "Mayotte": {"incidence_cas": 29, "incidence_hosp": 0.0, "incidence_dc": 0.0, "population": 270372, "taux_positivite": 3.8, "incidence_rea": 0.0, "incidence_evol": 26.09}}, "donnees_france": {"incidence_cas": 1360.5275542373206, "incidence_hosp": 17.998958354984605, "incidence_dc": 1.2426433168921491, "population": "67114995", "incidence_rea": 1.6881473357779435}, "date_donnees": "12/04", "date_update": "15/04"}