{"liste_regions": ["Auvergne-Rh\u00f4ne-Alpes", "Hauts-de-France", "Provence-Alpes-C\u00f4te d'Azur", "Grand Est", "Occitanie", "Normandie", "Nouvelle-Aquitaine", "Centre", "Bourgogne-Franche-Comt\u00e9", "Bretagne", "Corse", "Pays de la Loire", "Ile-de-France", "Guadeloupe", "Martinique", "Guyane", "La R\u00e9union", "Mayotte"], "donnees_regions": {"Auvergne-Rh\u00f4ne-Alpes": {"incidence_cas": 42, "incidence_hosp": 1.7597589477236342, "incidence_dc": 0.2354607042728806, "population": 8069287, "taux_positivite": 0.9, "incidence_rea": 0.40895806531605583, "incidence_evol": 5.0}, "Hauts-de-France": {"incidence_cas": 33, "incidence_hosp": 1.09551787664436, "incidence_dc": 0.21256317009517434, "population": 6115829, "taux_positivite": 0.8, "incidence_rea": 0.40877532710610454, "incidence_evol": 10.0}, "Provence-Alpes-C\u00f4te d'Azur": {"incidence_cas": 76, "incidence_hosp": 2.7499492732571555, "incidence_dc": 0.4910623702244921, "population": 5091003, "taux_positivite": 1.0, "incidence_rea": 0.6482023286963295, "incidence_evol": 10.14}, "Grand Est": {"incidence_cas": 37, "incidence_hosp": 1.3906903316391557, "incidence_dc": 0.19364042592443942, "population": 5680632, "taux_positivite": 0.7, "incidence_rea": 0.42248820201695864, "incidence_evol": 12.12}, "Occitanie": {"incidence_cas": 39, "incidence_hosp": 1.3359719060328095, "incidence_dc": 0.25366555177838157, "population": 5913298, "taux_positivite": 0.7, "incidence_rea": 0.40586488284541045, "incidence_evol": 11.43}, "Normandie": {"incidence_cas": 28, "incidence_hosp": 1.2258968968171338, "incidence_dc": 0.17512812811673342, "population": 3426063, "taux_positivite": 0.7, "incidence_rea": 0.1167520854111556, "incidence_evol": 21.74}, "Nouvelle-Aquitaine": {"incidence_cas": 36, "incidence_hosp": 0.9882292019752725, "incidence_dc": 0.1811753536954666, "population": 6071466, "taux_positivite": 0.9, "incidence_rea": 0.2799982738929939, "incidence_evol": 28.57}, "Centre": {"incidence_cas": 30, "incidence_hosp": 1.3976282626120842, "incidence_dc": 0.07554747365470725, "population": 2647342, "taux_positivite": 0.9, "incidence_rea": 0.1510949473094145, "incidence_evol": 7.14}, "Bourgogne-Franche-Comt\u00e9": {"incidence_cas": 34, "incidence_hosp": 1.6524663576784087, "incidence_dc": 0.2409846771614346, "population": 2904749, "taux_positivite": 0.9, "incidence_rea": 0.4475429718712357, "incidence_evol": 13.33}, "Bretagne": {"incidence_cas": 32, "incidence_hosp": 1.3853248704721246, "incidence_dc": 0.23579997795270208, "population": 3392706, "taux_positivite": 0.9, "incidence_rea": 0.17684998346452654, "incidence_evol": 14.29}, "Corse": {"incidence_cas": 53, "incidence_hosp": 1.803301845679439, "incidence_dc": 0.0, "population": 332723, "taux_positivite": 0.8, "incidence_rea": 0.6011006152264797, "incidence_evol": -3.64}, "Pays de la Loire": {"incidence_cas": 44, "incidence_hosp": 1.8845365401165481, "incidence_dc": 0.23556706751456852, "population": 3820568, "taux_positivite": 1.2, "incidence_rea": 0.5496564908673265, "incidence_evol": 22.22}, "Ile-de-France": {"incidence_cas": 73, "incidence_hosp": 2.2242709502199984, "incidence_dc": 0.3270986691499998, "population": 12228726, "taux_positivite": 1.1, "incidence_rea": 0.5969550711987496, "incidence_evol": 17.74}, "Guadeloupe": {"incidence_cas": 49, "incidence_hosp": 11.123690494435683, "incidence_dc": 1.9775449767885658, "population": 404542, "taux_positivite": 1.3, "incidence_rea": 2.2247380988871366, "incidence_evol": -34.67}, "Martinique": {"incidence_cas": 138, "incidence_hosp": 16.54281098546042, "incidence_dc": 4.135702746365105, "population": 386875, "taux_positivite": 2.6, "incidence_rea": 2.8432956381260097, "incidence_evol": -11.54}, "Guyane": {"incidence_cas": 286, "incidence_hosp": 32.77676356138593, "incidence_dc": 3.430126419214806, "population": 262381, "taux_positivite": 9.6, "incidence_rea": 4.192376734595874, "incidence_evol": -30.41}, "La R\u00e9union": {"incidence_cas": 29, "incidence_hosp": 1.5100546407463853, "incidence_dc": 0.23231609857636695, "population": 860896, "taux_positivite": 0.6, "incidence_rea": 0.3484741478645504, "incidence_evol": -3.33}, "Mayotte": {"incidence_cas": 19, "incidence_hosp": 0.36986078440075154, "incidence_dc": 0.36986078440075154, "population": 270372, "taux_positivite": 1.1, "incidence_rea": 0.36986078440075154, "incidence_evol": -13.64}}, "donnees_france": {"incidence_cas": 48.483949078741645, "incidence_hosp": 1.936973995155628, "incidence_dc": 0.3009759592472591, "population": "67114995", "incidence_rea": 0.4678537188298979}, "date_donnees": "14/10", "date_update": "17/10"}