{"liste_regions": ["Auvergne-Rh\u00f4ne-Alpes", "Hauts-de-France", "Provence-Alpes-C\u00f4te d'Azur", "Grand Est", "Occitanie", "Normandie", "Nouvelle-Aquitaine", "Centre", "Bourgogne-Franche-Comt\u00e9", "Bretagne", "Corse", "Pays de la Loire", "Ile-de-France", "Guadeloupe", "Martinique", "Guyane", "La R\u00e9union", "Mayotte"], "donnees_regions": {"Auvergne-Rh\u00f4ne-Alpes": {"incidence_cas": 694, "incidence_hosp": 15.565191819302003, "incidence_dc": 1.8093296223073985, "population": 8069287, "taux_positivite": 8.1, "incidence_rea": 3.1725231733609176, "incidence_evol": 4.99}, "Hauts-de-France": {"incidence_cas": 451, "incidence_hosp": 10.006820007557439, "incidence_dc": 1.1445709158970925, "population": 6115829, "taux_positivite": 5.7, "incidence_rea": 2.5998110803948244, "incidence_evol": 1.58}, "Provence-Alpes-C\u00f4te d'Azur": {"incidence_cas": 823, "incidence_hosp": 25.476315767246653, "incidence_dc": 2.435669356313481, "population": 5091003, "taux_positivite": 7.7, "incidence_rea": 4.96955118667186, "incidence_evol": 23.57}, "Grand Est": {"incidence_cas": 475, "incidence_hosp": 12.62183503525664, "incidence_dc": 1.9188005841603542, "population": 5680632, "taux_positivite": 5.7, "incidence_rea": 3.25667989054739, "incidence_evol": -0.42}, "Occitanie": {"incidence_cas": 597, "incidence_hosp": 13.139875582120165, "incidence_dc": 1.352882942818035, "population": 5913298, "taux_positivite": 6.8, "incidence_rea": 3.263830099548509, "incidence_evol": 9.74}, "Normandie": {"incidence_cas": 280, "incidence_hosp": 8.72721838448388, "incidence_dc": 0.9632047046420337, "population": 3426063, "taux_positivite": 4.5, "incidence_rea": 1.1091448114059783, "incidence_evol": 9.38}, "Nouvelle-Aquitaine": {"incidence_cas": 418, "incidence_hosp": 11.924632370501621, "incidence_dc": 1.1529340689711514, "population": 6071466, "taux_positivite": 5.9, "incidence_rea": 2.0752813241480723, "incidence_evol": -7.52}, "Centre": {"incidence_cas": 345, "incidence_hosp": 10.576646311659015, "incidence_dc": 1.586496946748852, "population": 2647342, "taux_positivite": 5.9, "incidence_rea": 2.115329262331803, "incidence_evol": 3.29}, "Bourgogne-Franche-Comt\u00e9": {"incidence_cas": 531, "incidence_hosp": 17.970571639752695, "incidence_dc": 2.134435712001278, "population": 2904749, "taux_positivite": 7.2, "incidence_rea": 2.478699536517613, "incidence_evol": -2.03}, "Bretagne": {"incidence_cas": 300, "incidence_hosp": 7.221374324801501, "incidence_dc": 0.8842499173226328, "population": 3392706, "taux_positivite": 4.9, "incidence_rea": 1.1495248925194226, "incidence_evol": -2.6}, "Corse": {"incidence_cas": 650, "incidence_hosp": 14.726965073048751, "incidence_dc": 2.103852153292679, "population": 332723, "taux_positivite": 6.5, "incidence_rea": 3.9071539989721176, "incidence_evol": 29.22}, "Pays de la Loire": {"incidence_cas": 387, "incidence_hosp": 7.276404974338894, "incidence_dc": 1.0469647445091934, "population": 3820568, "taux_positivite": 5.6, "incidence_rea": 1.7798400656656288, "incidence_evol": -0.26}, "Ile-de-France": {"incidence_cas": 538, "incidence_hosp": 11.767374622671241, "incidence_dc": 1.1039580083812492, "population": 12228726, "taux_positivite": 5.6, "incidence_rea": 2.821226021418748, "incidence_evol": 12.32}, "Guadeloupe": {"incidence_cas": 47, "incidence_hosp": 1.4831587325914244, "incidence_dc": 0.49438624419714144, "population": 404542, "taux_positivite": 1.3, "incidence_rea": 0.24719312209857072, "incidence_evol": 4.44}, "Martinique": {"incidence_cas": 161, "incidence_hosp": 19.64458804523425, "incidence_dc": 6.720516962843296, "population": 386875, "taux_positivite": 2.2, "incidence_rea": 8.788368336025849, "incidence_evol": -9.55}, "Guyane": {"incidence_cas": 118, "incidence_hosp": 9.528128942263349, "incidence_dc": 1.524500630762136, "population": 262381, "taux_positivite": 3.9, "incidence_rea": 1.143375473071602, "incidence_evol": 45.68}, "La R\u00e9union": {"incidence_cas": 462, "incidence_hosp": 7.66643125302011, "incidence_dc": 0.5807902464409174, "population": 860896, "taux_positivite": 6.4, "incidence_rea": 1.1615804928818347, "incidence_evol": 37.09}, "Mayotte": {"incidence_cas": 28, "incidence_hosp": 0.7397215688015031, "incidence_dc": 0.0, "population": 270372, "taux_positivite": 0.9, "incidence_rea": 0.0, "incidence_evol": -3.45}}, "donnees_france": {"incidence_cas": 520.2816449587756, "incidence_hosp": 12.918126567691766, "incidence_dc": 1.4676302963294565, "population": "67114995", "incidence_rea": 2.75795297310236}, "date_donnees": "14/12", "date_update": "17/12"}