{"liste_regions": ["Auvergne-Rh\u00f4ne-Alpes", "Hauts-de-France", "Provence-Alpes-C\u00f4te d'Azur", "Grand Est", "Occitanie", "Normandie", "Nouvelle-Aquitaine", "Centre", "Bourgogne-Franche-Comt\u00e9", "Bretagne", "Corse", "Pays de la Loire", "Ile-de-France", "Guadeloupe", "Martinique", "Guyane", "La R\u00e9union", "Mayotte"], "donnees_regions": {"Auvergne-Rh\u00f4ne-Alpes": {"incidence_cas": 824, "incidence_hosp": 12.999909409592197, "incidence_dc": 0.7559527874024062, "population": 8069287, "taux_positivite": 33.0, "incidence_rea": 0.9418428170915224, "incidence_evol": -25.7}, "Hauts-de-France": {"incidence_cas": 788, "incidence_hosp": 16.15480092723325, "incidence_dc": 0.9483587588861624, "population": 6115829, "taux_positivite": 30.3, "incidence_rea": 1.8476644785195921, "incidence_evol": -34.55}, "Provence-Alpes-C\u00f4te d'Azur": {"incidence_cas": 970, "incidence_hosp": 24.80847094374134, "incidence_dc": 1.492829605482456, "population": 5091003, "taux_positivite": 27.1, "incidence_rea": 1.9642494808979685, "incidence_evol": -23.14}, "Grand Est": {"incidence_cas": 813, "incidence_hosp": 13.37879306387036, "incidence_dc": 0.8097690538658375, "population": 5680632, "taux_positivite": 29.7, "incidence_rea": 1.0386168299583567, "incidence_evol": -20.29}, "Occitanie": {"incidence_cas": 992, "incidence_hosp": 15.930196651682362, "incidence_dc": 1.3697939796032603, "population": 5913298, "taux_positivite": 34.3, "incidence_rea": 1.8771250831600235, "incidence_evol": -25.91}, "Normandie": {"incidence_cas": 708, "incidence_hosp": 15.061019018039072, "incidence_dc": 1.2258968968171338, "population": 3426063, "taux_positivite": 34.8, "incidence_rea": 0.7297005338197226, "incidence_evol": -33.46}, "Nouvelle-Aquitaine": {"incidence_cas": 870, "incidence_hosp": 13.48932860696247, "incidence_dc": 1.185875042370327, "population": 6071466, "taux_positivite": 38.3, "incidence_rea": 1.1364635822715634, "incidence_evol": -35.27}, "Centre": {"incidence_cas": 772, "incidence_hosp": 15.109494730941451, "incidence_dc": 0.9443434206838407, "population": 2647342, "taux_positivite": 35.7, "incidence_rea": 1.4731757362667914, "incidence_evol": -34.41}, "Bourgogne-Franche-Comt\u00e9": {"incidence_cas": 796, "incidence_hosp": 18.934510348398433, "incidence_dc": 1.1016442384522724, "population": 2904749, "taux_positivite": 34.2, "incidence_rea": 1.3770552980653405, "incidence_evol": -27.17}, "Bretagne": {"incidence_cas": 796, "incidence_hosp": 16.093348495271915, "incidence_dc": 1.2674248814957736, "population": 3392706, "taux_positivite": 40.6, "incidence_rea": 1.591649851180739, "incidence_evol": -41.38}, "Corse": {"incidence_cas": 1042, "incidence_hosp": 17.732468149181148, "incidence_dc": 2.7049527685191586, "population": 332723, "taux_positivite": 30.3, "incidence_rea": 1.803301845679439, "incidence_evol": -18.34}, "Pays de la Loire": {"incidence_cas": 763, "incidence_hosp": 12.38035810382121, "incidence_dc": 0.9422682700582741, "population": 3820568, "taux_positivite": 38.7, "incidence_rea": 1.4657506423128708, "incidence_evol": -43.94}, "Ile-de-France": {"incidence_cas": 652, "incidence_hosp": 14.40869637605749, "incidence_dc": 1.0385382745512493, "population": 12228726, "taux_positivite": 22.1, "incidence_rea": 1.5782510786487487, "incidence_evol": -44.98}, "Guadeloupe": {"incidence_cas": 988, "incidence_hosp": 15.820359814308526, "incidence_dc": 1.2359656104928536, "population": 404542, "taux_positivite": 20.4, "incidence_rea": 3.2135105872814194, "incidence_evol": -7.75}, "Martinique": {"incidence_cas": 525, "incidence_hosp": 11.890145395799676, "incidence_dc": 2.8432956381260097, "population": 386875, "taux_positivite": 14.5, "incidence_rea": 2.0678513731825525, "incidence_evol": -21.17}, "Guyane": {"incidence_cas": 321, "incidence_hosp": 16.388381780692963, "incidence_dc": 0.762250315381068, "population": 262381, "taux_positivite": 15.2, "incidence_rea": 0.762250315381068, "incidence_evol": -18.32}, "La R\u00e9union": {"incidence_cas": 531, "incidence_hosp": 10.221908337360146, "incidence_dc": 1.0454224435936512, "population": 860896, "taux_positivite": 24.4, "incidence_rea": 0.9292643943054678, "incidence_evol": 17.74}, "Mayotte": {"incidence_cas": 82, "incidence_hosp": 3.6986078440075154, "incidence_dc": 0.0, "population": 270372, "taux_positivite": 5.9, "incidence_rea": 0.0, "incidence_evol": -7.87}}, "donnees_france": {"incidence_cas": 856.4509317180162, "incidence_hosp": 15.463012401327006, "incidence_dc": 1.0951352972610666, "population": "67114995", "incidence_rea": 1.4482605563779003}, "date_donnees": "19/07", "date_update": "22/07"}