{"liste_regions": ["Auvergne-Rh\u00f4ne-Alpes", "Hauts-de-France", "Provence-Alpes-C\u00f4te d'Azur", "Grand Est", "Occitanie", "Normandie", "Nouvelle-Aquitaine", "Centre", "Bourgogne-Franche-Comt\u00e9", "Bretagne", "Corse", "Pays de la Loire", "Ile-de-France", "Guadeloupe", "Martinique", "Guyane", "La R\u00e9union", "Mayotte"], "donnees_regions": {"Auvergne-Rh\u00f4ne-Alpes": {"incidence_cas": 1149, "incidence_hosp": 14.226783605540366, "incidence_dc": 1.0038061603212278, "population": 8069287, "taux_positivite": 30.2, "incidence_rea": 1.437549562929166, "incidence_evol": 40.64}, "Hauts-de-France": {"incidence_cas": 1569, "incidence_hosp": 15.157389129094353, "incidence_dc": 1.2426769944025577, "population": 6115829, "taux_positivite": 29.1, "incidence_rea": 1.5860482691716855, "incidence_evol": 30.1}, "Provence-Alpes-C\u00f4te d'Azur": {"incidence_cas": 1295, "incidence_hosp": 17.285395431902124, "incidence_dc": 1.296404657392659, "population": 5091003, "taux_positivite": 24.6, "incidence_rea": 1.6499695639542933, "incidence_evol": 29.37}, "Grand Est": {"incidence_cas": 1681, "incidence_hosp": 19.38164626752798, "incidence_dc": 1.7427638333199547, "population": 5680632, "taux_positivite": 29.5, "incidence_rea": 1.7075564831518748, "incidence_evol": 14.59}, "Occitanie": {"incidence_cas": 1317, "incidence_hosp": 11.04290702075221, "incidence_dc": 0.8624628760464973, "population": 5913298, "taux_positivite": 29.7, "incidence_rea": 1.1161284278248786, "incidence_evol": 33.03}, "Normandie": {"incidence_cas": 1761, "incidence_hosp": 17.25012061949824, "incidence_dc": 1.2258968968171338, "population": 3426063, "taux_positivite": 33.8, "incidence_rea": 0.583760427055778, "incidence_evol": 32.31}, "Nouvelle-Aquitaine": {"incidence_cas": 1158, "incidence_hosp": 11.62816360990904, "incidence_dc": 1.1364635822715634, "population": 6071466, "taux_positivite": 33.4, "incidence_rea": 0.8729357950781573, "incidence_evol": 9.56}, "Centre": {"incidence_cas": 1458, "incidence_hosp": 14.920626046804683, "incidence_dc": 1.0576646311659015, "population": 2647342, "taux_positivite": 35.9, "incidence_rea": 1.3976282626120842, "incidence_evol": 31.0}, "Bourgogne-Franche-Comt\u00e9": {"incidence_cas": 1326, "incidence_hosp": 17.350896755623292, "incidence_dc": 1.6180399752267751, "population": 2904749, "taux_positivite": 33.5, "incidence_rea": 1.2737761507104401, "incidence_evol": 41.21}, "Bretagne": {"incidence_cas": 1863, "incidence_hosp": 19.95457313424741, "incidence_dc": 1.3558498732280369, "population": 3392706, "taux_positivite": 40.7, "incidence_rea": 0.9726749090548961, "incidence_evol": 20.19}, "Corse": {"incidence_cas": 1878, "incidence_hosp": 18.934669379634112, "incidence_dc": 1.5027515380661993, "population": 332723, "taux_positivite": 26.3, "incidence_rea": 1.5027515380661993, "incidence_evol": 25.87}, "Pays de la Loire": {"incidence_cas": 1437, "incidence_hosp": 14.36959111838868, "incidence_dc": 0.9946165072837337, "population": 3820568, "taux_positivite": 35.8, "incidence_rea": 1.2040094561855725, "incidence_evol": 33.67}, "Ile-de-France": {"incidence_cas": 1365, "incidence_hosp": 11.791907022857492, "incidence_dc": 0.6705522717574995, "population": 12228726, "taux_positivite": 22.9, "incidence_rea": 1.3165721433287492, "incidence_evol": 52.0}, "Guadeloupe": {"incidence_cas": 940, "incidence_hosp": 10.62930425023854, "incidence_dc": 1.4831587325914244, "population": 404542, "taux_positivite": 14.5, "incidence_rea": 2.7191243430842778, "incidence_evol": -1.16}, "Martinique": {"incidence_cas": 947, "incidence_hosp": 7.4959612277867524, "incidence_dc": 1.5508885298869144, "population": 386875, "taux_positivite": 12.0, "incidence_rea": 0.7754442649434572, "incidence_evol": -31.03}, "Guyane": {"incidence_cas": 142, "incidence_hosp": 4.192376734595874, "incidence_dc": 0.0, "population": 262381, "taux_positivite": 10.3, "incidence_rea": 0.0, "incidence_evol": 22.41}, "La R\u00e9union": {"incidence_cas": 1471, "incidence_hosp": 13.358175668141099, "incidence_dc": 0.9292643943054678, "population": 860896, "taux_positivite": 36.2, "incidence_rea": 0.9292643943054678, "incidence_evol": 22.99}, "Mayotte": {"incidence_cas": 16, "incidence_hosp": 0.0, "incidence_dc": 0.0, "population": 270372, "taux_positivite": 1.8, "incidence_rea": 0.0, "incidence_evol": 6.67}}, "donnees_france": {"incidence_cas": 1435.3617995501602, "incidence_hosp": 14.652463283354189, "incidence_dc": 1.1174849972051701, "population": "67114995", "incidence_rea": 1.3022425167430915}, "date_donnees": "29/03", "date_update": "01/04"}