{"liste_regions": ["Auvergne-Rh\u00f4ne-Alpes", "Hauts-de-France", "Provence-Alpes-C\u00f4te d'Azur", "Grand Est", "Occitanie", "Normandie", "Nouvelle-Aquitaine", "Centre", "Bourgogne-Franche-Comt\u00e9", "Bretagne", "Corse", "Pays de la Loire", "Ile-de-France", "Guadeloupe", "Martinique", "Guyane", "La R\u00e9union", "Mayotte"], "donnees_regions": {"Auvergne-Rh\u00f4ne-Alpes": {"incidence_cas": 218, "incidence_hosp": 6.543329045056893, "incidence_dc": 0.7063821128186419, "population": 8069287, "taux_positivite": 5.6, "incidence_rea": 1.3384082137616373, "incidence_evol": 98.18}, "Hauts-de-France": {"incidence_cas": 193, "incidence_hosp": 5.003410003778719, "incidence_dc": 0.6540405233697673, "population": 6115829, "taux_positivite": 4.8, "incidence_rea": 1.3244320598237787, "incidence_evol": 83.81}, "Provence-Alpes-C\u00f4te d'Azur": {"incidence_cas": 243, "incidence_hosp": 9.271257549838412, "incidence_dc": 0.43213488579755305, "population": 5091003, "taux_positivite": 4.8, "incidence_rea": 1.4731871106734764, "incidence_evol": 76.09}, "Grand Est": {"incidence_cas": 204, "incidence_hosp": 5.756401752481063, "incidence_dc": 0.42248820201695864, "population": 5680632, "taux_positivite": 4.5, "incidence_rea": 1.2146535807987562, "incidence_evol": 94.29}, "Occitanie": {"incidence_cas": 190, "incidence_hosp": 6.662948493378822, "incidence_dc": 0.6257083610533412, "population": 5913298, "taux_positivite": 4.8, "incidence_rea": 1.55581538424074, "incidence_evol": 91.92}, "Normandie": {"incidence_cas": 120, "incidence_hosp": 4.349015181565546, "incidence_dc": 0.7005125124669337, "population": 3426063, "taux_positivite": 3.4, "incidence_rea": 0.6129484484085669, "incidence_evol": 87.5}, "Nouvelle-Aquitaine": {"incidence_cas": 193, "incidence_hosp": 4.150562648296145, "incidence_dc": 0.6588194679835151, "population": 6071466, "taux_positivite": 5.1, "incidence_rea": 0.9717587152756847, "incidence_evol": 85.58}, "Centre": {"incidence_cas": 158, "incidence_hosp": 5.2127756821748, "incidence_dc": 0.793248473374426, "population": 2647342, "taux_positivite": 5.1, "incidence_rea": 1.0954383679932551, "incidence_evol": 83.72}, "Bourgogne-Franche-Comt\u00e9": {"incidence_cas": 174, "incidence_hosp": 6.162322458842399, "incidence_dc": 0.5852485016777698, "population": 2904749, "taux_positivite": 4.9, "incidence_rea": 0.8606595612908378, "incidence_evol": 117.5}, "Bretagne": {"incidence_cas": 141, "incidence_hosp": 3.7138496527550577, "incidence_dc": 0.3831749641731409, "population": 3392706, "taux_positivite": 4.2, "incidence_rea": 0.7073999338581062, "incidence_evol": 48.42}, "Corse": {"incidence_cas": 305, "incidence_hosp": 7.213207382717756, "incidence_dc": 0.6011006152264797, "population": 332723, "taux_positivite": 5.1, "incidence_rea": 1.803301845679439, "incidence_evol": 63.1}, "Pays de la Loire": {"incidence_cas": 198, "incidence_hosp": 5.6797837389623735, "incidence_dc": 0.6543529653182458, "population": 3820568, "taux_positivite": 5.1, "incidence_rea": 1.256357693411032, "incidence_evol": 48.87}, "Ile-de-France": {"incidence_cas": 190, "incidence_hosp": 5.282643506772496, "incidence_dc": 0.6133100046562495, "population": 12228726, "taux_positivite": 4.2, "incidence_rea": 1.283862276413749, "incidence_evol": 86.27}, "Guadeloupe": {"incidence_cas": 44, "incidence_hosp": 2.471931220985707, "incidence_dc": 0.24719312209857072, "population": 404542, "taux_positivite": 1.6, "incidence_rea": 0.7415793662957122, "incidence_evol": -27.87}, "Martinique": {"incidence_cas": 163, "incidence_hosp": 15.767366720516963, "incidence_dc": 1.2924071082390953, "population": 386875, "taux_positivite": 2.5, "incidence_rea": 5.169628432956381, "incidence_evol": 35.83}, "Guyane": {"incidence_cas": 77, "incidence_hosp": 12.196005046097088, "incidence_dc": 1.524500630762136, "population": 262381, "taux_positivite": 3.6, "incidence_rea": 1.143375473071602, "incidence_evol": -23.76}, "La R\u00e9union": {"incidence_cas": 223, "incidence_hosp": 4.530163922239156, "incidence_dc": 0.3484741478645504, "population": 860896, "taux_positivite": 4.8, "incidence_rea": 1.3938965914582016, "incidence_evol": 28.9}, "Mayotte": {"incidence_cas": 36, "incidence_hosp": 2.2191647064045092, "incidence_dc": 0.36986078440075154, "population": 270372, "taux_positivite": 2.6, "incidence_rea": 0.0, "incidence_evol": 24.14}}, "donnees_france": {"incidence_cas": 193.16100671690432, "incidence_hosp": 5.819861865444525, "incidence_dc": 0.6123817784684331, "population": "67114995", "incidence_rea": 1.239663356899602}, "date_donnees": "21/11", "date_update": "24/11"}