{"liste_regions": ["Auvergne-Rh\u00f4ne-Alpes", "Hauts-de-France", "Provence-Alpes-C\u00f4te d'Azur", "Grand Est", "Occitanie", "Normandie", "Nouvelle-Aquitaine", "Centre", "Bourgogne-Franche-Comt\u00e9", "Bretagne", "Corse", "Pays de la Loire", "Ile-de-France", "Guadeloupe", "Martinique", "Guyane", "La R\u00e9union", "Mayotte"], "donnees_regions": {"Auvergne-Rh\u00f4ne-Alpes": {"incidence_cas": 48, "incidence_hosp": 2.503319066480099, "incidence_dc": 0.2478533729188217, "population": 8069287, "taux_positivite": 2.1, "incidence_rea": 0.40895806531605583, "incidence_evol": -4.0}, "Hauts-de-France": {"incidence_cas": 48, "incidence_hosp": 2.8777783028269757, "incidence_dc": 0.3433712747691278, "population": 6115829, "taux_positivite": 2.5, "incidence_rea": 0.8175506542122091, "incidence_evol": 2.13}, "Provence-Alpes-C\u00f4te d'Azur": {"incidence_cas": 66, "incidence_hosp": 3.8106439929420586, "incidence_dc": 0.4517773806065328, "population": 5091003, "taux_positivite": 1.8, "incidence_rea": 0.8446272767861265, "incidence_evol": -12.0}, "Grand Est": {"incidence_cas": 44, "incidence_hosp": 1.954007934328434, "incidence_dc": 0.2464514511765592, "population": 5680632, "taux_positivite": 1.7, "incidence_rea": 0.7041470033615977, "incidence_evol": 2.33}, "Occitanie": {"incidence_cas": 46, "incidence_hosp": 1.6403705681668674, "incidence_dc": 0.25366555177838157, "population": 5913298, "taux_positivite": 1.8, "incidence_rea": 0.5073311035567631, "incidence_evol": -4.17}, "Normandie": {"incidence_cas": 31, "incidence_hosp": 2.1599135801063785, "incidence_dc": 0.35025625623346685, "population": 3426063, "taux_positivite": 1.8, "incidence_rea": 0.4670083416446224, "incidence_evol": -8.82}, "Nouvelle-Aquitaine": {"incidence_cas": 51, "incidence_hosp": 2.8823351724278785, "incidence_dc": 0.3788211940905212, "population": 6071466, "taux_positivite": 2.4, "incidence_rea": 0.7082309280822786, "incidence_evol": -1.92}, "Centre": {"incidence_cas": 47, "incidence_hosp": 2.3419716832959248, "incidence_dc": 0.26441615779147537, "population": 2647342, "taux_positivite": 2.7, "incidence_rea": 0.793248473374426, "incidence_evol": 2.17}, "Bourgogne-Franche-Comt\u00e9": {"incidence_cas": 39, "incidence_hosp": 2.9950952732921157, "incidence_dc": 0.17213191225816757, "population": 2904749, "taux_positivite": 1.9, "incidence_rea": 0.5852485016777698, "incidence_evol": 18.18}, "Bretagne": {"incidence_cas": 48, "incidence_hosp": 2.534849762991547, "incidence_dc": 0.17684998346452654, "population": 3392706, "taux_positivite": 2.6, "incidence_rea": 0.3536999669290531, "incidence_evol": 6.67}, "Corse": {"incidence_cas": 79, "incidence_hosp": 3.3060533837456383, "incidence_dc": 0.0, "population": 332723, "taux_positivite": 1.9, "incidence_rea": 2.7049527685191586, "incidence_evol": 23.44}, "Pays de la Loire": {"incidence_cas": 72, "incidence_hosp": 3.5335060127185276, "incidence_dc": 0.6020047280927863, "population": 3820568, "taux_positivite": 3.4, "incidence_rea": 0.5758306094800564, "incidence_evol": -5.26}, "Ile-de-France": {"incidence_cas": 64, "incidence_hosp": 2.690386553758748, "incidence_dc": 0.3025662689637498, "population": 12228726, "taux_positivite": 2.0, "incidence_rea": 0.8013917394174994, "incidence_evol": -8.57}, "Guadeloupe": {"incidence_cas": 47, "incidence_hosp": 1.7303518546899952, "incidence_dc": 0.49438624419714144, "population": 404542, "taux_positivite": 1.2, "incidence_rea": 0.49438624419714144, "incidence_evol": -4.08}, "Martinique": {"incidence_cas": 95, "incidence_hosp": 11.373182552504039, "incidence_dc": 2.8432956381260097, "population": 386875, "taux_positivite": 1.8, "incidence_rea": 3.618739903069467, "incidence_evol": -26.92}, "Guyane": {"incidence_cas": 131, "incidence_hosp": 22.86750946143204, "incidence_dc": 3.049001261524272, "population": 262381, "taux_positivite": 7.4, "incidence_rea": 2.6678761038337377, "incidence_evol": -42.29}, "La R\u00e9union": {"incidence_cas": 53, "incidence_hosp": 1.2777385421700183, "incidence_dc": 0.0, "population": 860896, "taux_positivite": 2.3, "incidence_rea": 0.3484741478645504, "incidence_evol": 43.24}, "Mayotte": {"incidence_cas": 26, "incidence_hosp": 1.1095823532022546, "incidence_dc": 0.36986078440075154, "population": 270372, "taux_positivite": 2.2, "incidence_rea": 0.36986078440075154, "incidence_evol": 36.84}}, "donnees_france": {"incidence_cas": 53.6824892857401, "incidence_hosp": 2.7773227130539158, "incidence_dc": 0.3397154391503717, "population": "67114995", "incidence_rea": 0.6868807782821111}, "date_donnees": "01/11", "date_update": "04/11"}