{"liste_regions": ["Auvergne-Rh\u00f4ne-Alpes", "Hauts-de-France", "Provence-Alpes-C\u00f4te d'Azur", "Grand Est", "Occitanie", "Normandie", "Nouvelle-Aquitaine", "Centre", "Bourgogne-Franche-Comt\u00e9", "Bretagne", "Corse", "Pays de la Loire", "Ile-de-France", "Guadeloupe", "Martinique", "Guyane", "La R\u00e9union", "Mayotte"], "donnees_regions": {"Auvergne-Rh\u00f4ne-Alpes": {"incidence_cas": 424, "incidence_hosp": 5.403203529630313, "incidence_dc": 0.40895806531605583, "population": 8069287, "taux_positivite": 24.1, "incidence_rea": 0.4957067458376434, "incidence_evol": 35.46}, "Hauts-de-France": {"incidence_cas": 421, "incidence_hosp": 5.232324186958138, "incidence_dc": 0.637689510285523, "population": 6115829, "taux_positivite": 21.1, "incidence_rea": 0.4251263401903487, "incidence_evol": 22.74}, "Provence-Alpes-C\u00f4te d'Azur": {"incidence_cas": 467, "incidence_hosp": 9.251615055029431, "incidence_dc": 0.27499492732571557, "population": 5091003, "taux_positivite": 19.2, "incidence_rea": 0.8249847819771466, "incidence_evol": 46.86}, "Grand Est": {"incidence_cas": 371, "incidence_hosp": 5.087462099287544, "incidence_dc": 0.42248820201695864, "population": 5680632, "taux_positivite": 19.4, "incidence_rea": 0.6689396531935179, "incidence_evol": 18.91}, "Occitanie": {"incidence_cas": 530, "incidence_hosp": 6.290905684103862, "incidence_dc": 0.28748762534883243, "population": 5913298, "taux_positivite": 25.7, "incidence_rea": 0.6257083610533412, "incidence_evol": 37.31}, "Normandie": {"incidence_cas": 415, "incidence_hosp": 6.450552718966347, "incidence_dc": 0.32106823488067787, "population": 3426063, "taux_positivite": 26.1, "incidence_rea": 0.4086322989390446, "incidence_evol": 15.6}, "Nouvelle-Aquitaine": {"incidence_cas": 463, "incidence_hosp": 6.868192953728144, "incidence_dc": 0.2799982738929939, "population": 6071466, "taux_positivite": 27.6, "incidence_rea": 0.3623507073909332, "incidence_evol": 28.61}, "Centre": {"incidence_cas": 457, "incidence_hosp": 6.383761523822763, "incidence_dc": 0.26441615779147537, "population": 2647342, "taux_positivite": 27.8, "incidence_rea": 0.604379789237658, "incidence_evol": 26.59}, "Bourgogne-Franche-Comt\u00e9": {"incidence_cas": 401, "incidence_hosp": 8.606595612908379, "incidence_dc": 0.5163957367745028, "population": 2904749, "taux_positivite": 24.0, "incidence_rea": 0.6885276490326703, "incidence_evol": 28.94}, "Bretagne": {"incidence_cas": 533, "incidence_hosp": 8.01719925039187, "incidence_dc": 0.5305499503935797, "population": 3392706, "taux_positivite": 32.3, "incidence_rea": 0.5305499503935797, "incidence_evol": 26.6}, "Corse": {"incidence_cas": 468, "incidence_hosp": 7.213207382717756, "incidence_dc": 0.30055030761323986, "population": 332723, "taux_positivite": 21.2, "incidence_rea": 0.0, "incidence_evol": 47.63}, "Pays de la Loire": {"incidence_cas": 489, "incidence_hosp": 6.281788467055161, "incidence_dc": 0.2879153047400282, "population": 3820568, "taux_positivite": 30.9, "incidence_rea": 0.47113413502913704, "incidence_evol": 31.45}, "Ile-de-France": {"incidence_cas": 706, "incidence_hosp": 8.234708995851244, "incidence_dc": 0.4170508031662497, "population": 12228726, "taux_positivite": 22.9, "incidence_rea": 0.8995213401624994, "incidence_evol": 37.62}, "Guadeloupe": {"incidence_cas": 608, "incidence_hosp": 7.6629867850556925, "incidence_dc": 0.9887724883942829, "population": 404542, "taux_positivite": 17.8, "incidence_rea": 1.7303518546899952, "incidence_evol": -8.16}, "Martinique": {"incidence_cas": 1766, "incidence_hosp": 18.093699515347335, "incidence_dc": 2.5848142164781907, "population": 386875, "taux_positivite": 31.4, "incidence_rea": 3.360258481421648, "incidence_evol": -34.1}, "Guyane": {"incidence_cas": 445, "incidence_hosp": 22.86750946143204, "incidence_dc": 0.381125157690534, "population": 262381, "taux_positivite": 22.2, "incidence_rea": 1.143375473071602, "incidence_evol": 23.27}, "La R\u00e9union": {"incidence_cas": 173, "incidence_hosp": 5.807902464409174, "incidence_dc": 0.8131063450172844, "population": 860896, "taux_positivite": 11.4, "incidence_rea": 0.8131063450172844, "incidence_evol": -15.2}, "Mayotte": {"incidence_cas": 22, "incidence_hosp": 0.0, "incidence_dc": 0.0, "population": 270372, "taux_positivite": 2.5, "incidence_rea": 0.0, "incidence_evol": -21.43}}, "donnees_france": {"incidence_cas": 527.1698224815483, "incidence_hosp": 7.001416002489459, "incidence_dc": 0.4171943989565968, "population": "67114995", "incidence_rea": 0.6421813783939043}, "date_donnees": "20/06", "date_update": "23/06"}