{"liste_regions": ["Auvergne-Rh\u00f4ne-Alpes", "Hauts-de-France", "Provence-Alpes-C\u00f4te d'Azur", "Grand Est", "Occitanie", "Normandie", "Nouvelle-Aquitaine", "Centre", "Bourgogne-Franche-Comt\u00e9", "Bretagne", "Corse", "Pays de la Loire", "Ile-de-France", "Guadeloupe", "Martinique", "Guyane", "La R\u00e9union", "Mayotte"], "donnees_regions": {"Auvergne-Rh\u00f4ne-Alpes": {"incidence_cas": 384, "incidence_hosp": 15.540406482010122, "incidence_dc": 1.0161988289671688, "population": 8069287, "taux_positivite": 21.3, "incidence_rea": 1.5366909120966945, "incidence_evol": -34.13}, "Hauts-de-France": {"incidence_cas": 443, "incidence_hosp": 11.314901054296973, "incidence_dc": 1.6187502953401738, "population": 6115829, "taux_positivite": 21.1, "incidence_rea": 1.5206442168347087, "incidence_evol": -22.28}, "Provence-Alpes-C\u00f4te d'Azur": {"incidence_cas": 428, "incidence_hosp": 10.60694719684903, "incidence_dc": 0.9624822456400046, "population": 5091003, "taux_positivite": 15.7, "incidence_rea": 0.9231972560220452, "incidence_evol": -30.07}, "Grand Est": {"incidence_cas": 446, "incidence_hosp": 9.55879557063369, "incidence_dc": 0.9858058047062368, "population": 5680632, "taux_positivite": 19.2, "incidence_rea": 1.0034094797902768, "incidence_evol": -25.67}, "Occitanie": {"incidence_cas": 379, "incidence_hosp": 8.7091839443911, "incidence_dc": 1.1668615381805552, "population": 5913298, "taux_positivite": 19.3, "incidence_rea": 0.9639290967578499, "incidence_evol": -35.32}, "Normandie": {"incidence_cas": 459, "incidence_hosp": 12.580037203052015, "incidence_dc": 0.9923927259948226, "population": 3426063, "taux_positivite": 24.7, "incidence_rea": 0.6713244911141447, "incidence_evol": -25.0}, "Nouvelle-Aquitaine": {"incidence_cas": 326, "incidence_hosp": 7.36230755471578, "incidence_dc": 0.8564653083785695, "population": 6071466, "taux_positivite": 20.7, "incidence_rea": 0.6423489812839271, "incidence_evol": -32.92}, "Centre": {"incidence_cas": 458, "incidence_hosp": 15.789421993833816, "incidence_dc": 1.1332121048206087, "population": 2647342, "taux_positivite": 26.2, "incidence_rea": 1.2465333153026696, "incidence_evol": -25.29}, "Bourgogne-Franche-Comt\u00e9": {"incidence_cas": 434, "incidence_hosp": 13.563994685943605, "incidence_dc": 1.549187210323508, "population": 2904749, "taux_positivite": 24.4, "incidence_rea": 0.929512326194105, "incidence_evol": -30.78}, "Bretagne": {"incidence_cas": 495, "incidence_hosp": 10.463624021651153, "incidence_dc": 1.1495248925194226, "population": 3392706, "taux_positivite": 28.7, "incidence_rea": 0.9431999118108083, "incidence_evol": -24.89}, "Corse": {"incidence_cas": 451, "incidence_hosp": 11.120361381689873, "incidence_dc": 1.5027515380661993, "population": 332723, "taux_positivite": 18.3, "incidence_rea": 0.6011006152264797, "incidence_evol": -45.79}, "Pays de la Loire": {"incidence_cas": 445, "incidence_hosp": 8.715981498039035, "incidence_dc": 0.7852235583818952, "population": 3820568, "taux_positivite": 27.0, "incidence_rea": 0.9160941514455442, "incidence_evol": -22.88}, "Ile-de-France": {"incidence_cas": 279, "incidence_hosp": 6.770942451404996, "incidence_dc": 0.7359720055874995, "population": 12228726, "taux_positivite": 12.4, "incidence_rea": 1.0140058743649993, "incidence_evol": -36.73}, "Guadeloupe": {"incidence_cas": 686, "incidence_hosp": 6.179828052464268, "incidence_dc": 0.0, "population": 404542, "taux_positivite": 17.8, "incidence_rea": 1.7303518546899952, "incidence_evol": -0.87}, "Martinique": {"incidence_cas": 867, "incidence_hosp": 4.652665589660743, "incidence_dc": 0.0, "population": 386875, "taux_positivite": 21.6, "incidence_rea": 0.5169628432956381, "incidence_evol": 53.18}, "Guyane": {"incidence_cas": 148, "incidence_hosp": 2.6678761038337377, "incidence_dc": 0.381125157690534, "population": 262381, "taux_positivite": 9.6, "incidence_rea": 0.0, "incidence_evol": -3.9}, "La R\u00e9union": {"incidence_cas": 997, "incidence_hosp": 13.822807865293834, "incidence_dc": 0.6969482957291008, "population": 860896, "taux_positivite": 31.9, "incidence_rea": 1.3938965914582016, "incidence_evol": -27.75}, "Mayotte": {"incidence_cas": 25, "incidence_hosp": 0.0, "incidence_dc": 0.0, "population": 270372, "taux_positivite": 2.6, "incidence_rea": 0.0, "incidence_evol": -24.24}}, "donnees_france": {"incidence_cas": 414.97879870213796, "incidence_hosp": 10.364300854078884, "incidence_dc": 1.0236162574399357, "population": "67114995", "incidence_rea": 1.0638457173393219}, "date_donnees": "06/05", "date_update": "09/05"}