{"liste_regions": ["Auvergne-Rh\u00f4ne-Alpes", "Hauts-de-France", "Provence-Alpes-C\u00f4te d'Azur", "Grand Est", "Occitanie", "Normandie", "Nouvelle-Aquitaine", "Centre", "Bourgogne-Franche-Comt\u00e9", "Bretagne", "Corse", "Pays de la Loire", "Ile-de-France", "Guadeloupe", "Martinique", "Guyane", "La R\u00e9union", "Mayotte"], "donnees_regions": {"Auvergne-Rh\u00f4ne-Alpes": {"incidence_cas": 1041, "incidence_hosp": 12.467024657816731, "incidence_dc": 0.9790208230293458, "population": 8069287, "taux_positivite": 29.2, "incidence_rea": 1.0533768349049923, "incidence_evol": 55.37}, "Hauts-de-France": {"incidence_cas": 1466, "incidence_hosp": 15.075634063673135, "incidence_dc": 1.0464648373916274, "population": 6115829, "taux_positivite": 28.6, "incidence_rea": 1.6351013084244181, "incidence_evol": 37.01}, "Provence-Alpes-C\u00f4te d'Azur": {"incidence_cas": 1178, "incidence_hosp": 16.951473020149468, "incidence_dc": 1.492829605482456, "population": 5091003, "taux_positivite": 23.8, "incidence_rea": 1.433902121055517, "incidence_evol": 31.33}, "Grand Est": {"incidence_cas": 1658, "incidence_hosp": 18.94155439042698, "incidence_dc": 1.7251601582359144, "population": 5680632, "taux_positivite": 29.6, "incidence_rea": 1.566727082479555, "incidence_evol": 27.34}, "Occitanie": {"incidence_cas": 1207, "incidence_hosp": 10.653953174692026, "incidence_dc": 0.930107023187399, "population": 5913298, "taux_positivite": 29.5, "incidence_rea": 1.1837725749657804, "incidence_evol": 45.95}, "Normandie": {"incidence_cas": 1639, "incidence_hosp": 16.082599765386686, "incidence_dc": 1.2842729395227115, "population": 3426063, "taux_positivite": 33.3, "incidence_rea": 0.7588885551725114, "incidence_evol": 46.34}, "Nouvelle-Aquitaine": {"incidence_cas": 1142, "incidence_hosp": 11.331694849316458, "incidence_dc": 1.0376406620740362, "population": 6071466, "taux_positivite": 33.5, "incidence_rea": 0.6258784945843392, "incidence_evol": 16.77}, "Centre": {"incidence_cas": 1362, "incidence_hosp": 12.994165468609646, "incidence_dc": 0.8310222102017797, "population": 2647342, "taux_positivite": 35.3, "incidence_rea": 1.0198908943385478, "incidence_evol": 44.59}, "Bourgogne-Franche-Comt\u00e9": {"incidence_cas": 1196, "incidence_hosp": 15.216461043622013, "incidence_dc": 1.5836135927751418, "population": 2904749, "taux_positivite": 32.4, "incidence_rea": 1.1704970033555395, "incidence_evol": 54.12}, "Bretagne": {"incidence_cas": 1800, "incidence_hosp": 19.45349818109792, "incidence_dc": 1.090574898031247, "population": 3392706, "taux_positivite": 40.6, "incidence_rea": 0.8842499173226328, "incidence_evol": 34.63}, "Corse": {"incidence_cas": 1746, "incidence_hosp": 19.83632030247383, "incidence_dc": 1.803301845679439, "population": 332723, "taux_positivite": 26.5, "incidence_rea": 1.5027515380661993, "incidence_evol": 41.15}, "Pays de la Loire": {"incidence_cas": 1335, "incidence_hosp": 13.532019322781325, "incidence_dc": 0.9422682700582741, "population": 3820568, "taux_positivite": 35.0, "incidence_rea": 1.0469647445091934, "incidence_evol": 46.22}, "Ile-de-France": {"incidence_cas": 1232, "incidence_hosp": 10.311785544953743, "incidence_dc": 0.6787297384862495, "population": 12228726, "taux_positivite": 22.3, "incidence_rea": 1.2429749427699992, "incidence_evol": 78.03}, "Guadeloupe": {"incidence_cas": 938, "incidence_hosp": 9.146145517647117, "incidence_dc": 1.4831587325914244, "population": 404542, "taux_positivite": 14.3, "incidence_rea": 1.9775449767885658, "incidence_evol": -3.0}, "Martinique": {"incidence_cas": 1063, "incidence_hosp": 9.305331179321486, "incidence_dc": 1.2924071082390953, "population": 386875, "taux_positivite": 12.9, "incidence_rea": 0.7754442649434572, "incidence_evol": -36.91}, "Guyane": {"incidence_cas": 142, "incidence_hosp": 3.049001261524272, "incidence_dc": 0.0, "population": 262381, "taux_positivite": 10.4, "incidence_rea": 0.0, "incidence_evol": 32.71}, "La R\u00e9union": {"incidence_cas": 1341, "incidence_hosp": 12.545069323123816, "incidence_dc": 0.9292643943054678, "population": 860896, "taux_positivite": 35.6, "incidence_rea": 0.4646321971527339, "incidence_evol": 20.81}, "Mayotte": {"incidence_cas": 13, "incidence_hosp": 0.0, "incidence_dc": 0.0, "population": 270372, "taux_positivite": 1.4, "incidence_rea": 0.0, "incidence_evol": -18.75}}, "donnees_france": {"incidence_cas": 1337.2332069755798, "incidence_hosp": 13.730165665660856, "incidence_dc": 1.0847054372871516, "population": "67114995", "incidence_rea": 1.168144317078471}, "date_donnees": "27/03", "date_update": "30/03"}