{"liste_regions": ["Auvergne-Rh\u00f4ne-Alpes", "Hauts-de-France", "Provence-Alpes-C\u00f4te d'Azur", "Grand Est", "Occitanie", "Normandie", "Nouvelle-Aquitaine", "Centre", "Bourgogne-Franche-Comt\u00e9", "Bretagne", "Corse", "Pays de la Loire", "Ile-de-France", "Guadeloupe", "Martinique", "Guyane", "La R\u00e9union", "Mayotte"], "donnees_regions": {"Auvergne-Rh\u00f4ne-Alpes": {"incidence_cas": 671, "incidence_hosp": 8.488978022469643, "incidence_dc": 0.3841727280241736, "population": 8069287, "taux_positivite": 28.7, "incidence_rea": 0.8179161306321117, "incidence_evol": 57.51}, "Hauts-de-France": {"incidence_cas": 690, "incidence_hosp": 9.614395693535577, "incidence_dc": 0.5232324186958137, "population": 6115829, "taux_positivite": 25.4, "incidence_rea": 0.9810607850546508, "incidence_evol": 63.51}, "Provence-Alpes-C\u00f4te d'Azur": {"incidence_cas": 835, "incidence_hosp": 12.43369921408414, "incidence_dc": 0.5696323494604109, "population": 5091003, "taux_positivite": 23.9, "incidence_rea": 0.805342287168167, "incidence_evol": 77.66}, "Grand Est": {"incidence_cas": 567, "incidence_hosp": 5.668383377060863, "incidence_dc": 0.316866151512719, "population": 5680632, "taux_positivite": 22.9, "incidence_rea": 0.4400918771009987, "incidence_evol": 52.42}, "Occitanie": {"incidence_cas": 861, "incidence_hosp": 8.100386620122984, "incidence_dc": 0.4396869564158613, "population": 5913298, "taux_positivite": 29.3, "incidence_rea": 0.896284949616948, "incidence_evol": 61.54}, "Normandie": {"incidence_cas": 659, "incidence_hosp": 9.077474640717348, "incidence_dc": 0.2626921921751001, "population": 3426063, "taux_positivite": 30.0, "incidence_rea": 0.5253843843502002, "incidence_evol": 58.03}, "Nouvelle-Aquitaine": {"incidence_cas": 744, "incidence_hosp": 7.9223041025017675, "incidence_dc": 0.26352778719340597, "population": 6071466, "taux_positivite": 31.7, "incidence_rea": 0.5599965477859878, "incidence_evol": 60.0}, "Centre": {"incidence_cas": 711, "incidence_hosp": 5.552739313620983, "incidence_dc": 0.5288323155829507, "population": 2647342, "taux_positivite": 31.5, "incidence_rea": 0.604379789237658, "incidence_evol": 54.57}, "Bourgogne-Franche-Comt\u00e9": {"incidence_cas": 619, "incidence_hosp": 9.639387086457385, "incidence_dc": 0.34426382451633514, "population": 2904749, "taux_positivite": 28.1, "incidence_rea": 0.4475429718712357, "incidence_evol": 53.98}, "Bretagne": {"incidence_cas": 862, "incidence_hosp": 9.31409912913173, "incidence_dc": 0.1473749862204388, "population": 3392706, "taux_positivite": 36.6, "incidence_rea": 0.854774920078545, "incidence_evol": 60.52}, "Corse": {"incidence_cas": 803, "incidence_hosp": 16.53026691872819, "incidence_dc": 0.30055030761323986, "population": 332723, "taux_positivite": 25.6, "incidence_rea": 0.9016509228397195, "incidence_evol": 69.41}, "Pays de la Loire": {"incidence_cas": 797, "incidence_hosp": 8.977722684166334, "incidence_dc": 0.3926117791909476, "population": 3820568, "taux_positivite": 35.3, "incidence_rea": 0.8113976769946248, "incidence_evol": 62.65}, "Ile-de-France": {"incidence_cas": 1038, "incidence_hosp": 10.777901148492493, "incidence_dc": 0.3516310693362497, "population": 12228726, "taux_positivite": 24.5, "incidence_rea": 1.3901693438874991, "incidence_evol": 46.61}, "Guadeloupe": {"incidence_cas": 797, "incidence_hosp": 10.382111128139972, "incidence_dc": 0.24719312209857072, "population": 404542, "taux_positivite": 20.4, "incidence_rea": 1.7303518546899952, "incidence_evol": 30.02}, "Martinique": {"incidence_cas": 1395, "incidence_hosp": 20.420032310177707, "incidence_dc": 2.3263327948303716, "population": 386875, "taux_positivite": 29.0, "incidence_rea": 2.3263327948303716, "incidence_evol": -22.2}, "Guyane": {"incidence_cas": 488, "incidence_hosp": 14.101630834549757, "incidence_dc": 0.0, "population": 262381, "taux_positivite": 21.7, "incidence_rea": 0.762250315381068, "incidence_evol": 7.73}, "La R\u00e9union": {"incidence_cas": 237, "incidence_hosp": 8.01490540088466, "incidence_dc": 0.11615804928818348, "population": 860896, "taux_positivite": 13.9, "incidence_rea": 0.8131063450172844, "incidence_evol": 35.43}, "Mayotte": {"incidence_cas": 30, "incidence_hosp": 0.0, "incidence_dc": 0.0, "population": 270372, "taux_positivite": 3.0, "incidence_rea": 0.0, "incidence_evol": 36.36}}, "donnees_france": {"incidence_cas": 824.1749850387383, "incidence_hosp": 9.21552627695197, "incidence_dc": 0.3873947990311256, "population": "67114995", "incidence_rea": 0.870148317823759}, "date_donnees": "27/06", "date_update": "30/06"}