{"liste_regions": ["Auvergne-Rh\u00f4ne-Alpes", "Hauts-de-France", "Provence-Alpes-C\u00f4te d'Azur", "Grand Est", "Occitanie", "Normandie", "Nouvelle-Aquitaine", "Centre", "Bourgogne-Franche-Comt\u00e9", "Bretagne", "Corse", "Pays de la Loire", "Ile-de-France", "Guadeloupe", "Martinique", "Guyane", "La R\u00e9union", "Mayotte"], "donnees_regions": {"Auvergne-Rh\u00f4ne-Alpes": {"incidence_cas": 370, "incidence_hosp": 15.156233753985948, "incidence_dc": 1.152518184072521, "population": 8069287, "taux_positivite": 20.7, "incidence_rea": 1.5242982434507535, "incidence_evol": -32.97}, "Hauts-de-France": {"incidence_cas": 444, "incidence_hosp": 10.186681151484123, "incidence_dc": 1.2917300336552904, "population": 6115829, "taux_positivite": 21.0, "incidence_rea": 1.3407830729080228, "incidence_evol": -17.63}, "Provence-Alpes-C\u00f4te d'Azur": {"incidence_cas": 417, "incidence_hosp": 9.840889899298821, "incidence_dc": 0.9821247404489842, "population": 5091003, "taux_positivite": 15.3, "incidence_rea": 0.7660572975502076, "incidence_evol": -29.08}, "Grand Est": {"incidence_cas": 439, "incidence_hosp": 8.678611816431694, "incidence_dc": 1.0738241801264365, "population": 5680632, "taux_positivite": 18.9, "incidence_rea": 1.0034094797902768, "incidence_evol": -22.71}, "Occitanie": {"incidence_cas": 361, "incidence_hosp": 8.066564546552534, "incidence_dc": 1.1668615381805552, "population": 5913298, "taux_positivite": 18.9, "incidence_rea": 1.0315732438987517, "incidence_evol": -35.54}, "Normandie": {"incidence_cas": 452, "incidence_hosp": 13.01785752334385, "incidence_dc": 0.875640640583667, "population": 3426063, "taux_positivite": 24.4, "incidence_rea": 0.8172645978780892, "incidence_evol": -21.53}, "Nouvelle-Aquitaine": {"incidence_cas": 314, "incidence_hosp": 6.769370033530616, "incidence_dc": 0.8894062817777452, "population": 6071466, "taux_positivite": 20.2, "incidence_rea": 0.6258784945843392, "incidence_evol": -32.03}, "Centre": {"incidence_cas": 448, "incidence_hosp": 15.562779572869694, "incidence_dc": 1.0954383679932551, "population": 2647342, "taux_positivite": 25.8, "incidence_rea": 1.3976282626120842, "incidence_evol": -23.68}, "Bourgogne-Franche-Comt\u00e9": {"incidence_cas": 413, "incidence_hosp": 13.632847450846873, "incidence_dc": 1.5836135927751418, "population": 2904749, "taux_positivite": 23.6, "incidence_rea": 0.9983650910973718, "incidence_evol": -31.17}, "Bretagne": {"incidence_cas": 490, "incidence_hosp": 10.37519902991889, "incidence_dc": 1.0021499062989838, "population": 3392706, "taux_positivite": 28.6, "incidence_rea": 0.9137249145667206, "incidence_evol": -21.35}, "Corse": {"incidence_cas": 426, "incidence_hosp": 10.519260766463395, "incidence_dc": 1.5027515380661993, "population": 332723, "taux_positivite": 17.9, "incidence_rea": 1.803301845679439, "incidence_evol": -45.31}, "Pays de la Loire": {"incidence_cas": 442, "incidence_hosp": 8.742155616651765, "incidence_dc": 0.8113976769946248, "population": 3820568, "taux_positivite": 26.7, "incidence_rea": 1.2040094561855725, "incidence_evol": -19.2}, "Ile-de-France": {"incidence_cas": 271, "incidence_hosp": 6.402956448611246, "incidence_dc": 0.8177466728749995, "population": 12228726, "taux_positivite": 12.4, "incidence_rea": 0.9894734741787492, "incidence_evol": -34.06}, "Guadeloupe": {"incidence_cas": 687, "incidence_hosp": 6.67421429666141, "incidence_dc": 0.0, "population": 404542, "taux_positivite": 17.7, "incidence_rea": 0.7415793662957122, "incidence_evol": 0.59}, "Martinique": {"incidence_cas": 915, "incidence_hosp": 6.203554119547658, "incidence_dc": 0.25848142164781907, "population": 386875, "taux_positivite": 22.2, "incidence_rea": 0.7754442649434572, "incidence_evol": 59.97}, "Guyane": {"incidence_cas": 144, "incidence_hosp": 3.049001261524272, "incidence_dc": 0.381125157690534, "population": 262381, "taux_positivite": 9.8, "incidence_rea": 0.0, "incidence_evol": -8.28}, "La R\u00e9union": {"incidence_cas": 968, "incidence_hosp": 13.358175668141099, "incidence_dc": 0.3484741478645504, "population": 860896, "taux_positivite": 31.5, "incidence_rea": 1.0454224435936512, "incidence_evol": -27.16}, "Mayotte": {"incidence_cas": 25, "incidence_hosp": 0.0, "incidence_dc": 0.0, "population": 270372, "taux_positivite": 2.6, "incidence_rea": 0.0, "incidence_evol": -24.24}}, "donnees_france": {"incidence_cas": 405.00189264709024, "incidence_hosp": 9.92326677518191, "incidence_dc": 1.0221262774436621, "population": "67114995", "incidence_rea": 1.0623557373430483}, "date_donnees": "07/05", "date_update": "10/05"}