{"liste_regions": ["Auvergne-Rh\u00f4ne-Alpes", "Hauts-de-France", "Provence-Alpes-C\u00f4te d'Azur", "Grand Est", "Occitanie", "Normandie", "Nouvelle-Aquitaine", "Centre", "Bourgogne-Franche-Comt\u00e9", "Bretagne", "Corse", "Pays de la Loire", "Ile-de-France", "Guadeloupe", "Martinique", "Guyane", "La R\u00e9union", "Mayotte"], "donnees_regions": {"Auvergne-Rh\u00f4ne-Alpes": {"incidence_cas": 435, "incidence_hosp": 9.009470105599169, "incidence_dc": 1.2640522018859908, "population": 8069287, "taux_positivite": 19.1, "incidence_rea": 0.9914134916752868, "incidence_evol": 15.38}, "Hauts-de-France": {"incidence_cas": 795, "incidence_hosp": 11.511113211307903, "incidence_dc": 1.0464648373916274, "population": 6115829, "taux_positivite": 23.3, "incidence_rea": 1.275379020571046, "incidence_evol": 38.74}, "Provence-Alpes-C\u00f4te d'Azur": {"incidence_cas": 673, "incidence_hosp": 14.496161169027006, "incidence_dc": 1.748182037999192, "population": 5091003, "taux_positivite": 18.2, "incidence_rea": 0.8642697715951061, "incidence_evol": 16.64}, "Grand Est": {"incidence_cas": 989, "incidence_hosp": 13.730866565551159, "incidence_dc": 1.2146535807987562, "population": 5680632, "taux_positivite": 25.1, "incidence_rea": 1.3730866565551156, "incidence_evol": 29.96}, "Occitanie": {"incidence_cas": 580, "incidence_hosp": 11.398038793241945, "incidence_dc": 1.3867050163884858, "population": 5913298, "taux_positivite": 21.8, "incidence_rea": 1.2514167221066823, "incidence_evol": 3.2}, "Normandie": {"incidence_cas": 792, "incidence_hosp": 13.30973773687174, "incidence_dc": 1.0215807473476115, "population": 3426063, "taux_positivite": 25.0, "incidence_rea": 0.5253843843502002, "incidence_evol": 29.84}, "Nouvelle-Aquitaine": {"incidence_cas": 771, "incidence_hosp": 11.39757679611481, "incidence_dc": 1.0705816354732118, "population": 6071466, "taux_positivite": 29.6, "incidence_rea": 0.9552882285760969, "incidence_evol": 13.55}, "Centre": {"incidence_cas": 668, "incidence_hosp": 8.876828154428102, "incidence_dc": 1.0198908943385478, "population": 2647342, "taux_positivite": 26.7, "incidence_rea": 0.9065696838564871, "incidence_evol": 29.71}, "Bourgogne-Franche-Comt\u00e9": {"incidence_cas": 500, "incidence_hosp": 11.085295149425992, "incidence_dc": 1.3082025331620735, "population": 2904749, "taux_positivite": 22.6, "incidence_rea": 0.929512326194105, "incidence_evol": 16.28}, "Bretagne": {"incidence_cas": 992, "incidence_hosp": 12.467923834249122, "incidence_dc": 0.9431999118108083, "population": 3392706, "taux_positivite": 32.8, "incidence_rea": 0.9431999118108083, "incidence_evol": 27.02}, "Corse": {"incidence_cas": 631, "incidence_hosp": 12.022012304529595, "incidence_dc": 2.103852153292679, "population": 332723, "taux_positivite": 17.2, "incidence_rea": 1.803301845679439, "incidence_evol": 29.84}, "Pays de la Loire": {"incidence_cas": 654, "incidence_hosp": 7.511972041853462, "incidence_dc": 0.8113976769946248, "population": 3820568, "taux_positivite": 26.4, "incidence_rea": 0.8375717956073546, "incidence_evol": 26.01}, "Ile-de-France": {"incidence_cas": 407, "incidence_hosp": 6.591038183372495, "incidence_dc": 0.7686818725024995, "population": 12228726, "taux_positivite": 13.1, "incidence_rea": 1.0876030749237493, "incidence_evol": 33.88}, "Guadeloupe": {"incidence_cas": 1066, "incidence_hosp": 14.09000795961853, "incidence_dc": 1.9775449767885658, "population": 404542, "taux_positivite": 16.0, "incidence_rea": 1.4831587325914244, "incidence_evol": 105.39}, "Martinique": {"incidence_cas": 3362, "incidence_hosp": 9.822294022617125, "incidence_dc": 1.2924071082390953, "population": 386875, "taux_positivite": 26.3, "incidence_rea": 0.5169628432956381, "incidence_evol": 85.85}, "Guyane": {"incidence_cas": 97, "incidence_hosp": 3.430126419214806, "incidence_dc": 0.0, "population": 262381, "taux_positivite": 6.3, "incidence_rea": 0.0, "incidence_evol": 79.63}, "La R\u00e9union": {"incidence_cas": 1040, "incidence_hosp": 13.125859569564733, "incidence_dc": 1.2777385421700183, "population": 860896, "taux_positivite": 29.1, "incidence_rea": 1.2777385421700183, "incidence_evol": 9.36}, "Mayotte": {"incidence_cas": 15, "incidence_hosp": 0.0, "incidence_dc": 0.0, "population": 270372, "taux_positivite": 1.5, "incidence_rea": 0.0, "incidence_evol": -25.0}}, "donnees_france": {"incidence_cas": 679.4323682807396, "incidence_hosp": 10.58034795353855, "incidence_dc": 1.130894817171632, "population": "67114995", "incidence_rea": 1.0474559373803127}, "date_donnees": "12/03", "date_update": "15/03"}