{"liste_regions": ["Auvergne-Rh\u00f4ne-Alpes", "Hauts-de-France", "Provence-Alpes-C\u00f4te d'Azur", "Grand Est", "Occitanie", "Normandie", "Nouvelle-Aquitaine", "Centre", "Bourgogne-Franche-Comt\u00e9", "Bretagne", "Corse", "Pays de la Loire", "Ile-de-France", "Guadeloupe", "Martinique", "Guyane", "La R\u00e9union", "Mayotte"], "donnees_regions": {"Auvergne-Rh\u00f4ne-Alpes": {"incidence_cas": 1282, "incidence_hosp": 14.908380381067126, "incidence_dc": 1.1896961900103442, "population": 8069287, "taux_positivite": 33.3, "incidence_rea": 1.2144815273022262, "incidence_evol": 6.66}, "Hauts-de-France": {"incidence_cas": 1487, "incidence_hosp": 18.57475086370139, "incidence_dc": 1.275379020571046, "population": 6115829, "taux_positivite": 29.2, "incidence_rea": 1.9130685308565691, "incidence_evol": -5.04}, "Provence-Alpes-C\u00f4te d'Azur": {"incidence_cas": 1315, "incidence_hosp": 19.26928740760907, "incidence_dc": 1.4142596262465372, "population": 5091003, "taux_positivite": 25.3, "incidence_rea": 1.1392646989208217, "incidence_evol": -2.81}, "Grand Est": {"incidence_cas": 1437, "incidence_hosp": 20.525885147990575, "incidence_dc": 1.4258976818072355, "population": 5680632, "taux_positivite": 29.0, "incidence_rea": 1.7075564831518748, "incidence_evol": -11.35}, "Occitanie": {"incidence_cas": 1333, "incidence_hosp": 15.913285614897136, "incidence_dc": 0.7948187289055956, "population": 5913298, "taux_positivite": 30.9, "incidence_rea": 1.5727264210259655, "incidence_evol": -2.34}, "Normandie": {"incidence_cas": 1696, "incidence_hosp": 21.657511843769363, "incidence_dc": 1.488589088992234, "population": 3426063, "taux_positivite": 35.5, "incidence_rea": 1.196708875464345, "incidence_evol": -3.85}, "Nouvelle-Aquitaine": {"incidence_cas": 1109, "incidence_hosp": 15.41637555081425, "incidence_dc": 1.0046996886748605, "population": 6071466, "taux_positivite": 34.2, "incidence_rea": 1.2517569891686784, "incidence_evol": -3.14}, "Centre": {"incidence_cas": 1495, "incidence_hosp": 14.429567468049084, "incidence_dc": 1.2465333153026696, "population": 2647342, "taux_positivite": 37.4, "incidence_rea": 1.4731757362667914, "incidence_evol": -0.2}, "Bourgogne-Franche-Comt\u00e9": {"incidence_cas": 1418, "incidence_hosp": 19.829596292140906, "incidence_dc": 1.3770552980653405, "population": 2904749, "taux_positivite": 36.2, "incidence_rea": 1.85902465238821, "incidence_evol": 2.68}, "Bretagne": {"incidence_cas": 1643, "incidence_hosp": 22.75469787243575, "incidence_dc": 1.3558498732280369, "population": 3392706, "taux_positivite": 39.4, "incidence_rea": 1.4442748649603, "incidence_evol": -9.82}, "Corse": {"incidence_cas": 1788, "incidence_hosp": 22.541273070992986, "incidence_dc": 3.0055030761323986, "population": 332723, "taux_positivite": 28.6, "incidence_rea": 2.103852153292679, "incidence_evol": -11.09}, "Pays de la Loire": {"incidence_cas": 1446, "incidence_hosp": 14.212546406712299, "incidence_dc": 0.7852235583818952, "population": 3820568, "taux_positivite": 36.1, "incidence_rea": 0.9946165072837337, "incidence_evol": -1.7}, "Ile-de-France": {"incidence_cas": 1282, "incidence_hosp": 13.41922290187874, "incidence_dc": 0.8177466728749995, "population": 12228726, "taux_positivite": 23.9, "incidence_rea": 1.357459476972499, "incidence_evol": -7.1}, "Guadeloupe": {"incidence_cas": 734, "incidence_hosp": 5.191055564069986, "incidence_dc": 0.0, "population": 404542, "taux_positivite": 15.5, "incidence_rea": 0.24719312209857072, "incidence_evol": -14.95}, "Martinique": {"incidence_cas": 595, "incidence_hosp": 8.01292407108239, "incidence_dc": 0.0, "population": 386875, "taux_positivite": 10.2, "incidence_rea": 0.0, "incidence_evol": -25.35}, "Guyane": {"incidence_cas": 165, "incidence_hosp": 4.573501892286408, "incidence_dc": 0.381125157690534, "population": 262381, "taux_positivite": 11.0, "incidence_rea": 0.381125157690534, "incidence_evol": 17.02}, "La R\u00e9union": {"incidence_cas": 1596, "incidence_hosp": 12.545069323123816, "incidence_dc": 1.1615804928818347, "population": 860896, "taux_positivite": 38.2, "incidence_rea": 1.1615804928818347, "incidence_evol": 4.11}, "Mayotte": {"incidence_cas": 25, "incidence_hosp": 0.0, "incidence_dc": 0.0, "population": 270372, "taux_positivite": 3.0, "incidence_rea": 0.0, "incidence_evol": 25.0}}, "donnees_france": {"incidence_cas": 1399.4756313399114, "incidence_hosp": 16.786114638017928, "incidence_dc": 1.1264248771828114, "population": "67114995", "incidence_rea": 1.408031096478514}, "date_donnees": "08/04", "date_update": "11/04"}