{"liste_regions": ["Auvergne-Rh\u00f4ne-Alpes", "Hauts-de-France", "Provence-Alpes-C\u00f4te d'Azur", "Grand Est", "Occitanie", "Normandie", "Nouvelle-Aquitaine", "Centre", "Bourgogne-Franche-Comt\u00e9", "Bretagne", "Corse", "Pays de la Loire", "Ile-de-France", "Guadeloupe", "Martinique", "Guyane", "La R\u00e9union", "Mayotte"], "donnees_regions": {"Auvergne-Rh\u00f4ne-Alpes": {"incidence_cas": 565, "incidence_hosp": 9.158182129350461, "incidence_dc": 1.3012302078238138, "population": 8069287, "taux_positivite": 22.5, "incidence_rea": 0.9418428170915224, "incidence_evol": 47.52}, "Hauts-de-France": {"incidence_cas": 972, "incidence_hosp": 12.39406791785709, "incidence_dc": 0.9320077458019183, "population": 6115829, "taux_positivite": 25.0, "incidence_rea": 1.3898361121607554, "incidence_evol": 43.57}, "Provence-Alpes-C\u00f4te d'Azur": {"incidence_cas": 805, "incidence_hosp": 15.439000919858032, "incidence_dc": 2.0035344705159277, "population": 5091003, "taux_positivite": 20.2, "incidence_rea": 0.805342287168167, "incidence_evol": 30.26}, "Grand Est": {"incidence_cas": 1179, "incidence_hosp": 14.100543742315995, "incidence_dc": 1.3730866565551156, "population": 5680632, "taux_positivite": 26.5, "incidence_rea": 1.1618425555466363, "incidence_evol": 36.46}, "Occitanie": {"incidence_cas": 701, "incidence_hosp": 10.26499932863184, "incidence_dc": 1.2683277588919077, "population": 5913298, "taux_positivite": 24.3, "incidence_rea": 1.200683611751006, "incidence_evol": 25.4}, "Normandie": {"incidence_cas": 987, "incidence_hosp": 14.623198697747238, "incidence_dc": 0.9923927259948226, "population": 3426063, "taux_positivite": 27.6, "incidence_rea": 0.5545724057029892, "incidence_evol": 43.25}, "Nouvelle-Aquitaine": {"incidence_cas": 909, "incidence_hosp": 11.348165336016047, "incidence_dc": 1.0211701753744482, "population": 6071466, "taux_positivite": 31.5, "incidence_rea": 0.8399948216789817, "incidence_evol": 29.67}, "Centre": {"incidence_cas": 816, "incidence_hosp": 9.443434206838406, "incidence_dc": 0.9821171575111943, "population": 2647342, "taux_positivite": 29.6, "incidence_rea": 0.8310222102017797, "incidence_evol": 36.91}, "Bourgogne-Franche-Comt\u00e9": {"incidence_cas": 649, "incidence_hosp": 13.357436391233803, "incidence_dc": 1.3082025331620735, "population": 2904749, "taux_positivite": 25.6, "incidence_rea": 0.9983650910973718, "incidence_evol": 48.17}, "Bretagne": {"incidence_cas": 1189, "incidence_hosp": 13.204798765351317, "incidence_dc": 1.1495248925194226, "population": 3392706, "taux_positivite": 35.4, "incidence_rea": 0.7663499283462818, "incidence_evol": 35.42}, "Corse": {"incidence_cas": 931, "incidence_hosp": 10.519260766463395, "incidence_dc": 1.5027515380661993, "population": 332723, "taux_positivite": 21.6, "incidence_rea": 1.803301845679439, "incidence_evol": 75.33}, "Pays de la Loire": {"incidence_cas": 802, "incidence_hosp": 8.297195600235357, "incidence_dc": 0.9946165072837337, "population": 3820568, "taux_positivite": 28.8, "incidence_rea": 0.8375717956073546, "incidence_evol": 39.48}, "Ile-de-France": {"incidence_cas": 539, "incidence_hosp": 7.367897522603745, "incidence_dc": 0.6214874713849996, "population": 12228726, "taux_positivite": 15.6, "incidence_rea": 0.9240537403487494, "incidence_evol": 52.69}, "Guadeloupe": {"incidence_cas": 1010, "incidence_hosp": 11.865269860731395, "incidence_dc": 2.471931220985707, "population": 404542, "taux_positivite": 14.9, "incidence_rea": 0.9887724883942829, "incidence_evol": 3.06}, "Martinique": {"incidence_cas": 2191, "incidence_hosp": 10.339256865912763, "incidence_dc": 1.5508885298869144, "population": 386875, "taux_positivite": 20.1, "incidence_rea": 0.7754442649434572, "incidence_evol": -42.49}, "Guyane": {"incidence_cas": 103, "incidence_hosp": 6.098002523048544, "incidence_dc": 0.0, "population": 262381, "taux_positivite": 7.1, "incidence_rea": 0.381125157690534, "incidence_evol": 13.19}, "La R\u00e9union": {"incidence_cas": 1040, "incidence_hosp": 12.893543470988364, "incidence_dc": 0.9292643943054678, "population": 860896, "taux_positivite": 31.3, "incidence_rea": 0.8131063450172844, "incidence_evol": 2.36}, "Mayotte": {"incidence_cas": 19, "incidence_hosp": 0.0, "incidence_dc": 0.0, "population": 270372, "taux_positivite": 1.7, "incidence_rea": 0.0, "incidence_evol": 26.67}}, "donnees_france": {"incidence_cas": 823.029190421604, "incidence_hosp": 11.07800127229392, "incidence_dc": 1.130894817171632, "population": "67114995", "incidence_rea": 0.9714669575703611}, "date_donnees": "16/03", "date_update": "19/03"}