{"liste_regions": ["Auvergne-Rh\u00f4ne-Alpes", "Hauts-de-France", "Provence-Alpes-C\u00f4te d'Azur", "Grand Est", "Occitanie", "Normandie", "Nouvelle-Aquitaine", "Centre", "Bourgogne-Franche-Comt\u00e9", "Bretagne", "Corse", "Pays de la Loire", "Ile-de-France", "Guadeloupe", "Martinique", "Guyane", "La R\u00e9union", "Mayotte"], "donnees_regions": {"Auvergne-Rh\u00f4ne-Alpes": {"incidence_cas": 438, "incidence_hosp": 9.567140194666518, "incidence_dc": 0.8550941365699348, "population": 8069287, "taux_positivite": 7.1, "incidence_rea": 1.9704343147046324, "incidence_evol": 75.9}, "Hauts-de-France": {"incidence_cas": 329, "incidence_hosp": 6.720266377624358, "incidence_dc": 0.5232324186958137, "population": 6115829, "taux_positivite": 5.4, "incidence_rea": 1.716856373845639, "incidence_evol": 53.74}, "Provence-Alpes-C\u00f4te d'Azur": {"incidence_cas": 454, "incidence_hosp": 13.926528819566597, "incidence_dc": 1.0606947196849028, "population": 5091003, "taux_positivite": 6.2, "incidence_rea": 2.553524325167359, "incidence_evol": 65.69}, "Grand Est": {"incidence_cas": 347, "incidence_hosp": 8.819441217104012, "incidence_dc": 0.9153911043700772, "population": 5680632, "taux_positivite": 5.3, "incidence_rea": 1.848385883824194, "incidence_evol": 53.54}, "Occitanie": {"incidence_cas": 372, "incidence_hosp": 8.776828091532002, "incidence_dc": 0.7948187289055956, "population": 5913298, "taux_positivite": 6.1, "incidence_rea": 2.671943812065619, "incidence_evol": 73.83}, "Normandie": {"incidence_cas": 194, "incidence_hosp": 5.633288121088258, "incidence_dc": 0.7880765765253004, "population": 3426063, "taux_positivite": 4.0, "incidence_rea": 0.9923927259948226, "incidence_evol": 46.97}, "Nouvelle-Aquitaine": {"incidence_cas": 331, "incidence_hosp": 6.275255432542981, "incidence_dc": 0.6258784945843392, "population": 6071466, "taux_positivite": 5.9, "incidence_rea": 1.3835208827653815, "incidence_evol": 56.13}, "Centre": {"incidence_cas": 229, "incidence_hosp": 6.006024155549226, "incidence_dc": 0.793248473374426, "population": 2647342, "taux_positivite": 5.4, "incidence_rea": 1.0954383679932551, "incidence_evol": 32.37}, "Bourgogne-Franche-Comt\u00e9": {"incidence_cas": 346, "incidence_hosp": 10.121356440780254, "incidence_dc": 1.1704970033555395, "population": 2904749, "taux_positivite": 6.4, "incidence_rea": 1.9278774172914768, "incidence_evol": 75.63}, "Bretagne": {"incidence_cas": 234, "incidence_hosp": 4.362299592124988, "incidence_dc": 0.41264996141722865, "population": 3392706, "taux_positivite": 4.9, "incidence_rea": 0.7958249255903695, "incidence_evol": 54.97}, "Corse": {"incidence_cas": 415, "incidence_hosp": 10.819811074076634, "incidence_dc": 1.2022012304529595, "population": 332723, "taux_positivite": 5.6, "incidence_rea": 2.7049527685191586, "incidence_evol": 27.69}, "Pays de la Loire": {"incidence_cas": 293, "incidence_hosp": 7.538146160466193, "incidence_dc": 0.8637459142200846, "population": 3820568, "taux_positivite": 5.5, "incidence_rea": 1.4919247609256006, "incidence_evol": 43.63}, "Ile-de-France": {"incidence_cas": 342, "incidence_hosp": 7.874900459786244, "incidence_dc": 0.6378424048424995, "population": 12228726, "taux_positivite": 5.0, "incidence_rea": 2.1179638827462486, "incidence_evol": 63.64}, "Guadeloupe": {"incidence_cas": 39, "incidence_hosp": 2.966317465182849, "incidence_dc": 1.4831587325914244, "population": 404542, "taux_positivite": 2.0, "incidence_rea": 0.9887724883942829, "incidence_evol": -13.33}, "Martinique": {"incidence_cas": 156, "incidence_hosp": 18.86914378029079, "incidence_dc": 3.618739903069467, "population": 386875, "taux_positivite": 3.9, "incidence_rea": 6.462035541195476, "incidence_evol": -4.88}, "Guyane": {"incidence_cas": 93, "incidence_hosp": 9.528128942263349, "incidence_dc": 1.143375473071602, "population": 262381, "taux_positivite": 4.0, "incidence_rea": 0.762250315381068, "incidence_evol": 20.78}, "La R\u00e9union": {"incidence_cas": 259, "incidence_hosp": 4.8786380701037055, "incidence_dc": 0.4646321971527339, "population": 860896, "taux_positivite": 4.8, "incidence_rea": 1.0454224435936512, "incidence_evol": 12.12}, "Mayotte": {"incidence_cas": 22, "incidence_hosp": 0.7397215688015031, "incidence_dc": 0.0, "population": 270372, "taux_positivite": 1.4, "incidence_rea": 0.0, "incidence_evol": -29.03}}, "donnees_france": {"incidence_cas": 342.7579783027623, "incidence_hosp": 8.23660941940024, "incidence_dc": 0.7896893980249867, "population": "67114995", "incidence_rea": 1.865454955334497}, "date_donnees": "29/11", "date_update": "02/12"}