{"liste_regions": ["Auvergne-Rh\u00f4ne-Alpes", "Hauts-de-France", "Provence-Alpes-C\u00f4te d'Azur", "Grand Est", "Occitanie", "Normandie", "Nouvelle-Aquitaine", "Centre", "Bourgogne-Franche-Comt\u00e9", "Bretagne", "Corse", "Pays de la Loire", "Ile-de-France", "Guadeloupe", "Martinique", "Guyane", "La R\u00e9union", "Mayotte"], "donnees_regions": {"Auvergne-Rh\u00f4ne-Alpes": {"incidence_cas": 671, "incidence_hosp": 14.127642256372836, "incidence_dc": 1.4127642256372839, "population": 8069287, "taux_positivite": 7.9, "incidence_rea": 2.9618478063799194, "incidence_evol": 31.31}, "Hauts-de-France": {"incidence_cas": 446, "incidence_hosp": 9.123865301008253, "incidence_dc": 1.0464648373916274, "population": 6115829, "taux_positivite": 5.9, "incidence_rea": 2.338194871046918, "incidence_evol": 20.22}, "Provence-Alpes-C\u00f4te d'Azur": {"incidence_cas": 694, "incidence_hosp": 22.746008988798476, "incidence_dc": 2.0035344705159277, "population": 5091003, "taux_positivite": 7.1, "incidence_rea": 4.242778878739611, "incidence_evol": 37.7}, "Grand Est": {"incidence_cas": 485, "incidence_hosp": 12.26976153357584, "incidence_dc": 1.285068281134916, "population": 5680632, "taux_positivite": 5.8, "incidence_rea": 2.6581549376900315, "incidence_evol": 23.1}, "Occitanie": {"incidence_cas": 562, "incidence_hosp": 12.497256184281598, "incidence_dc": 1.2683277588919077, "population": 5913298, "taux_positivite": 6.7, "incidence_rea": 3.0439866213405784, "incidence_evol": 31.92}, "Normandie": {"incidence_cas": 259, "incidence_hosp": 8.814782448542248, "incidence_dc": 0.9340166832892448, "population": 3426063, "taux_positivite": 4.5, "incidence_rea": 1.7804693025201228, "incidence_evol": 20.47}, "Nouvelle-Aquitaine": {"incidence_cas": 454, "incidence_hosp": 9.668175692658082, "incidence_dc": 1.1035226088723877, "population": 6071466, "taux_positivite": 6.3, "incidence_rea": 1.992928890650133, "incidence_evol": 21.07}, "Centre": {"incidence_cas": 341, "incidence_hosp": 9.632302890975174, "incidence_dc": 1.0954383679932551, "population": 2647342, "taux_positivite": 6.0, "incidence_rea": 1.9642343150223887, "incidence_evol": 31.66}, "Bourgogne-Franche-Comt\u00e9": {"incidence_cas": 552, "incidence_hosp": 16.283678899622654, "incidence_dc": 1.5836135927751418, "population": 2904749, "taux_positivite": 7.5, "incidence_rea": 2.8918161259372153, "incidence_evol": 33.33}, "Bretagne": {"incidence_cas": 305, "incidence_hosp": 6.101324429526166, "incidence_dc": 0.9431999118108083, "population": 3392706, "taux_positivite": 5.0, "incidence_rea": 0.8252999228344573, "incidence_evol": 14.23}, "Corse": {"incidence_cas": 556, "incidence_hosp": 20.437420917700308, "incidence_dc": 3.3060533837456383, "population": 332723, "taux_positivite": 6.2, "incidence_rea": 3.3060533837456383, "incidence_evol": 32.7}, "Pays de la Loire": {"incidence_cas": 396, "incidence_hosp": 8.401892074686277, "incidence_dc": 1.125487100347383, "population": 3820568, "taux_positivite": 5.8, "incidence_rea": 1.5704471167637903, "incidence_evol": 20.36}, "Ile-de-France": {"incidence_cas": 489, "incidence_hosp": 11.440275953521242, "incidence_dc": 1.1530228087537493, "population": 12228726, "taux_positivite": 5.4, "incidence_rea": 2.739451354131248, "incidence_evol": 26.36}, "Guadeloupe": {"incidence_cas": 45, "incidence_hosp": 1.2359656104928536, "incidence_dc": 0.9887724883942829, "population": 404542, "taux_positivite": 1.6, "incidence_rea": 0.49438624419714144, "incidence_evol": 21.62}, "Martinique": {"incidence_cas": 174, "incidence_hosp": 19.38610662358643, "incidence_dc": 3.8772213247172855, "population": 386875, "taux_positivite": 3.2, "incidence_rea": 7.4959612277867524, "incidence_evol": 2.35}, "Guyane": {"incidence_cas": 92, "incidence_hosp": 11.052629573025486, "incidence_dc": 1.524500630762136, "population": 262381, "taux_positivite": 3.4, "incidence_rea": 1.143375473071602, "incidence_evol": -7.07}, "La R\u00e9union": {"incidence_cas": 344, "incidence_hosp": 6.853324908002826, "incidence_dc": 0.4646321971527339, "population": 860896, "taux_positivite": 5.1, "incidence_rea": 1.742370739322752, "incidence_evol": 25.09}, "Mayotte": {"incidence_cas": 31, "incidence_hosp": 1.4794431376030062, "incidence_dc": 0.0, "population": 270372, "taux_positivite": 1.3, "incidence_rea": 0.0, "incidence_evol": 34.78}}, "donnees_france": {"incidence_cas": 496.14098905915137, "incidence_hosp": 12.03307844990527, "incidence_dc": 1.2754228768101674, "population": "67114995", "incidence_rea": 2.577665393553259}, "date_donnees": "08/12", "date_update": "11/12"}