{"liste_regions": ["Auvergne-Rh\u00f4ne-Alpes", "Hauts-de-France", "Provence-Alpes-C\u00f4te d'Azur", "Grand Est", "Occitanie", "Normandie", "Nouvelle-Aquitaine", "Centre", "Bourgogne-Franche-Comt\u00e9", "Bretagne", "Corse", "Pays de la Loire", "Ile-de-France", "Guadeloupe", "Martinique", "Guyane", "La R\u00e9union", "Mayotte"], "donnees_regions": {"Auvergne-Rh\u00f4ne-Alpes": {"incidence_cas": 969, "incidence_hosp": 15.589977156593886, "incidence_dc": 1.2640522018859908, "population": 8069287, "taux_positivite": 31.2, "incidence_rea": 1.5366909120966945, "incidence_evol": -28.17}, "Hauts-de-France": {"incidence_cas": 865, "incidence_hosp": 15.778727626295632, "incidence_dc": 1.3244320598237787, "population": 6115829, "taux_positivite": 30.9, "incidence_rea": 1.3898361121607554, "incidence_evol": -32.32}, "Provence-Alpes-C\u00f4te d'Azur": {"incidence_cas": 931, "incidence_hosp": 18.6603700685307, "incidence_dc": 1.9249644912800092, "population": 5091003, "taux_positivite": 25.9, "incidence_rea": 1.3356896470106185, "incidence_evol": -25.82}, "Grand Est": {"incidence_cas": 844, "incidence_hosp": 16.03694800156039, "incidence_dc": 1.4435013568912753, "population": 5680632, "taux_positivite": 31.2, "incidence_rea": 1.6547454578997547, "incidence_evol": -33.02}, "Occitanie": {"incidence_cas": 994, "incidence_hosp": 13.985427421381436, "incidence_dc": 1.1499505013953297, "population": 5913298, "taux_positivite": 30.0, "incidence_rea": 1.5389043474555146, "incidence_evol": -27.18}, "Normandie": {"incidence_cas": 986, "incidence_hosp": 19.03058992201836, "incidence_dc": 1.809657323872912, "population": 3426063, "taux_positivite": 36.8, "incidence_rea": 0.9340166832892448, "incidence_evol": -33.65}, "Nouvelle-Aquitaine": {"incidence_cas": 760, "incidence_hosp": 11.726986530106567, "incidence_dc": 1.1199930955719757, "population": 6071466, "taux_positivite": 30.5, "incidence_rea": 1.0541111487736239, "incidence_evol": -32.98}, "Centre": {"incidence_cas": 903, "incidence_hosp": 16.318254309416766, "incidence_dc": 1.1709858416479624, "population": 2647342, "taux_positivite": 37.2, "incidence_rea": 1.6620444204035594, "incidence_evol": -34.52}, "Bourgogne-Franche-Comt\u00e9": {"incidence_cas": 999, "incidence_hosp": 21.000093295496445, "incidence_dc": 1.7901718874849428, "population": 2904749, "taux_positivite": 34.1, "incidence_rea": 1.5147608278718747, "incidence_evol": -30.91}, "Bretagne": {"incidence_cas": 961, "incidence_hosp": 18.7755732444839, "incidence_dc": 1.4147998677162124, "population": 3392706, "taux_positivite": 40.2, "incidence_rea": 2.0042998125979676, "incidence_evol": -35.24}, "Corse": {"incidence_cas": 1334, "incidence_hosp": 24.945675531898907, "incidence_dc": 3.0055030761323986, "population": 332723, "taux_positivite": 29.3, "incidence_rea": 2.7049527685191586, "incidence_evol": -20.45}, "Pays de la Loire": {"incidence_cas": 870, "incidence_hosp": 11.987746324630265, "incidence_dc": 0.8375717956073546, "population": 3820568, "taux_positivite": 37.8, "incidence_rea": 1.5180988795383303, "incidence_evol": -34.14}, "Ile-de-France": {"incidence_cas": 812, "incidence_hosp": 10.606174347188743, "incidence_dc": 0.7768593392312494, "population": 12228726, "taux_positivite": 20.7, "incidence_rea": 1.1693777422112492, "incidence_evol": -31.53}, "Guadeloupe": {"incidence_cas": 572, "incidence_hosp": 7.415793662957121, "incidence_dc": 0.49438624419714144, "population": 404542, "taux_positivite": 17.2, "incidence_rea": 0.9887724883942829, "incidence_evol": -14.11}, "Martinique": {"incidence_cas": 466, "incidence_hosp": 2.3263327948303716, "incidence_dc": 0.25848142164781907, "population": 386875, "taux_positivite": 14.9, "incidence_rea": 0.0, "incidence_evol": -10.04}, "Guyane": {"incidence_cas": 132, "incidence_hosp": 6.098002523048544, "incidence_dc": 0.0, "population": 262381, "taux_positivite": 8.8, "incidence_rea": 0.381125157690534, "incidence_evol": -23.7}, "La R\u00e9union": {"incidence_cas": 1686, "incidence_hosp": 14.635914210311116, "incidence_dc": 0.9292643943054678, "population": 860896, "taux_positivite": 40.3, "incidence_rea": 1.1615804928818347, "incidence_evol": -7.11}, "Mayotte": {"incidence_cas": 17, "incidence_hosp": 0.7397215688015031, "incidence_dc": 0.0, "population": 270372, "taux_positivite": 2.2, "incidence_rea": 0.0, "incidence_evol": -41.38}}, "donnees_france": {"incidence_cas": 926.4948913428362, "incidence_hosp": 14.86255046282876, "incidence_dc": 1.2515831968697906, "population": "67114995", "incidence_rea": 1.3990912165008729}, "date_donnees": "20/04", "date_update": "23/04"}