{"liste_regions": ["Auvergne-Rh\u00f4ne-Alpes", "Hauts-de-France", "Provence-Alpes-C\u00f4te d'Azur", "Grand Est", "Occitanie", "Normandie", "Nouvelle-Aquitaine", "Centre", "Bourgogne-Franche-Comt\u00e9", "Bretagne", "Corse", "Pays de la Loire", "Ile-de-France", "Guadeloupe", "Martinique", "Guyane", "La R\u00e9union", "Mayotte"], "donnees_regions": {"Auvergne-Rh\u00f4ne-Alpes": {"incidence_cas": 335, "incidence_hosp": 7.708239897775355, "incidence_dc": 0.5576700890673488, "population": 8069287, "taux_positivite": 6.5, "incidence_rea": 1.474727568866989, "incidence_evol": 76.32}, "Hauts-de-France": {"incidence_cas": 266, "incidence_hosp": 5.853662684159416, "incidence_dc": 0.7194445757067439, "population": 6115829, "taux_positivite": 5.1, "incidence_rea": 1.5860482691716855, "incidence_evol": 60.24}, "Provence-Alpes-C\u00f4te d'Azur": {"incidence_cas": 361, "incidence_hosp": 10.783729650129846, "incidence_dc": 0.5107048650334718, "population": 5091003, "taux_positivite": 5.7, "incidence_rea": 1.6499695639542933, "incidence_evol": 64.09}, "Grand Est": {"incidence_cas": 277, "incidence_hosp": 6.795018582439418, "incidence_dc": 0.5809212777733181, "population": 5680632, "taux_positivite": 4.9, "incidence_rea": 1.4963123821433952, "incidence_evol": 53.04}, "Occitanie": {"incidence_cas": 284, "incidence_hosp": 8.540073576538845, "incidence_dc": 0.5918862874828902, "population": 5913298, "taux_positivite": 5.6, "incidence_rea": 2.1138795981531797, "incidence_evol": 69.05}, "Normandie": {"incidence_cas": 161, "incidence_hosp": 4.23226309615439, "incidence_dc": 0.8464526192308781, "population": 3426063, "taux_positivite": 3.8, "incidence_rea": 0.7297005338197226, "incidence_evol": 50.47}, "Nouvelle-Aquitaine": {"incidence_cas": 264, "incidence_hosp": 4.825852602979247, "incidence_dc": 0.7411719014814544, "population": 6071466, "taux_positivite": 5.5, "incidence_rea": 1.0046996886748605, "incidence_evol": 49.15}, "Centre": {"incidence_cas": 196, "incidence_hosp": 5.061680734865385, "incidence_dc": 0.793248473374426, "population": 2647342, "taux_positivite": 5.2, "incidence_rea": 1.0198908943385478, "incidence_evol": 34.25}, "Bourgogne-Franche-Comt\u00e9": {"incidence_cas": 262, "incidence_hosp": 7.780362434069175, "incidence_dc": 0.9639387086457384, "population": 2904749, "taux_positivite": 5.7, "incidence_rea": 1.0327914735490056, "incidence_evol": 78.23}, "Bretagne": {"incidence_cas": 186, "incidence_hosp": 3.7727996472432332, "incidence_dc": 0.4421249586613164, "population": 3392706, "taux_positivite": 4.5, "incidence_rea": 0.854774920078545, "incidence_evol": 35.77}, "Corse": {"incidence_cas": 364, "incidence_hosp": 9.016509228397195, "incidence_dc": 0.0, "population": 332723, "taux_positivite": 5.1, "incidence_rea": 3.0055030761323986, "incidence_evol": 27.72}, "Pays de la Loire": {"incidence_cas": 239, "incidence_hosp": 6.857619076535217, "incidence_dc": 0.7328753211564354, "population": 3820568, "taux_positivite": 5.1, "incidence_rea": 1.1516612189601128, "incidence_evol": 26.46}, "Ile-de-France": {"incidence_cas": 270, "incidence_hosp": 6.075857779461246, "incidence_dc": 0.6541973382999996, "population": 12228726, "taux_positivite": 4.7, "incidence_rea": 1.5782510786487487, "incidence_evol": 65.64}, "Guadeloupe": {"incidence_cas": 45, "incidence_hosp": 2.471931220985707, "incidence_dc": 0.24719312209857072, "population": 404542, "taux_positivite": 2.5, "incidence_rea": 0.9887724883942829, "incidence_evol": -16.67}, "Martinique": {"incidence_cas": 155, "incidence_hosp": 16.80129240710824, "incidence_dc": 2.8432956381260097, "population": 386875, "taux_positivite": 2.6, "incidence_rea": 6.720516962843296, "incidence_evol": -1.27}, "Guyane": {"incidence_cas": 86, "incidence_hosp": 9.528128942263349, "incidence_dc": 1.143375473071602, "population": 262381, "taux_positivite": 4.0, "incidence_rea": 1.143375473071602, "incidence_evol": -2.27}, "La R\u00e9union": {"incidence_cas": 244, "incidence_hosp": 4.8786380701037055, "incidence_dc": 0.3484741478645504, "population": 860896, "taux_positivite": 4.7, "incidence_rea": 1.6262126900345688, "incidence_evol": 9.42}, "Mayotte": {"incidence_cas": 26, "incidence_hosp": 1.8493039220037577, "incidence_dc": 0.36986078440075154, "population": 270372, "taux_positivite": 1.7, "incidence_rea": 0.0, "incidence_evol": -23.53}}, "donnees_france": {"incidence_cas": 271.21658878168734, "incidence_hosp": 6.74662942312668, "incidence_dc": 0.6675110383305549, "population": "67114995", "incidence_rea": 1.4542204763629945}, "date_donnees": "25/11", "date_update": "28/11"}