{"liste_regions": ["Auvergne-Rh\u00f4ne-Alpes", "Hauts-de-France", "Provence-Alpes-C\u00f4te d'Azur", "Grand Est", "Occitanie", "Normandie", "Nouvelle-Aquitaine", "Centre", "Bourgogne-Franche-Comt\u00e9", "Bretagne", "Corse", "Pays de la Loire", "Ile-de-France", "Guadeloupe", "Martinique", "Guyane", "La R\u00e9union", "Mayotte"], "donnees_regions": {"Auvergne-Rh\u00f4ne-Alpes": {"incidence_cas": 39, "incidence_hosp": 1.9952196519965149, "incidence_dc": 0.3098167161485271, "population": 8069287, "taux_positivite": 0.9, "incidence_rea": 0.37178005937823255, "incidence_evol": -20.41}, "Hauts-de-France": {"incidence_cas": 30, "incidence_hosp": 1.3080810467395345, "incidence_dc": 0.31066924860063944, "population": 6115829, "taux_positivite": 0.7, "incidence_rea": 0.3924243140218603, "incidence_evol": 0.0}, "Provence-Alpes-C\u00f4te d'Azur": {"incidence_cas": 67, "incidence_hosp": 3.4570790863804244, "incidence_dc": 0.6089173390783702, "population": 5091003, "taux_positivite": 1.0, "incidence_rea": 0.7071298131232686, "incidence_evol": -22.99}, "Grand Est": {"incidence_cas": 32, "incidence_hosp": 1.5843307575635952, "incidence_dc": 0.2464514511765592, "population": 5680632, "taux_positivite": 0.6, "incidence_rea": 0.4752992272690785, "incidence_evol": -15.79}, "Occitanie": {"incidence_cas": 34, "incidence_hosp": 1.3021498324623586, "incidence_dc": 0.3213096989192833, "population": 5913298, "taux_positivite": 0.7, "incidence_rea": 0.3213096989192833, "incidence_evol": -24.44}, "Normandie": {"incidence_cas": 23, "incidence_hosp": 1.0215807473476115, "incidence_dc": 0.0291880213527889, "population": 3426063, "taux_positivite": 0.6, "incidence_rea": 0.1459401067639445, "incidence_evol": -8.0}, "Nouvelle-Aquitaine": {"incidence_cas": 28, "incidence_hosp": 1.0870521221727998, "incidence_dc": 0.13176389359670299, "population": 6071466, "taux_positivite": 0.8, "incidence_rea": 0.3129392472921696, "incidence_evol": -12.5}, "Centre": {"incidence_cas": 27, "incidence_hosp": 0.9443434206838407, "incidence_dc": 0.037773736827353625, "population": 2647342, "taux_positivite": 0.9, "incidence_rea": 0.1888686841367681, "incidence_evol": -15.62}, "Bourgogne-Franche-Comt\u00e9": {"incidence_cas": 29, "incidence_hosp": 1.7901718874849428, "incidence_dc": 0.17213191225816757, "population": 2904749, "taux_positivite": 0.8, "incidence_rea": 0.20655829470980108, "incidence_evol": -19.44}, "Bretagne": {"incidence_cas": 28, "incidence_hosp": 1.208474887007598, "incidence_dc": 0.05894999448817552, "population": 3392706, "taux_positivite": 0.9, "incidence_rea": 0.3536999669290531, "incidence_evol": 0.0}, "Corse": {"incidence_cas": 53, "incidence_hosp": 1.5027515380661993, "incidence_dc": 0.0, "population": 332723, "taux_positivite": 0.8, "incidence_rea": 0.30055030761323986, "incidence_evol": 8.16}, "Pays de la Loire": {"incidence_cas": 37, "incidence_hosp": 1.7798400656656288, "incidence_dc": 0.10469647445091933, "population": 3820568, "taux_positivite": 1.1, "incidence_rea": 0.4449600164164072, "incidence_evol": -11.9}, "Ile-de-France": {"incidence_cas": 62, "incidence_hosp": 2.1833836165762484, "incidence_dc": 0.3516310693362497, "population": 12228726, "taux_positivite": 1.1, "incidence_rea": 0.5233578706399996, "incidence_evol": -3.12}, "Guadeloupe": {"incidence_cas": 71, "incidence_hosp": 6.427021174562839, "incidence_dc": 3.7078968314785605, "population": 404542, "taux_positivite": 2.0, "incidence_rea": 3.2135105872814194, "incidence_evol": -11.25}, "Martinique": {"incidence_cas": 154, "incidence_hosp": 17.059773828756057, "incidence_dc": 4.652665589660743, "population": 386875, "taux_positivite": 3.6, "incidence_rea": 5.169628432956381, "incidence_evol": 16.67}, "Guyane": {"incidence_cas": 378, "incidence_hosp": 35.44463966521966, "incidence_dc": 5.71687736535801, "population": 262381, "taux_positivite": 11.2, "incidence_rea": 5.71687736535801, "incidence_evol": -25.74}, "La R\u00e9union": {"incidence_cas": 29, "incidence_hosp": 1.8585287886109356, "incidence_dc": 0.23231609857636695, "population": 860896, "taux_positivite": 0.7, "incidence_rea": 0.23231609857636695, "incidence_evol": -14.71}, "Mayotte": {"incidence_cas": 22, "incidence_hosp": 1.8493039220037577, "incidence_dc": 0.7397215688015031, "population": 270372, "taux_positivite": 1.1, "incidence_rea": 0.0, "incidence_evol": -38.89}}, "donnees_france": {"incidence_cas": 43.07979163225744, "incidence_hosp": 2.0099830149730327, "incidence_dc": 0.33375551916527746, "population": "67114995", "incidence_rea": 0.46934369882617144}, "date_donnees": "08/10", "date_update": "11/10"}