{"liste_regions": ["Auvergne-Rh\u00f4ne-Alpes", "Hauts-de-France", "Provence-Alpes-C\u00f4te d'Azur", "Grand Est", "Occitanie", "Normandie", "Nouvelle-Aquitaine", "Centre", "Bourgogne-Franche-Comt\u00e9", "Bretagne", "Corse", "Pays de la Loire", "Ile-de-France", "Guadeloupe", "Martinique", "Guyane", "La R\u00e9union", "Mayotte"], "donnees_regions": {"Auvergne-Rh\u00f4ne-Alpes": {"incidence_cas": 657, "incidence_hosp": 14.090464250435014, "incidence_dc": 1.326015545115696, "population": 8069287, "taux_positivite": 7.9, "incidence_rea": 2.899884463150214, "incidence_evol": 37.74}, "Hauts-de-France": {"incidence_cas": 443, "incidence_hosp": 8.698738960817904, "incidence_dc": 1.0464648373916274, "population": 6115829, "taux_positivite": 5.9, "incidence_rea": 2.2727908187099413, "incidence_evol": 26.21}, "Provence-Alpes-C\u00f4te d'Azur": {"incidence_cas": 663, "incidence_hosp": 22.274589113382962, "incidence_dc": 1.9838919757069482, "population": 5091003, "taux_positivite": 6.9, "incidence_rea": 4.046353930649815, "incidence_evol": 37.84}, "Grand Est": {"incidence_cas": 476, "incidence_hosp": 13.06192691235764, "incidence_dc": 1.267464606050876, "population": 5680632, "taux_positivite": 5.8, "incidence_rea": 2.570136562269832, "incidence_evol": 27.96}, "Occitanie": {"incidence_cas": 542, "incidence_hosp": 12.328145816429345, "incidence_dc": 1.2514167221066823, "population": 5913298, "taux_positivite": 6.6, "incidence_rea": 2.8579652167030987, "incidence_evol": 35.5}, "Normandie": {"incidence_cas": 255, "incidence_hosp": 8.814782448542248, "incidence_dc": 0.904828661936456, "population": 3426063, "taux_positivite": 4.4, "incidence_rea": 1.6929052384617562, "incidence_evol": 24.39}, "Nouvelle-Aquitaine": {"incidence_cas": 450, "incidence_hosp": 9.239943038468798, "incidence_dc": 0.9882292019752725, "population": 6071466, "taux_positivite": 6.3, "incidence_rea": 2.0588108374484846, "incidence_evol": 26.4}, "Centre": {"incidence_cas": 334, "incidence_hosp": 9.556755417320467, "incidence_dc": 1.0954383679932551, "population": 2647342, "taux_positivite": 6.0, "incidence_rea": 1.8131393677129741, "incidence_evol": 35.77}, "Bourgogne-Franche-Comt\u00e9": {"incidence_cas": 539, "incidence_hosp": 15.698430397944882, "incidence_dc": 1.6180399752267751, "population": 2904749, "taux_positivite": 7.5, "incidence_rea": 2.857389743485582, "incidence_evol": 40.36}, "Bretagne": {"incidence_cas": 307, "incidence_hosp": 6.956099349604711, "incidence_dc": 0.8252999228344573, "population": 3392706, "taux_positivite": 5.1, "incidence_rea": 0.7958249255903695, "incidence_evol": 22.31}, "Corse": {"incidence_cas": 500, "incidence_hosp": 21.33907184054003, "incidence_dc": 2.7049527685191586, "population": 332723, "taux_positivite": 5.8, "incidence_rea": 3.0055030761323986, "incidence_evol": 20.19}, "Pays de la Loire": {"incidence_cas": 387, "incidence_hosp": 8.951548565553603, "incidence_dc": 1.2301835747983023, "population": 3820568, "taux_positivite": 5.7, "incidence_rea": 1.5704471167637903, "incidence_evol": 22.86}, "Ile-de-France": {"incidence_cas": 476, "incidence_hosp": 10.941450483067491, "incidence_dc": 1.1612002754824993, "population": 12228726, "taux_positivite": 5.3, "incidence_rea": 2.674031620301248, "incidence_evol": 30.05}, "Guadeloupe": {"incidence_cas": 44, "incidence_hosp": 1.2359656104928536, "incidence_dc": 1.7303518546899952, "population": 404542, "taux_positivite": 1.6, "incidence_rea": 0.9887724883942829, "incidence_evol": 15.79}, "Martinique": {"incidence_cas": 178, "incidence_hosp": 14.216478190630049, "incidence_dc": 3.360258481421648, "population": 386875, "taux_positivite": 3.5, "incidence_rea": 4.3941841680129246, "incidence_evol": 8.54}, "Guyane": {"incidence_cas": 81, "incidence_hosp": 9.909254099953884, "incidence_dc": 1.524500630762136, "population": 262381, "taux_positivite": 3.0, "incidence_rea": 1.524500630762136, "incidence_evol": -17.35}, "La R\u00e9union": {"incidence_cas": 337, "incidence_hosp": 6.853324908002826, "incidence_dc": 0.4646321971527339, "population": 860896, "taux_positivite": 5.1, "incidence_rea": 1.742370739322752, "incidence_evol": 26.22}, "Mayotte": {"incidence_cas": 29, "incidence_hosp": 1.8493039220037577, "incidence_dc": 0.0, "population": 270372, "taux_positivite": 1.3, "incidence_rea": 0.36986078440075154, "incidence_evol": 26.09}}, "donnees_france": {"incidence_cas": 484.5563945881245, "incidence_hosp": 11.89451031025183, "incidence_dc": 1.2500932168735168, "population": "67114995", "incidence_rea": 2.4927365337656657}, "date_donnees": "07/12", "date_update": "10/12"}