{"liste_regions": ["Auvergne-Rh\u00f4ne-Alpes", "Hauts-de-France", "Provence-Alpes-C\u00f4te d'Azur", "Grand Est", "Occitanie", "Normandie", "Nouvelle-Aquitaine", "Centre", "Bourgogne-Franche-Comt\u00e9", "Bretagne", "Corse", "Pays de la Loire", "Ile-de-France", "Guadeloupe", "Martinique", "Guyane", "La R\u00e9union", "Mayotte"], "donnees_regions": {"Auvergne-Rh\u00f4ne-Alpes": {"incidence_cas": 45, "incidence_hosp": 2.020004989288397, "incidence_dc": 0.22306803562693955, "population": 8069287, "taux_positivite": 1.3, "incidence_rea": 0.40895806531605583, "incidence_evol": 15.38}, "Hauts-de-France": {"incidence_cas": 39, "incidence_hosp": 2.2727908187099413, "incidence_dc": 0.29431823551639524, "population": 6115829, "taux_positivite": 1.2, "incidence_rea": 0.4251263401903487, "incidence_evol": 18.18}, "Provence-Alpes-C\u00f4te d'Azur": {"incidence_cas": 69, "incidence_hosp": 3.653504034470221, "incidence_dc": 0.3928498961795937, "population": 5091003, "taux_positivite": 1.3, "incidence_rea": 0.805342287168167, "incidence_evol": -4.17}, "Grand Est": {"incidence_cas": 37, "incidence_hosp": 1.3202756313029957, "incidence_dc": 0.21124410100847932, "population": 5680632, "taux_positivite": 1.0, "incidence_rea": 0.33446982659675895, "incidence_evol": 5.71}, "Occitanie": {"incidence_cas": 41, "incidence_hosp": 1.2514167221066823, "incidence_dc": 0.30439866213405786, "population": 5913298, "taux_positivite": 1.1, "incidence_rea": 0.388953846060185, "incidence_evol": 10.81}, "Normandie": {"incidence_cas": 33, "incidence_hosp": 1.3718370035810783, "incidence_dc": 0.2335041708223112, "population": 3426063, "taux_positivite": 1.0, "incidence_rea": 0.2626921921751001, "incidence_evol": 26.92}, "Nouvelle-Aquitaine": {"incidence_cas": 47, "incidence_hosp": 2.0258698640493087, "incidence_dc": 0.16470486699587877, "population": 6071466, "taux_positivite": 1.5, "incidence_rea": 0.3623507073909332, "incidence_evol": 38.24}, "Centre": {"incidence_cas": 41, "incidence_hosp": 1.8131393677129741, "incidence_dc": 0.22664242096412177, "population": 2647342, "taux_positivite": 1.7, "incidence_rea": 0.5666060524103044, "incidence_evol": 41.38}, "Bourgogne-Franche-Comt\u00e9": {"incidence_cas": 31, "incidence_hosp": 2.134435712001278, "incidence_dc": 0.10327914735490054, "population": 2904749, "taux_positivite": 1.0, "incidence_rea": 0.4819693543228692, "incidence_evol": 0.0}, "Bretagne": {"incidence_cas": 36, "incidence_hosp": 2.0042998125979676, "incidence_dc": 0.26527497519678983, "population": 3392706, "taux_positivite": 1.3, "incidence_rea": 0.2947499724408776, "incidence_evol": 12.5}, "Corse": {"incidence_cas": 48, "incidence_hosp": 0.9016509228397195, "incidence_dc": 0.0, "population": 332723, "taux_positivite": 0.9, "incidence_rea": 0.30055030761323986, "incidence_evol": -12.73}, "Pays de la Loire": {"incidence_cas": 61, "incidence_hosp": 2.5912377426602538, "incidence_dc": 0.2879153047400282, "population": 3820568, "taux_positivite": 2.0, "incidence_rea": 0.6543529653182458, "incidence_evol": 45.24}, "Ile-de-France": {"incidence_cas": 70, "incidence_hosp": 2.772161221046248, "incidence_dc": 0.34345360260749974, "population": 12228726, "taux_positivite": 1.5, "incidence_rea": 0.7605044057737494, "incidence_evol": 2.94}, "Guadeloupe": {"incidence_cas": 50, "incidence_hosp": 3.4607037093799904, "incidence_dc": 1.2359656104928536, "population": 404542, "taux_positivite": 1.4, "incidence_rea": 1.4831587325914244, "incidence_evol": -1.96}, "Martinique": {"incidence_cas": 129, "incidence_hosp": 9.822294022617125, "incidence_dc": 2.0678513731825525, "population": 386875, "taux_positivite": 2.1, "incidence_rea": 1.2924071082390953, "incidence_evol": -11.64}, "Guyane": {"incidence_cas": 242, "incidence_hosp": 23.248634619122573, "incidence_dc": 0.762250315381068, "population": 262381, "taux_positivite": 9.7, "incidence_rea": 2.286750946143204, "incidence_evol": -20.13}, "La R\u00e9union": {"incidence_cas": 28, "incidence_hosp": 1.742370739322752, "incidence_dc": 0.3484741478645504, "population": 860896, "taux_positivite": 0.9, "incidence_rea": 0.23231609857636695, "incidence_evol": 0.0}, "Mayotte": {"incidence_cas": 16, "incidence_hosp": 1.1095823532022546, "incidence_dc": 0.36986078440075154, "population": 270372, "taux_positivite": 1.1, "incidence_rea": 0.36986078440075154, "incidence_evol": -15.79}}, "donnees_france": {"incidence_cas": 50.906656552682456, "incidence_hosp": 2.319898854197933, "incidence_dc": 0.28905611927707064, "population": "67114995", "incidence_rea": 0.5229829786920196}, "date_donnees": "20/10", "date_update": "23/10"}