{"liste_regions": ["Auvergne-Rh\u00f4ne-Alpes", "Hauts-de-France", "Provence-Alpes-C\u00f4te d'Azur", "Grand Est", "Occitanie", "Normandie", "Nouvelle-Aquitaine", "Centre", "Bourgogne-Franche-Comt\u00e9", "Bretagne", "Corse", "Pays de la Loire", "Ile-de-France", "Guadeloupe", "Martinique", "Guyane", "La R\u00e9union", "Mayotte"], "donnees_regions": {"Auvergne-Rh\u00f4ne-Alpes": {"incidence_cas": 40, "incidence_hosp": 2.354607042728806, "incidence_dc": 0.33460205344040933, "population": 8069287, "taux_positivite": 0.9, "incidence_rea": 0.40895806531605583, "incidence_evol": -20.0}, "Hauts-de-France": {"incidence_cas": 30, "incidence_hosp": 1.4388891514134878, "incidence_dc": 0.27796722243215105, "population": 6115829, "taux_positivite": 0.7, "incidence_rea": 0.32702026168488363, "incidence_evol": -3.23}, "Provence-Alpes-C\u00f4te d'Azur": {"incidence_cas": 69, "incidence_hosp": 3.496364075998384, "incidence_dc": 0.746414802741228, "population": 5091003, "taux_positivite": 1.0, "incidence_rea": 0.746414802741228, "incidence_evol": -24.18}, "Grand Est": {"incidence_cas": 33, "incidence_hosp": 1.672349132983795, "incidence_dc": 0.2640551262605992, "population": 5680632, "taux_positivite": 0.7, "incidence_rea": 0.38728085184887884, "incidence_evol": -17.5}, "Occitanie": {"incidence_cas": 35, "incidence_hosp": 1.2683277588919077, "incidence_dc": 0.270576588563607, "population": 5913298, "taux_positivite": 0.7, "incidence_rea": 0.30439866213405786, "incidence_evol": -27.08}, "Normandie": {"incidence_cas": 23, "incidence_hosp": 0.8172645978780892, "incidence_dc": 0.0583760427055778, "population": 3426063, "taux_positivite": 0.6, "incidence_rea": 0.1459401067639445, "incidence_evol": -11.54}, "Nouvelle-Aquitaine": {"incidence_cas": 28, "incidence_hosp": 1.2517569891686784, "incidence_dc": 0.14823438029629088, "population": 6071466, "taux_positivite": 0.8, "incidence_rea": 0.29646876059258176, "incidence_evol": -20.0}, "Centre": {"incidence_cas": 28, "incidence_hosp": 0.8310222102017797, "incidence_dc": 0.037773736827353625, "population": 2647342, "taux_positivite": 0.9, "incidence_rea": 0.302189894618829, "incidence_evol": -17.65}, "Bourgogne-Franche-Comt\u00e9": {"incidence_cas": 30, "incidence_hosp": 1.7213191225816755, "incidence_dc": 0.30983744206470165, "population": 2904749, "taux_positivite": 0.8, "incidence_rea": 0.2409846771614346, "incidence_evol": -18.92}, "Bretagne": {"incidence_cas": 27, "incidence_hosp": 1.2674248814957736, "incidence_dc": 0.0, "population": 3392706, "taux_positivite": 0.9, "incidence_rea": 0.5010749531494919, "incidence_evol": -6.9}, "Corse": {"incidence_cas": 54, "incidence_hosp": 0.9016509228397195, "incidence_dc": 0.0, "population": 332723, "taux_positivite": 0.8, "incidence_rea": 0.6011006152264797, "incidence_evol": 17.39}, "Pays de la Loire": {"incidence_cas": 36, "incidence_hosp": 1.8060141842783586, "incidence_dc": 0.13087059306364918, "population": 3820568, "taux_positivite": 1.1, "incidence_rea": 0.4187858978036773, "incidence_evol": -14.29}, "Ile-de-France": {"incidence_cas": 61, "incidence_hosp": 2.3142230842362483, "incidence_dc": 0.43340573662374965, "population": 12228726, "taux_positivite": 1.0, "incidence_rea": 0.5806001377412496, "incidence_evol": -6.15}, "Guadeloupe": {"incidence_cas": 73, "incidence_hosp": 6.427021174562839, "incidence_dc": 3.7078968314785605, "population": 404542, "taux_positivite": 2.1, "incidence_rea": 3.2135105872814194, "incidence_evol": -17.05}, "Martinique": {"incidence_cas": 155, "incidence_hosp": 17.059773828756057, "incidence_dc": 4.652665589660743, "population": 386875, "taux_positivite": 3.8, "incidence_rea": 5.169628432956381, "incidence_evol": 15.67}, "Guyane": {"incidence_cas": 411, "incidence_hosp": 36.58801513829126, "incidence_dc": 5.71687736535801, "population": 262381, "taux_positivite": 11.7, "incidence_rea": 6.479127680739078, "incidence_evol": -21.26}, "La R\u00e9union": {"incidence_cas": 30, "incidence_hosp": 1.5100546407463853, "incidence_dc": 0.23231609857636695, "population": 860896, "taux_positivite": 0.8, "incidence_rea": 0.3484741478645504, "incidence_evol": -18.92}, "Mayotte": {"incidence_cas": 22, "incidence_hosp": 1.8493039220037577, "incidence_dc": 0.7397215688015031, "population": 270372, "taux_positivite": 1.1, "incidence_rea": 0.0, "incidence_evol": -42.11}}, "donnees_france": {"incidence_cas": 43.49847601121031, "incidence_hosp": 2.0949118747606255, "incidence_dc": 0.3635551190907486, "population": "67114995", "incidence_rea": 0.4887134387777277}, "date_donnees": "07/10", "date_update": "10/10"}