{"liste_regions": ["Auvergne-Rh\u00f4ne-Alpes", "Hauts-de-France", "Provence-Alpes-C\u00f4te d'Azur", "Grand Est", "Occitanie", "Normandie", "Nouvelle-Aquitaine", "Centre", "Bourgogne-Franche-Comt\u00e9", "Bretagne", "Corse", "Pays de la Loire", "Ile-de-France", "Guadeloupe", "Martinique", "Guyane", "La R\u00e9union", "Mayotte"], "donnees_regions": {"Auvergne-Rh\u00f4ne-Alpes": {"incidence_cas": 61, "incidence_hosp": 2.62724575293951, "incidence_dc": 0.2478533729188217, "population": 8069287, "taux_positivite": 2.5, "incidence_rea": 0.57006275771329, "incidence_evol": 22.0}, "Hauts-de-France": {"incidence_cas": 59, "incidence_hosp": 2.6488641196475573, "incidence_dc": 0.32702026168488363, "population": 6115829, "taux_positivite": 2.8, "incidence_rea": 0.7848486280437206, "incidence_evol": 20.41}, "Provence-Alpes-C\u00f4te d'Azur": {"incidence_cas": 80, "incidence_hosp": 3.5160065708073636, "incidence_dc": 0.4124923909885733, "population": 5091003, "taux_positivite": 2.1, "incidence_rea": 0.6678448235053093, "incidence_evol": 5.26}, "Grand Est": {"incidence_cas": 59, "incidence_hosp": 1.954007934328434, "incidence_dc": 0.29926247642867904, "population": 5680632, "taux_positivite": 2.2, "incidence_rea": 0.5633176026892782, "incidence_evol": 28.26}, "Occitanie": {"incidence_cas": 57, "incidence_hosp": 1.6065484945964164, "incidence_dc": 0.270576588563607, "population": 5913298, "taux_positivite": 2.2, "incidence_rea": 0.5073311035567631, "incidence_evol": 14.0}, "Normandie": {"incidence_cas": 37, "incidence_hosp": 2.1891016014591673, "incidence_dc": 0.32106823488067787, "population": 3426063, "taux_positivite": 2.1, "incidence_rea": 0.4670083416446224, "incidence_evol": 5.71}, "Nouvelle-Aquitaine": {"incidence_cas": 63, "incidence_hosp": 2.898805659127466, "incidence_dc": 0.5105850876872241, "population": 6071466, "taux_positivite": 2.9, "incidence_rea": 0.8070538482798059, "incidence_evol": 23.53}, "Centre": {"incidence_cas": 59, "incidence_hosp": 2.9841252093609363, "incidence_dc": 0.26441615779147537, "population": 2647342, "taux_positivite": 3.2, "incidence_rea": 0.8687959470291334, "incidence_evol": 18.0}, "Bourgogne-Franche-Comt\u00e9": {"incidence_cas": 53, "incidence_hosp": 2.754110596130681, "incidence_dc": 0.20655829470980108, "population": 2904749, "taux_positivite": 2.5, "incidence_rea": 0.5508221192261362, "incidence_evol": 47.22}, "Bretagne": {"incidence_cas": 59, "incidence_hosp": 2.7116997464560737, "incidence_dc": 0.23579997795270208, "population": 3392706, "taux_positivite": 3.0, "incidence_rea": 0.4421249586613164, "incidence_evol": 25.53}, "Corse": {"incidence_cas": 102, "incidence_hosp": 3.9071539989721176, "incidence_dc": 0.0, "population": 332723, "taux_positivite": 2.4, "incidence_rea": 1.803301845679439, "incidence_evol": 39.73}, "Pays de la Loire": {"incidence_cas": 83, "incidence_hosp": 3.978466029134935, "incidence_dc": 0.5234823722545967, "population": 3820568, "taux_positivite": 3.7, "incidence_rea": 0.7852235583818952, "incidence_evol": 9.21}, "Ile-de-France": {"incidence_cas": 76, "incidence_hosp": 3.082904956738748, "incidence_dc": 0.3107437356924998, "population": 12228726, "taux_positivite": 2.3, "incidence_rea": 0.8995213401624994, "incidence_evol": 8.57}, "Guadeloupe": {"incidence_cas": 41, "incidence_hosp": 2.7191243430842778, "incidence_dc": 0.0, "population": 404542, "taux_positivite": 1.1, "incidence_rea": 0.7415793662957122, "incidence_evol": -21.15}, "Martinique": {"incidence_cas": 92, "incidence_hosp": 13.699515347334412, "incidence_dc": 2.8432956381260097, "population": 386875, "taux_positivite": 1.9, "incidence_rea": 4.652665589660743, "incidence_evol": -21.37}, "Guyane": {"incidence_cas": 138, "incidence_hosp": 19.056257884526698, "incidence_dc": 2.286750946143204, "population": 262381, "taux_positivite": 6.8, "incidence_rea": 2.6678761038337377, "incidence_evol": -32.68}, "La R\u00e9union": {"incidence_cas": 68, "incidence_hosp": 1.2777385421700183, "incidence_dc": 0.0, "population": 860896, "taux_positivite": 2.7, "incidence_rea": 0.3484741478645504, "incidence_evol": 36.0}, "Mayotte": {"incidence_cas": 36, "incidence_hosp": 0.36986078440075154, "incidence_dc": 0.0, "population": 270372, "taux_positivite": 2.9, "incidence_rea": 0.36986078440075154, "incidence_evol": 56.52}}, "donnees_france": {"incidence_cas": 65.61871903588758, "incidence_hosp": 2.8741714128116973, "incidence_dc": 0.34567535913546593, "population": "67114995", "incidence_rea": 0.7256202581852237}, "date_donnees": "03/11", "date_update": "06/11"}