{"liste_regions": ["Auvergne-Rh\u00f4ne-Alpes", "Hauts-de-France", "Provence-Alpes-C\u00f4te d'Azur", "Grand Est", "Occitanie", "Normandie", "Nouvelle-Aquitaine", "Centre", "Bourgogne-Franche-Comt\u00e9", "Bretagne", "Corse", "Pays de la Loire", "Ile-de-France", "Guadeloupe", "Martinique", "Guyane", "La R\u00e9union", "Mayotte"], "donnees_regions": {"Auvergne-Rh\u00f4ne-Alpes": {"incidence_cas": 1033, "incidence_hosp": 16.11046923972341, "incidence_dc": 1.2144815273022262, "population": 8069287, "taux_positivite": 31.4, "incidence_rea": 1.474727568866989, "incidence_evol": -23.76}, "Hauts-de-France": {"incidence_cas": 923, "incidence_hosp": 15.795078639379879, "incidence_dc": 1.4225381383292437, "population": 6115829, "taux_positivite": 30.9, "incidence_rea": 1.2426769944025577, "incidence_evol": -31.12}, "Provence-Alpes-C\u00f4te d'Azur": {"incidence_cas": 972, "incidence_hosp": 18.856795016620495, "incidence_dc": 1.9446069860889887, "population": 5091003, "taux_positivite": 25.9, "incidence_rea": 1.3749746366285778, "incidence_evol": -24.59}, "Grand Est": {"incidence_cas": 892, "incidence_hosp": 15.96653330122423, "incidence_dc": 1.4258976818072355, "population": 5680632, "taux_positivite": 31.3, "incidence_rea": 1.6019344326476348, "incidence_evol": -32.17}, "Occitanie": {"incidence_cas": 1051, "incidence_hosp": 14.103804678878014, "incidence_dc": 1.1668615381805552, "population": 5913298, "taux_positivite": 30.6, "incidence_rea": 1.6403705681668674, "incidence_evol": -23.45}, "Normandie": {"incidence_cas": 1052, "incidence_hosp": 18.680333665784897, "incidence_dc": 1.7804693025201228, "population": 3426063, "taux_positivite": 37.1, "incidence_rea": 0.9923927259948226, "incidence_evol": -32.13}, "Nouvelle-Aquitaine": {"incidence_cas": 815, "incidence_hosp": 11.743457016806156, "incidence_dc": 1.1199930955719757, "population": 6071466, "taux_positivite": 30.9, "incidence_rea": 1.1035226088723877, "incidence_evol": -28.7}, "Centre": {"incidence_cas": 965, "incidence_hosp": 16.24270683576206, "incidence_dc": 1.1332121048206087, "population": 2647342, "taux_positivite": 37.5, "incidence_rea": 1.7753656308856205, "incidence_evol": -32.42}, "Bourgogne-Franche-Comt\u00e9": {"incidence_cas": 1067, "incidence_hosp": 20.311565646463773, "incidence_dc": 1.5147608278718747, "population": 2904749, "taux_positivite": 34.3, "incidence_rea": 1.4459080629686076, "incidence_evol": -27.12}, "Bretagne": {"incidence_cas": 1025, "incidence_hosp": 17.979748318893535, "incidence_dc": 1.326374875983949, "population": 3392706, "taux_positivite": 40.5, "incidence_rea": 1.9158748208657044, "incidence_evol": -33.53}, "Corse": {"incidence_cas": 1379, "incidence_hosp": 24.645125224285668, "incidence_dc": 2.7049527685191586, "population": 332723, "taux_positivite": 29.4, "incidence_rea": 2.7049527685191586, "incidence_evol": -18.98}, "Pays de la Loire": {"incidence_cas": 926, "incidence_hosp": 12.013920443242993, "incidence_dc": 0.7590494397691652, "population": 3820568, "taux_positivite": 37.6, "incidence_rea": 1.5966212353765201, "incidence_evol": -32.7}, "Ile-de-France": {"incidence_cas": 868, "incidence_hosp": 10.377205278783743, "incidence_dc": 0.7850368059599994, "population": 12228726, "taux_positivite": 21.2, "incidence_rea": 1.144845342024999, "incidence_evol": -28.97}, "Guadeloupe": {"incidence_cas": 569, "incidence_hosp": 6.921407418759981, "incidence_dc": 0.49438624419714144, "population": 404542, "taux_positivite": 16.9, "incidence_rea": 0.9887724883942829, "incidence_evol": -17.06}, "Martinique": {"incidence_cas": 442, "incidence_hosp": 1.5508885298869144, "incidence_dc": 0.25848142164781907, "population": 386875, "taux_positivite": 14.3, "incidence_rea": 0.0, "incidence_evol": -17.69}, "Guyane": {"incidence_cas": 140, "incidence_hosp": 7.62250315381068, "incidence_dc": 0.0, "population": 262381, "taux_positivite": 9.1, "incidence_rea": 0.381125157690534, "incidence_evol": -16.67}, "La R\u00e9union": {"incidence_cas": 1658, "incidence_hosp": 14.868230308887485, "incidence_dc": 0.8131063450172844, "population": 860896, "taux_positivite": 39.9, "incidence_rea": 1.1615804928818347, "incidence_evol": -7.89}, "Mayotte": {"incidence_cas": 20, "incidence_hosp": 0.7397215688015031, "incidence_dc": 0.0, "population": 270372, "taux_positivite": 2.5, "incidence_rea": 0.0, "incidence_evol": -31.03}}, "donnees_france": {"incidence_cas": 982.6328676624353, "incidence_hosp": 14.816361082944281, "incidence_dc": 1.2307234769219606, "population": "67114995", "incidence_rea": 1.3901513365232316}, "date_donnees": "19/04", "date_update": "22/04"}