{"liste_regions": ["Auvergne-Rh\u00f4ne-Alpes", "Hauts-de-France", "Provence-Alpes-C\u00f4te d'Azur", "Grand Est", "Occitanie", "Normandie", "Nouvelle-Aquitaine", "Centre", "Bourgogne-Franche-Comt\u00e9", "Bretagne", "Corse", "Pays de la Loire", "Ile-de-France", "Guadeloupe", "Martinique", "Guyane", "La R\u00e9union", "Mayotte"], "donnees_regions": {"Auvergne-Rh\u00f4ne-Alpes": {"incidence_cas": 48, "incidence_hosp": 2.4041777173125705, "incidence_dc": 0.3222093847944682, "population": 8069287, "taux_positivite": 1.1, "incidence_rea": 0.37178005937823255, "incidence_evol": -9.43}, "Hauts-de-France": {"incidence_cas": 29, "incidence_hosp": 1.6678033345929064, "incidence_dc": 0.26161620934790686, "population": 6115829, "taux_positivite": 0.7, "incidence_rea": 0.40877532710610454, "incidence_evol": -23.68}, "Provence-Alpes-C\u00f4te d'Azur": {"incidence_cas": 84, "incidence_hosp": 4.537416300874307, "incidence_dc": 1.3749746366285778, "population": 5091003, "taux_positivite": 1.1, "incidence_rea": 0.9231972560220452, "incidence_evol": -18.45}, "Grand Est": {"incidence_cas": 38, "incidence_hosp": 1.5139160572274353, "incidence_dc": 0.316866151512719, "population": 5680632, "taux_positivite": 0.7, "incidence_rea": 0.19364042592443942, "incidence_evol": -20.83}, "Occitanie": {"incidence_cas": 43, "incidence_hosp": 1.5389043474555146, "incidence_dc": 0.388953846060185, "population": 5913298, "taux_positivite": 0.9, "incidence_rea": 0.3213096989192833, "incidence_evol": -20.37}, "Normandie": {"incidence_cas": 24, "incidence_hosp": 0.8464526192308781, "incidence_dc": 0.2043161494695223, "population": 3426063, "taux_positivite": 0.6, "incidence_rea": 0.17512812811673342, "incidence_evol": -22.58}, "Nouvelle-Aquitaine": {"incidence_cas": 31, "incidence_hosp": 1.169404555670739, "incidence_dc": 0.21411632709464237, "population": 6071466, "taux_positivite": 0.8, "incidence_rea": 0.3458802206913454, "incidence_evol": -22.5}, "Centre": {"incidence_cas": 30, "incidence_hosp": 0.8310222102017797, "incidence_dc": 0.22664242096412177, "population": 2647342, "taux_positivite": 0.9, "incidence_rea": 0.22664242096412177, "incidence_evol": -23.08}, "Bourgogne-Franche-Comt\u00e9": {"incidence_cas": 35, "incidence_hosp": 1.7213191225816755, "incidence_dc": 0.3786902069679687, "population": 2904749, "taux_positivite": 0.9, "incidence_rea": 0.34426382451633514, "incidence_evol": -7.89}, "Bretagne": {"incidence_cas": 27, "incidence_hosp": 1.1495248925194226, "incidence_dc": 0.11789998897635104, "population": 3392706, "taux_positivite": 0.8, "incidence_rea": 0.2947499724408776, "incidence_evol": -27.03}, "Corse": {"incidence_cas": 46, "incidence_hosp": 1.2022012304529595, "incidence_dc": 0.6011006152264797, "population": 332723, "taux_positivite": 0.7, "incidence_rea": 0.6011006152264797, "incidence_evol": -13.21}, "Pays de la Loire": {"incidence_cas": 41, "incidence_hosp": 1.6227953539892497, "incidence_dc": 0.13087059306364918, "population": 3820568, "taux_positivite": 1.2, "incidence_rea": 0.47113413502913704, "incidence_evol": 0.0}, "Ile-de-France": {"incidence_cas": 62, "incidence_hosp": 2.420530151709998, "incidence_dc": 0.36798600279374977, "population": 12228726, "taux_positivite": 1.0, "incidence_rea": 0.6705522717574995, "incidence_evol": -15.07}, "Guadeloupe": {"incidence_cas": 76, "incidence_hosp": 9.146145517647117, "incidence_dc": 4.449476197774273, "population": 404542, "taux_positivite": 2.1, "incidence_rea": 3.4607037093799904, "incidence_evol": -36.13}, "Martinique": {"incidence_cas": 133, "incidence_hosp": 19.12762520193861, "incidence_dc": 3.618739903069467, "population": 386875, "taux_positivite": 3.4, "incidence_rea": 8.01292407108239, "incidence_evol": -16.88}, "Guyane": {"incidence_cas": 496, "incidence_hosp": 36.58801513829126, "incidence_dc": 6.098002523048544, "population": 262381, "taux_positivite": 12.5, "incidence_rea": 8.765878626882282, "incidence_evol": -7.98}, "La R\u00e9union": {"incidence_cas": 34, "incidence_hosp": 1.1615804928818347, "incidence_dc": 0.3484741478645504, "population": 860896, "taux_positivite": 0.8, "incidence_rea": 0.11615804928818348, "incidence_evol": -29.17}, "Mayotte": {"incidence_cas": 33, "incidence_hosp": 0.7397215688015031, "incidence_dc": 0.0, "population": 270372, "taux_positivite": 1.7, "incidence_rea": 0.0, "incidence_evol": 0.0}}, "donnees_france": {"incidence_cas": 48.150193559576365, "incidence_hosp": 2.2290100744252457, "incidence_dc": 0.4425240588932473, "population": "67114995", "incidence_rea": 0.5304328786733874}, "date_donnees": "02/10", "date_update": "05/10"}