{"liste_regions": ["Auvergne-Rh\u00f4ne-Alpes", "Hauts-de-France", "Provence-Alpes-C\u00f4te d'Azur", "Grand Est", "Occitanie", "Normandie", "Nouvelle-Aquitaine", "Centre", "Bourgogne-Franche-Comt\u00e9", "Bretagne", "Corse", "Pays de la Loire", "Ile-de-France", "Guadeloupe", "Martinique", "Guyane", "La R\u00e9union", "Mayotte"], "donnees_regions": {"Auvergne-Rh\u00f4ne-Alpes": {"incidence_cas": 1002, "incidence_hosp": 9.976098259982573, "incidence_dc": 0.33460205344040933, "population": 8069287, "taux_positivite": 30.9, "incidence_rea": 0.8427014679239938, "incidence_evol": 70.99}, "Hauts-de-France": {"incidence_cas": 963, "incidence_hosp": 10.9551787664436, "incidence_dc": 0.6540405233697673, "population": 6115829, "taux_positivite": 27.6, "incidence_rea": 1.09551787664436, "incidence_evol": 56.84}, "Provence-Alpes-C\u00f4te d'Azur": {"incidence_cas": 1151, "incidence_hosp": 15.340788445813134, "incidence_dc": 0.5499898546514311, "population": 5091003, "taux_positivite": 25.5, "incidence_rea": 1.0214097300669436, "incidence_evol": 58.32}, "Grand Est": {"incidence_cas": 830, "incidence_hosp": 9.59400292080177, "incidence_dc": 0.21124410100847932, "population": 5680632, "taux_positivite": 26.0, "incidence_rea": 0.5985249528573581, "incidence_evol": 64.03}, "Occitanie": {"incidence_cas": 1229, "incidence_hosp": 11.685526418590776, "incidence_dc": 0.659530434623792, "population": 5913298, "taux_positivite": 31.2, "incidence_rea": 1.200683611751006, "incidence_evol": 58.38}, "Normandie": {"incidence_cas": 903, "incidence_hosp": 12.229780946818549, "incidence_dc": 0.6129484484085669, "population": 3426063, "taux_positivite": 32.3, "incidence_rea": 0.5545724057029892, "incidence_evol": 51.51}, "Nouvelle-Aquitaine": {"incidence_cas": 1157, "incidence_hosp": 12.79756816557978, "incidence_dc": 0.4776441142880484, "population": 6071466, "taux_positivite": 35.6, "incidence_rea": 0.790583361580218, "incidence_evol": 73.2}, "Centre": {"incidence_cas": 1003, "incidence_hosp": 11.105478627241967, "incidence_dc": 0.45328484192824353, "population": 2647342, "taux_positivite": 34.0, "incidence_rea": 1.0198908943385478, "incidence_evol": 55.02}, "Bourgogne-Franche-Comt\u00e9": {"incidence_cas": 929, "incidence_hosp": 11.429558973942328, "incidence_dc": 0.5163957367745028, "population": 2904749, "taux_positivite": 31.7, "incidence_rea": 1.204923385807173, "incidence_evol": 69.22}, "Bretagne": {"incidence_cas": 1237, "incidence_hosp": 14.796448616532054, "incidence_dc": 0.5010749531494919, "population": 3392706, "taux_positivite": 39.3, "incidence_rea": 0.7073999338581062, "incidence_evol": 57.98}, "Corse": {"incidence_cas": 1154, "incidence_hosp": 16.53026691872819, "incidence_dc": 0.9016509228397195, "population": 332723, "taux_positivite": 28.4, "incidence_rea": 2.7049527685191586, "incidence_evol": 63.92}, "Pays de la Loire": {"incidence_cas": 1259, "incidence_hosp": 11.830701612953886, "incidence_dc": 0.26174118612729835, "population": 3820568, "taux_positivite": 39.1, "incidence_rea": 1.256357693411032, "incidence_evol": 76.58}, "Ile-de-France": {"incidence_cas": 1295, "incidence_hosp": 13.043059432356241, "incidence_dc": 0.6541973382999996, "population": 12228726, "taux_positivite": 24.5, "incidence_rea": 1.455589077717499, "incidence_evol": 33.51}, "Guadeloupe": {"incidence_cas": 1039, "incidence_hosp": 9.640531761844258, "incidence_dc": 0.24719312209857072, "population": 404542, "taux_positivite": 22.6, "incidence_rea": 0.9887724883942829, "incidence_evol": 41.36}, "Martinique": {"incidence_cas": 1129, "incidence_hosp": 13.957996768982229, "incidence_dc": 3.360258481421648, "population": 386875, "taux_positivite": 26.2, "incidence_rea": 2.0678513731825525, "incidence_evol": -24.48}, "Guyane": {"incidence_cas": 491, "incidence_hosp": 26.678761038337377, "incidence_dc": 0.381125157690534, "population": 262381, "taux_positivite": 22.7, "incidence_rea": 1.90562578845267, "incidence_evol": 3.15}, "La R\u00e9union": {"incidence_cas": 334, "incidence_hosp": 7.66643125302011, "incidence_dc": 0.9292643943054678, "population": 860896, "taux_positivite": 16.6, "incidence_rea": 0.5807902464409174, "incidence_evol": 53.21}, "Mayotte": {"incidence_cas": 51, "incidence_hosp": 0.0, "incidence_dc": 0.0, "population": 270372, "taux_positivite": 4.0, "incidence_rea": 0.0, "incidence_evol": 75.86}}, "donnees_france": {"incidence_cas": 1153.3875551953777, "incidence_hosp": 12.138867029640693, "incidence_dc": 0.5304328786733874, "population": "67114995", "incidence_rea": 1.0459659573840392}, "date_donnees": "03/07", "date_update": "06/07"}