{"liste_regions": ["Auvergne-Rh\u00f4ne-Alpes", "Hauts-de-France", "Provence-Alpes-C\u00f4te d'Azur", "Grand Est", "Occitanie", "Normandie", "Nouvelle-Aquitaine", "Centre", "Bourgogne-Franche-Comt\u00e9", "Bretagne", "Corse", "Pays de la Loire", "Ile-de-France", "Guadeloupe", "Martinique", "Guyane", "La R\u00e9union", "Mayotte"], "donnees_regions": {"Auvergne-Rh\u00f4ne-Alpes": {"incidence_cas": 1343, "incidence_hosp": 17.1018827313987, "incidence_dc": 1.02859149761311, "population": 8069287, "taux_positivite": 34.1, "incidence_rea": 1.2020888586562852, "incidence_evol": 11.27}, "Hauts-de-France": {"incidence_cas": 1388, "incidence_hosp": 19.572162661840284, "incidence_dc": 1.3898361121607554, "population": 6115829, "taux_positivite": 29.2, "incidence_rea": 2.4363009495523826, "incidence_evol": -9.46}, "Provence-Alpes-C\u00f4te d'Azur": {"incidence_cas": 1306, "incidence_hosp": 19.32821489203601, "incidence_dc": 1.5321145951004151, "population": 5091003, "taux_positivite": 25.2, "incidence_rea": 1.296404657392659, "incidence_evol": -1.14}, "Grand Est": {"incidence_cas": 1354, "incidence_hosp": 21.388465227108533, "incidence_dc": 1.619538107731675, "population": 5680632, "taux_positivite": 29.2, "incidence_rea": 1.672349132983795, "incidence_evol": -11.39}, "Occitanie": {"incidence_cas": 1372, "incidence_hosp": 15.693442136689205, "incidence_dc": 1.082306354254428, "population": 5913298, "taux_positivite": 31.5, "incidence_rea": 1.978591303871376, "incidence_evol": 3.39}, "Normandie": {"incidence_cas": 1599, "incidence_hosp": 20.344050882893864, "incidence_dc": 1.0799567900531892, "population": 3426063, "taux_positivite": 35.3, "incidence_rea": 1.3134609608755006, "incidence_evol": -7.52}, "Nouvelle-Aquitaine": {"incidence_cas": 1141, "incidence_hosp": 15.762255771505597, "incidence_dc": 1.0541111487736239, "population": 6071466, "taux_positivite": 34.7, "incidence_rea": 1.185875042370327, "incidence_evol": 2.89}, "Centre": {"incidence_cas": 1462, "incidence_hosp": 18.584678519057984, "incidence_dc": 1.2465333153026696, "population": 2647342, "taux_positivite": 37.4, "incidence_rea": 1.5109494730941448, "incidence_evol": -1.28}, "Bourgogne-Franche-Comt\u00e9": {"incidence_cas": 1460, "incidence_hosp": 22.996823477691187, "incidence_dc": 1.5147608278718747, "population": 2904749, "taux_positivite": 36.9, "incidence_rea": 1.9623037997431103, "incidence_evol": 6.57}, "Bretagne": {"incidence_cas": 1587, "incidence_hosp": 25.083222654718682, "incidence_dc": 1.591649851180739, "population": 3392706, "taux_positivite": 39.2, "incidence_rea": 1.6211248484248268, "incidence_evol": -7.95}, "Corse": {"incidence_cas": 1729, "incidence_hosp": 25.847326454738628, "incidence_dc": 2.7049527685191586, "population": 332723, "taux_positivite": 28.1, "incidence_rea": 3.9071539989721176, "incidence_evol": -12.23}, "Pays de la Loire": {"incidence_cas": 1411, "incidence_hosp": 15.468904100123332, "incidence_dc": 1.099312981734653, "population": 3820568, "taux_positivite": 36.3, "incidence_rea": 1.4134024050874112, "incidence_evol": -2.42}, "Ile-de-France": {"incidence_cas": 1247, "incidence_hosp": 14.670375311377489, "incidence_dc": 0.9322312070774993, "population": 12228726, "taux_positivite": 23.7, "incidence_rea": 1.684558146122499, "incidence_evol": -6.45}, "Guadeloupe": {"incidence_cas": 700, "incidence_hosp": 7.415793662957121, "incidence_dc": 0.49438624419714144, "population": 404542, "taux_positivite": 17.5, "incidence_rea": 0.7415793662957122, "incidence_evol": -7.41}, "Martinique": {"incidence_cas": 545, "incidence_hosp": 3.360258481421648, "incidence_dc": 0.7754442649434572, "population": 386875, "taux_positivite": 11.5, "incidence_rea": 0.0, "incidence_evol": -19.97}, "Guyane": {"incidence_cas": 170, "incidence_hosp": 6.098002523048544, "incidence_dc": 0.381125157690534, "population": 262381, "taux_positivite": 10.9, "incidence_rea": 0.381125157690534, "incidence_evol": 15.65}, "La R\u00e9union": {"incidence_cas": 1751, "incidence_hosp": 15.216704456752037, "incidence_dc": 1.1615804928818347, "population": 860896, "taux_positivite": 39.4, "incidence_rea": 1.6262126900345688, "incidence_evol": 15.43}, "Mayotte": {"incidence_cas": 31, "incidence_hosp": 0.0, "incidence_dc": 0.0, "population": 270372, "taux_positivite": 3.9, "incidence_rea": 0.0, "incidence_evol": 47.62}}, "donnees_france": {"incidence_cas": 1383.355537760228, "incidence_hosp": 17.924459355170928, "incidence_dc": 1.2143336969629515, "population": "67114995", "incidence_rea": 1.615138315960539}, "date_donnees": "11/04", "date_update": "14/04"}