{"liste_regions": ["Auvergne-Rh\u00f4ne-Alpes", "Hauts-de-France", "Provence-Alpes-C\u00f4te d'Azur", "Grand Est", "Occitanie", "Normandie", "Nouvelle-Aquitaine", "Centre", "Bourgogne-Franche-Comt\u00e9", "Bretagne", "Corse", "Pays de la Loire", "Ile-de-France", "Guadeloupe", "Martinique", "Guyane", "La R\u00e9union", "Mayotte"], "donnees_regions": {"Auvergne-Rh\u00f4ne-Alpes": {"incidence_cas": 917, "incidence_hosp": 15.106663079402182, "incidence_dc": 1.0781621721968744, "population": 8069287, "taux_positivite": 31.5, "incidence_rea": 1.5986542553264, "incidence_evol": -8.12}, "Hauts-de-France": {"incidence_cas": 830, "incidence_hosp": 16.23655599265447, "incidence_dc": 1.716856373845639, "population": 6115829, "taux_positivite": 29.6, "incidence_rea": 2.0438766355305225, "incidence_evol": -7.98}, "Provence-Alpes-C\u00f4te d'Azur": {"incidence_cas": 889, "incidence_hosp": 16.87290304091355, "incidence_dc": 1.4731871106734764, "population": 5091003, "taux_positivite": 24.7, "incidence_rea": 1.3160471522016388, "incidence_evol": -4.31}, "Grand Est": {"incidence_cas": 873, "incidence_hosp": 16.248192102568872, "incidence_dc": 1.3906903316391557, "population": 5680632, "taux_positivite": 29.4, "incidence_rea": 1.302671956218956, "incidence_evol": 3.56}, "Occitanie": {"incidence_cas": 951, "incidence_hosp": 12.497256184281598, "incidence_dc": 1.2683277588919077, "population": 5913298, "taux_positivite": 26.8, "incidence_rea": 1.471260200314613, "incidence_evol": -2.66}, "Normandie": {"incidence_cas": 954, "incidence_hosp": 18.621957623079318, "incidence_dc": 1.2258968968171338, "population": 3426063, "taux_positivite": 35.5, "incidence_rea": 0.9632047046420337, "incidence_evol": -6.38}, "Nouvelle-Aquitaine": {"incidence_cas": 740, "incidence_hosp": 11.183460469020169, "incidence_dc": 1.202345529069915, "population": 6071466, "taux_positivite": 30.2, "incidence_rea": 0.9388177418765089, "incidence_evol": -6.68}, "Centre": {"incidence_cas": 880, "incidence_hosp": 13.069712942264355, "incidence_dc": 1.0576646311659015, "population": 2647342, "taux_positivite": 35.9, "incidence_rea": 1.3598545257847305, "incidence_evol": -6.98}, "Bourgogne-Franche-Comt\u00e9": {"incidence_cas": 975, "incidence_hosp": 21.241077972657877, "incidence_dc": 2.0311565646463774, "population": 2904749, "taux_positivite": 34.4, "incidence_rea": 1.7901718874849428, "incidence_evol": -5.25}, "Bretagne": {"incidence_cas": 967, "incidence_hosp": 16.859698423618198, "incidence_dc": 1.3853248704721246, "population": 3392706, "taux_positivite": 39.1, "incidence_rea": 1.3853248704721246, "incidence_evol": -3.2}, "Corse": {"incidence_cas": 1294, "incidence_hosp": 16.83081722634143, "incidence_dc": 1.2022012304529595, "population": 332723, "taux_positivite": 27.1, "incidence_rea": 4.207704306585358, "incidence_evol": 2.29}, "Pays de la Loire": {"incidence_cas": 830, "incidence_hosp": 14.36959111838868, "incidence_dc": 1.125487100347383, "population": 3820568, "taux_positivite": 36.3, "incidence_rea": 1.753665947052899, "incidence_evol": -9.19}, "Ile-de-France": {"incidence_cas": 714, "incidence_hosp": 12.045408491448741, "incidence_dc": 0.9894734741787492, "population": 12228726, "taux_positivite": 17.5, "incidence_rea": 1.381991877158749, "incidence_evol": -16.69}, "Guadeloupe": {"incidence_cas": 745, "incidence_hosp": 8.404566151351405, "incidence_dc": 0.7415793662957122, "population": 404542, "taux_positivite": 17.6, "incidence_rea": 1.2359656104928536, "incidence_evol": 42.18}, "Martinique": {"incidence_cas": 631, "incidence_hosp": 3.360258481421648, "incidence_dc": 1.0339256865912763, "population": 386875, "taux_positivite": 16.1, "incidence_rea": 0.25848142164781907, "incidence_evol": 56.97}, "Guyane": {"incidence_cas": 158, "incidence_hosp": 4.954627049976942, "incidence_dc": 0.381125157690534, "population": 262381, "taux_positivite": 10.0, "incidence_rea": 0.381125157690534, "incidence_evol": 19.7}, "La R\u00e9union": {"incidence_cas": 1891, "incidence_hosp": 16.72675909749842, "incidence_dc": 1.2777385421700183, "population": 860896, "taux_positivite": 39.2, "incidence_rea": 1.8585287886109356, "incidence_evol": 27.17}, "Mayotte": {"incidence_cas": 25, "incidence_hosp": 0.0, "incidence_dc": 0.0, "population": 270372, "taux_positivite": 2.9, "incidence_rea": 0.0, "incidence_evol": 38.89}}, "donnees_france": {"incidence_cas": 890.638522732513, "incidence_hosp": 14.701632623231216, "incidence_dc": 1.276912856806441, "population": "67114995", "incidence_rea": 1.4601803963480888}, "date_donnees": "25/04", "date_update": "28/04"}