{"liste_regions": ["Auvergne-Rh\u00f4ne-Alpes", "Hauts-de-France", "Provence-Alpes-C\u00f4te d'Azur", "Grand Est", "Occitanie", "Normandie", "Nouvelle-Aquitaine", "Centre", "Bourgogne-Franche-Comt\u00e9", "Bretagne", "Corse", "Pays de la Loire", "Ile-de-France", "Guadeloupe", "Martinique", "Guyane", "La R\u00e9union", "Mayotte"], "donnees_regions": {"Auvergne-Rh\u00f4ne-Alpes": {"incidence_cas": 1288, "incidence_hosp": 15.41647979555071, "incidence_dc": 0.9666281543834047, "population": 8069287, "taux_positivite": 32.4, "incidence_rea": 0.9790208230293458, "incidence_evol": -2.05}, "Hauts-de-France": {"incidence_cas": 1132, "incidence_hosp": 14.650507723482786, "incidence_dc": 1.2099749682340692, "population": 6115829, "taux_positivite": 30.7, "incidence_rea": 1.8149624523511039, "incidence_evol": -23.51}, "Provence-Alpes-C\u00f4te d'Azur": {"incidence_cas": 1168, "incidence_hosp": 17.187182957857225, "incidence_dc": 1.3553321418195983, "population": 5091003, "taux_positivite": 25.8, "incidence_rea": 1.3356896470106185, "incidence_evol": -12.18}, "Grand Est": {"incidence_cas": 1109, "incidence_hosp": 14.575842969585075, "incidence_dc": 1.4611050319753156, "population": 5680632, "taux_positivite": 31.3, "incidence_rea": 1.1794462306306763, "incidence_evol": -22.34}, "Occitanie": {"incidence_cas": 1268, "incidence_hosp": 13.71485083281783, "incidence_dc": 0.8117297656908209, "population": 5913298, "taux_positivite": 31.0, "incidence_rea": 1.74183678887822, "incidence_evol": -6.56}, "Normandie": {"incidence_cas": 1310, "incidence_hosp": 14.91507891127513, "incidence_dc": 1.0799567900531892, "population": 3426063, "taux_positivite": 37.0, "incidence_rea": 0.7005125124669337, "incidence_evol": -22.8}, "Nouvelle-Aquitaine": {"incidence_cas": 1037, "incidence_hosp": 12.155219184295852, "incidence_dc": 1.0541111487736239, "population": 6071466, "taux_positivite": 32.3, "incidence_rea": 1.202345529069915, "incidence_evol": -8.31}, "Centre": {"incidence_cas": 1217, "incidence_hosp": 15.033947257286743, "incidence_dc": 1.0198908943385478, "population": 2647342, "taux_positivite": 38.1, "incidence_rea": 1.3976282626120842, "incidence_evol": -19.51}, "Bourgogne-Franche-Comt\u00e9": {"incidence_cas": 1361, "incidence_hosp": 17.488602285429824, "incidence_dc": 1.204923385807173, "population": 2904749, "taux_positivite": 35.5, "incidence_rea": 1.342628915613707, "incidence_evol": -5.42}, "Bretagne": {"incidence_cas": 1291, "incidence_hosp": 21.31042300747545, "incidence_dc": 1.2674248814957736, "population": 3392706, "taux_positivite": 40.3, "incidence_rea": 1.8863998236216166, "incidence_evol": -21.85}, "Corse": {"incidence_cas": 1569, "incidence_hosp": 15.62861599588847, "incidence_dc": 1.2022012304529595, "population": 332723, "taux_positivite": 28.1, "incidence_rea": 2.103852153292679, "incidence_evol": -13.6}, "Pays de la Loire": {"incidence_cas": 1159, "incidence_hosp": 12.537402815497591, "incidence_dc": 0.8899200328328144, "population": 3820568, "taux_positivite": 37.3, "incidence_rea": 1.5442729981510601, "incidence_evol": -20.62}, "Ile-de-France": {"incidence_cas": 1080, "incidence_hosp": 11.047757550541242, "incidence_dc": 0.7605044057737494, "population": 12228726, "taux_positivite": 22.1, "incidence_rea": 1.3983468106162489, "incidence_evol": -15.95}, "Guadeloupe": {"incidence_cas": 632, "incidence_hosp": 3.2135105872814194, "incidence_dc": 0.49438624419714144, "population": 404542, "taux_positivite": 16.7, "incidence_rea": 0.49438624419714144, "incidence_evol": -12.83}, "Martinique": {"incidence_cas": 464, "incidence_hosp": 0.7754442649434572, "incidence_dc": 0.0, "population": 386875, "taux_positivite": 14.0, "incidence_rea": 0.0, "incidence_evol": -22.02}, "Guyane": {"incidence_cas": 165, "incidence_hosp": 7.62250315381068, "incidence_dc": 0.0, "population": 262381, "taux_positivite": 9.7, "incidence_rea": 0.0, "incidence_evol": -2.37}, "La R\u00e9union": {"incidence_cas": 1808, "incidence_hosp": 16.494442998922054, "incidence_dc": 0.9292643943054678, "population": 860896, "taux_positivite": 38.9, "incidence_rea": 1.2777385421700183, "incidence_evol": 9.38}, "Mayotte": {"incidence_cas": 24, "incidence_hosp": 0.7397215688015031, "incidence_dc": 0.0, "population": 270372, "taux_positivite": 3.0, "incidence_rea": 0.0, "incidence_evol": -20.0}}, "donnees_france": {"incidence_cas": 1213.1014835060332, "incidence_hosp": 14.294868084248535, "incidence_dc": 1.0414960173952186, "population": "67114995", "incidence_rea": 1.3633316965903073}, "date_donnees": "16/04", "date_update": "19/04"}