{"liste_regions": ["Auvergne-Rh\u00f4ne-Alpes", "Hauts-de-France", "Provence-Alpes-C\u00f4te d'Azur", "Grand Est", "Occitanie", "Normandie", "Nouvelle-Aquitaine", "Centre", "Bourgogne-Franche-Comt\u00e9", "Bretagne", "Corse", "Pays de la Loire", "Ile-de-France", "Guadeloupe", "Martinique", "Guyane", "La R\u00e9union", "Mayotte"], "donnees_regions": {"Auvergne-Rh\u00f4ne-Alpes": {"incidence_cas": 636, "incidence_hosp": 13.58236483595143, "incidence_dc": 1.2764448705319318, "population": 8069287, "taux_positivite": 7.8, "incidence_rea": 2.8007431139826853, "incidence_evol": 44.55}, "Hauts-de-France": {"incidence_cas": 433, "incidence_hosp": 8.747792000070636, "incidence_dc": 0.9647097719704066, "population": 6115829, "taux_positivite": 5.8, "incidence_rea": 2.338194871046918, "incidence_evol": 30.82}, "Provence-Alpes-C\u00f4te d'Azur": {"incidence_cas": 628, "incidence_hosp": 21.21389439369806, "incidence_dc": 1.9053219964710293, "population": 5091003, "taux_positivite": 6.7, "incidence_rea": 3.8499289825600185, "incidence_evol": 37.72}, "Grand Est": {"incidence_cas": 464, "incidence_hosp": 13.114737937609759, "incidence_dc": 1.1090315302945164, "population": 5680632, "taux_positivite": 5.8, "incidence_rea": 2.869399038698511, "incidence_evol": 33.72}, "Occitanie": {"incidence_cas": 521, "incidence_hosp": 13.00458728783836, "incidence_dc": 1.1668615381805552, "population": 5913298, "taux_positivite": 6.6, "incidence_rea": 3.11163076848148, "incidence_evol": 39.68}, "Normandie": {"incidence_cas": 248, "incidence_hosp": 7.939141807958581, "incidence_dc": 0.8172645978780892, "population": 3426063, "taux_positivite": 4.3, "incidence_rea": 1.3426489822282894, "incidence_evol": 27.84}, "Nouvelle-Aquitaine": {"incidence_cas": 440, "incidence_hosp": 9.075238171472918, "incidence_dc": 0.9882292019752725, "population": 6071466, "taux_positivite": 6.2, "incidence_rea": 2.0423403507488964, "incidence_evol": 32.53}, "Centre": {"incidence_cas": 323, "incidence_hosp": 8.839054417600748, "incidence_dc": 1.0954383679932551, "population": 2647342, "taux_positivite": 5.9, "incidence_rea": 1.9642343150223887, "incidence_evol": 41.05}, "Bourgogne-Franche-Comt\u00e9": {"incidence_cas": 521, "incidence_hosp": 15.595151250589982, "incidence_dc": 1.5147608278718747, "population": 2904749, "taux_positivite": 7.4, "incidence_rea": 2.857389743485582, "incidence_evol": 49.28}, "Bretagne": {"incidence_cas": 307, "incidence_hosp": 6.631874379919745, "incidence_dc": 0.7073999338581062, "population": 3392706, "taux_positivite": 5.1, "incidence_rea": 0.6779249366140184, "incidence_evol": 30.64}, "Corse": {"incidence_cas": 467, "incidence_hosp": 20.13687061008707, "incidence_dc": 3.0055030761323986, "population": 332723, "taux_positivite": 5.6, "incidence_rea": 3.9071539989721176, "incidence_evol": 11.99}, "Pays de la Loire": {"incidence_cas": 383, "incidence_hosp": 9.239463870293632, "incidence_dc": 1.2301835747983023, "population": 3820568, "taux_positivite": 5.7, "incidence_rea": 1.9368847773420077, "incidence_evol": 30.27}, "Ile-de-France": {"incidence_cas": 465, "incidence_hosp": 10.728836348119993, "incidence_dc": 1.2020876091262491, "population": 12228726, "taux_positivite": 5.3, "incidence_rea": 2.739451354131248, "incidence_evol": 35.57}, "Guadeloupe": {"incidence_cas": 36, "incidence_hosp": 2.7191243430842778, "incidence_dc": 1.9775449767885658, "population": 404542, "taux_positivite": 1.4, "incidence_rea": 1.4831587325914244, "incidence_evol": -7.69}, "Martinique": {"incidence_cas": 176, "incidence_hosp": 15.767366720516963, "incidence_dc": 3.8772213247172855, "population": 386875, "taux_positivite": 3.8, "incidence_rea": 4.652665589660743, "incidence_evol": 11.39}, "Guyane": {"incidence_cas": 83, "incidence_hosp": 8.765878626882282, "incidence_dc": 1.143375473071602, "population": 262381, "taux_positivite": 3.1, "incidence_rea": 1.524500630762136, "incidence_evol": -10.75}, "La R\u00e9union": {"incidence_cas": 321, "incidence_hosp": 5.924060513697357, "incidence_dc": 0.5807902464409174, "population": 860896, "taux_positivite": 4.9, "incidence_rea": 1.5100546407463853, "incidence_evol": 23.46}, "Mayotte": {"incidence_cas": 25, "incidence_hosp": 1.8493039220037577, "incidence_dc": 0.0, "population": 270372, "taux_positivite": 1.2, "incidence_rea": 0.36986078440075154, "incidence_evol": 8.7}}, "donnees_france": {"incidence_cas": 469.7966527450386, "incidence_hosp": 11.685913110773532, "incidence_dc": 1.2083737769778573, "population": "67114995", "incidence_rea": 2.538925913650146}, "date_donnees": "06/12", "date_update": "09/12"}