{"liste_regions": ["Auvergne-Rh\u00f4ne-Alpes", "Hauts-de-France", "Provence-Alpes-C\u00f4te d'Azur", "Grand Est", "Occitanie", "Normandie", "Nouvelle-Aquitaine", "Centre", "Bourgogne-Franche-Comt\u00e9", "Bretagne", "Corse", "Pays de la Loire", "Ile-de-France", "Guadeloupe", "Martinique", "Guyane", "La R\u00e9union", "Mayotte"], "donnees_regions": {"Auvergne-Rh\u00f4ne-Alpes": {"incidence_cas": 753, "incidence_hosp": 10.199166295609512, "incidence_dc": 1.2020888586562852, "population": 8069287, "taux_positivite": 25.8, "incidence_rea": 1.040984166259051, "incidence_evol": 53.36}, "Hauts-de-France": {"incidence_cas": 1140, "incidence_hosp": 13.865659095439064, "incidence_dc": 0.8666036934649415, "population": 6115829, "taux_positivite": 26.4, "incidence_rea": 1.4715911775819763, "incidence_evol": 28.09}, "Provence-Alpes-C\u00f4te d'Azur": {"incidence_cas": 952, "incidence_hosp": 15.164005992532317, "incidence_dc": 1.689254553572253, "population": 5091003, "taux_positivite": 22.0, "incidence_rea": 0.9035547612130655, "incidence_evol": 30.05}, "Grand Est": {"incidence_cas": 1392, "incidence_hosp": 16.107362701896548, "incidence_dc": 1.3554829814710758, "population": 5680632, "taux_positivite": 27.8, "incidence_rea": 1.4435013568912753, "incidence_evol": 28.29}, "Occitanie": {"incidence_cas": 923, "incidence_hosp": 9.233426084733088, "incidence_dc": 0.9470180599726243, "population": 5913298, "taux_positivite": 27.5, "incidence_rea": 0.77790769212037, "incidence_evol": 47.68}, "Normandie": {"incidence_cas": 1231, "incidence_hosp": 13.689182014457995, "incidence_dc": 0.8172645978780892, "population": 3426063, "taux_positivite": 30.4, "incidence_rea": 1.0799567900531892, "incidence_evol": 39.1}, "Nouvelle-Aquitaine": {"incidence_cas": 1021, "incidence_hosp": 10.606993434534592, "incidence_dc": 1.0376406620740362, "population": 6071466, "taux_positivite": 32.6, "incidence_rea": 0.9388177418765089, "incidence_evol": 21.84}, "Centre": {"incidence_cas": 1038, "incidence_hosp": 10.274456417040186, "incidence_dc": 0.9821171575111943, "population": 2647342, "taux_positivite": 32.4, "incidence_rea": 0.6421535260650116, "incidence_evol": 41.42}, "Bourgogne-Franche-Comt\u00e9": {"incidence_cas": 866, "incidence_hosp": 13.839405745556672, "incidence_dc": 1.342628915613707, "population": 2904749, "taux_positivite": 28.8, "incidence_rea": 1.2737761507104401, "incidence_evol": 53.27}, "Bretagne": {"incidence_cas": 1439, "incidence_hosp": 15.091198588972933, "incidence_dc": 0.854774920078545, "population": 3392706, "taux_positivite": 38.1, "incidence_rea": 0.7073999338581062, "incidence_evol": 31.66}, "Corse": {"incidence_cas": 1400, "incidence_hosp": 15.62861599588847, "incidence_dc": 2.103852153292679, "population": 332723, "taux_positivite": 26.9, "incidence_rea": 2.404402460905919, "incidence_evol": 82.05}, "Pays de la Loire": {"incidence_cas": 992, "incidence_hosp": 10.024687428675527, "incidence_dc": 0.9160941514455442, "population": 3820568, "taux_positivite": 31.5, "incidence_rea": 0.7852235583818952, "incidence_evol": 36.26}, "Ile-de-France": {"incidence_cas": 807, "incidence_hosp": 7.694996191753744, "incidence_dc": 0.6950846719437496, "population": 12228726, "taux_positivite": 19.2, "incidence_rea": 0.8422790730612495, "incidence_evol": 75.82}, "Guadeloupe": {"incidence_cas": 955, "incidence_hosp": 10.876497372337111, "incidence_dc": 1.9775449767885658, "population": 404542, "taux_positivite": 14.4, "incidence_rea": 1.9775449767885658, "incidence_evol": -10.33}, "Martinique": {"incidence_cas": 1492, "incidence_hosp": 11.373182552504039, "incidence_dc": 0.25848142164781907, "population": 386875, "taux_positivite": 16.2, "incidence_rea": 0.5169628432956381, "incidence_evol": -44.74}, "Guyane": {"incidence_cas": 115, "incidence_hosp": 6.098002523048544, "incidence_dc": 0.0, "population": 262381, "taux_positivite": 8.9, "incidence_rea": 0.762250315381068, "incidence_evol": 17.35}, "La R\u00e9union": {"incidence_cas": 1144, "incidence_hosp": 13.474333717429282, "incidence_dc": 1.742370739322752, "population": 860896, "taux_positivite": 35.2, "incidence_rea": 0.8131063450172844, "incidence_evol": 11.5}, "Mayotte": {"incidence_cas": 17, "incidence_hosp": 0.0, "incidence_dc": 0.0, "population": 270372, "taux_positivite": 1.7, "incidence_rea": 0.0, "incidence_evol": 0.0}}, "donnees_france": {"incidence_cas": 1025.7499087945994, "incidence_hosp": 11.620353990937495, "incidence_dc": 1.0504358973728598, "population": "67114995", "incidence_rea": 1.013186397466021}, "date_donnees": "21/03", "date_update": "24/03"}