{"liste_regions": ["Auvergne-Rh\u00f4ne-Alpes", "Hauts-de-France", "Provence-Alpes-C\u00f4te d'Azur", "Grand Est", "Occitanie", "Normandie", "Nouvelle-Aquitaine", "Centre", "Bourgogne-Franche-Comt\u00e9", "Bretagne", "Corse", "Pays de la Loire", "Ile-de-France", "Guadeloupe", "Martinique", "Guyane", "La R\u00e9union", "Mayotte"], "donnees_regions": {"Auvergne-Rh\u00f4ne-Alpes": {"incidence_cas": 1311, "incidence_hosp": 16.445071293163817, "incidence_dc": 1.0781621721968744, "population": 8069287, "taux_positivite": 33.6, "incidence_rea": 1.2640522018859908, "incidence_evol": 9.52}, "Hauts-de-France": {"incidence_cas": 1475, "incidence_hosp": 19.310546452492375, "incidence_dc": 1.177272942065581, "population": 6115829, "taux_positivite": 29.1, "incidence_rea": 1.9784725831935457, "incidence_evol": -5.33}, "Provence-Alpes-C\u00f4te d'Azur": {"incidence_cas": 1326, "incidence_hosp": 19.87820474668744, "incidence_dc": 1.492829605482456, "population": 5091003, "taux_positivite": 25.2, "incidence_rea": 1.3160471522016388, "incidence_evol": -1.63}, "Grand Est": {"incidence_cas": 1426, "incidence_hosp": 21.44127625236065, "incidence_dc": 1.5843307575635952, "population": 5680632, "taux_positivite": 29.0, "incidence_rea": 1.7779711834880343, "incidence_evol": -10.37}, "Occitanie": {"incidence_cas": 1353, "incidence_hosp": 15.828730430971008, "incidence_dc": 0.930107023187399, "population": 5913298, "taux_positivite": 31.2, "incidence_rea": 1.708014715307769, "incidence_evol": -0.07}, "Normandie": {"incidence_cas": 1690, "incidence_hosp": 21.219691523477533, "incidence_dc": 1.4302130462866562, "population": 3426063, "taux_positivite": 35.4, "incidence_rea": 1.3134609608755006, "incidence_evol": -3.54}, "Nouvelle-Aquitaine": {"incidence_cas": 1125, "incidence_hosp": 15.51519847101178, "incidence_dc": 0.9882292019752725, "population": 6071466, "taux_positivite": 34.4, "incidence_rea": 1.169404555670739, "incidence_evol": -0.97}, "Centre": {"incidence_cas": 1504, "incidence_hosp": 15.600553309697048, "incidence_dc": 1.2843070521300233, "population": 2647342, "taux_positivite": 37.4, "incidence_rea": 1.3976282626120842, "incidence_evol": 0.74}, "Bourgogne-Franche-Comt\u00e9": {"incidence_cas": 1435, "incidence_hosp": 21.791900091884017, "incidence_dc": 1.5836135927751418, "population": 2904749, "taux_positivite": 36.3, "incidence_rea": 2.100009329549644, "incidence_evol": 4.59}, "Bretagne": {"incidence_cas": 1643, "incidence_hosp": 23.66842278700247, "incidence_dc": 1.3558498732280369, "population": 3392706, "taux_positivite": 39.5, "incidence_rea": 1.3558498732280369, "incidence_evol": -8.26}, "Corse": {"incidence_cas": 1790, "incidence_hosp": 28.251728915644545, "incidence_dc": 3.606603691358878, "population": 332723, "taux_positivite": 28.6, "incidence_rea": 3.3060533837456383, "incidence_evol": -10.14}, "Pays de la Loire": {"incidence_cas": 1455, "incidence_hosp": 13.453496966943135, "incidence_dc": 0.7067012025437056, "population": 3820568, "taux_positivite": 36.1, "incidence_rea": 1.125487100347383, "incidence_evol": -0.75}, "Ile-de-France": {"incidence_cas": 1280, "incidence_hosp": 15.14466838164499, "incidence_dc": 0.8422790730612495, "population": 12228726, "taux_positivite": 24.0, "incidence_rea": 1.5782510786487487, "incidence_evol": -6.57}, "Guadeloupe": {"incidence_cas": 710, "incidence_hosp": 5.685441808267127, "incidence_dc": 0.0, "population": 404542, "taux_positivite": 16.6, "incidence_rea": 0.24719312209857072, "incidence_evol": -13.94}, "Martinique": {"incidence_cas": 586, "incidence_hosp": 3.8772213247172855, "incidence_dc": 0.7754442649434572, "population": 386875, "taux_positivite": 11.1, "incidence_rea": 0.0, "incidence_evol": -22.79}, "Guyane": {"incidence_cas": 166, "incidence_hosp": 6.479127680739078, "incidence_dc": 0.381125157690534, "population": 262381, "taux_positivite": 10.9, "incidence_rea": 0.381125157690534, "incidence_evol": 18.57}, "La R\u00e9union": {"incidence_cas": 1639, "incidence_hosp": 14.635914210311116, "incidence_dc": 1.2777385421700183, "population": 860896, "taux_positivite": 39.0, "incidence_rea": 1.6262126900345688, "incidence_evol": 7.62}, "Mayotte": {"incidence_cas": 29, "incidence_hosp": 0.0, "incidence_dc": 0.0, "population": 270372, "taux_positivite": 3.6, "incidence_rea": 0.0, "incidence_evol": 45.0}}, "donnees_france": {"incidence_cas": 1407.0015203010894, "incidence_hosp": 17.630933295905038, "incidence_dc": 1.1502645571231882, "population": "67114995", "incidence_rea": 1.5123296962176636}, "date_donnees": "09/04", "date_update": "12/04"}