{"liste_regions": ["Auvergne-Rh\u00f4ne-Alpes", "Hauts-de-France", "Provence-Alpes-C\u00f4te d'Azur", "Grand Est", "Occitanie", "Normandie", "Nouvelle-Aquitaine", "Centre", "Bourgogne-Franche-Comt\u00e9", "Bretagne", "Corse", "Pays de la Loire", "Ile-de-France", "Guadeloupe", "Martinique", "Guyane", "La R\u00e9union", "Mayotte"], "donnees_regions": {"Auvergne-Rh\u00f4ne-Alpes": {"incidence_cas": 744, "incidence_hosp": 8.55094136569935, "incidence_dc": 0.29742404750258605, "population": 8069287, "taux_positivite": 29.6, "incidence_rea": 0.7683454560483473, "incidence_evol": 64.24}, "Hauts-de-France": {"incidence_cas": 752, "incidence_hosp": 10.333840269242323, "incidence_dc": 0.4905303925273254, "population": 6115829, "taux_positivite": 26.1, "incidence_rea": 1.0137628112231392, "incidence_evol": 67.48}, "Provence-Alpes-C\u00f4te d'Azur": {"incidence_cas": 910, "incidence_hosp": 12.826549110263734, "incidence_dc": 0.5696323494604109, "population": 5091003, "taux_positivite": 24.5, "incidence_rea": 0.8446272767861265, "incidence_evol": 76.7}, "Grand Est": {"incidence_cas": 623, "incidence_hosp": 6.038060553825701, "incidence_dc": 0.29926247642867904, "population": 5680632, "taux_positivite": 23.9, "incidence_rea": 0.4929029023531184, "incidence_evol": 57.72}, "Occitanie": {"incidence_cas": 938, "incidence_hosp": 8.320230098330914, "incidence_dc": 0.4396869564158613, "population": 5913298, "taux_positivite": 29.9, "incidence_rea": 0.8793739128317226, "incidence_evol": 61.17}, "Normandie": {"incidence_cas": 716, "incidence_hosp": 9.602859025067549, "incidence_dc": 0.32106823488067787, "population": 3426063, "taux_positivite": 30.8, "incidence_rea": 0.35025625623346685, "incidence_evol": 60.54}, "Nouvelle-Aquitaine": {"incidence_cas": 820, "incidence_hosp": 8.465830163588167, "incidence_dc": 0.3623507073909332, "population": 6071466, "taux_positivite": 32.7, "incidence_rea": 0.5929375211851635, "incidence_evol": 63.02}, "Centre": {"incidence_cas": 766, "incidence_hosp": 5.968250418721873, "incidence_dc": 0.5288323155829507, "population": 2647342, "taux_positivite": 32.1, "incidence_rea": 0.5288323155829507, "incidence_evol": 53.51}, "Bourgogne-Franche-Comt\u00e9": {"incidence_cas": 679, "incidence_hosp": 11.188574296780892, "incidence_dc": 0.30983744206470165, "population": 2904749, "taux_positivite": 28.9, "incidence_rea": 0.6885276490326703, "incidence_evol": 57.18}, "Bretagne": {"incidence_cas": 939, "incidence_hosp": 10.050974060233926, "incidence_dc": 0.20632498070861433, "population": 3392706, "taux_positivite": 37.3, "incidence_rea": 0.854774920078545, "incidence_evol": 60.79}, "Corse": {"incidence_cas": 890, "incidence_hosp": 16.53026691872819, "incidence_dc": 0.30055030761323986, "population": 332723, "taux_positivite": 26.5, "incidence_rea": 1.5027515380661993, "incidence_evol": 75.2}, "Pays de la Loire": {"incidence_cas": 887, "incidence_hosp": 9.789120361160958, "incidence_dc": 0.26174118612729835, "population": 3820568, "taux_positivite": 36.4, "incidence_rea": 0.9684423886710039, "incidence_evol": 66.42}, "Ile-de-France": {"incidence_cas": 1097, "incidence_hosp": 10.949627949796243, "incidence_dc": 0.37616346952249974, "population": 12228726, "taux_positivite": 24.6, "incidence_rea": 1.341104543514999, "incidence_evol": 44.91}, "Guadeloupe": {"incidence_cas": 856, "incidence_hosp": 9.640531761844258, "incidence_dc": 0.24719312209857072, "population": 404542, "taux_positivite": 21.3, "incidence_rea": 1.7303518546899952, "incidence_evol": 33.13}, "Martinique": {"incidence_cas": 1332, "incidence_hosp": 22.48788368336026, "incidence_dc": 1.8093699515347335, "population": 386875, "taux_positivite": 28.2, "incidence_rea": 2.5848142164781907, "incidence_evol": -23.27}, "Guyane": {"incidence_cas": 486, "incidence_hosp": 14.101630834549757, "incidence_dc": 0.0, "population": 262381, "taux_positivite": 22.0, "incidence_rea": 0.381125157690534, "incidence_evol": 7.05}, "La R\u00e9union": {"incidence_cas": 260, "incidence_hosp": 8.247221499461027, "incidence_dc": 0.23231609857636695, "population": 860896, "taux_positivite": 14.8, "incidence_rea": 0.9292643943054678, "incidence_evol": 46.07}, "Mayotte": {"incidence_cas": 35, "incidence_hosp": 0.0, "incidence_dc": 0.0, "population": 270372, "taux_positivite": 3.4, "incidence_rea": 0.0, "incidence_evol": 75.0}}, "donnees_france": {"incidence_cas": 894.0982562838602, "incidence_hosp": 9.653580395856396, "incidence_dc": 0.38143487904603135, "population": "67114995", "incidence_rea": 0.8790881978014005}, "date_donnees": "28/06", "date_update": "01/07"}