{"liste_regions": ["Auvergne-Rh\u00f4ne-Alpes", "Hauts-de-France", "Provence-Alpes-C\u00f4te d'Azur", "Grand Est", "Occitanie", "Normandie", "Nouvelle-Aquitaine", "Centre", "Bourgogne-Franche-Comt\u00e9", "Bretagne", "Corse", "Pays de la Loire", "Ile-de-France", "Guadeloupe", "Martinique", "Guyane", "La R\u00e9union", "Mayotte"], "donnees_regions": {"Auvergne-Rh\u00f4ne-Alpes": {"incidence_cas": 1194, "incidence_hosp": 14.474636978459188, "incidence_dc": 1.1153401781346977, "population": 8069287, "taux_positivite": 30.5, "incidence_rea": 1.449942231575107, "incidence_evol": 15.14}, "Hauts-de-France": {"incidence_cas": 1552, "incidence_hosp": 16.808841450603015, "incidence_dc": 1.5042932037504646, "population": 6115829, "taux_positivite": 28.9, "incidence_rea": 1.8476644785195921, "incidence_evol": 5.94}, "Provence-Alpes-C\u00f4te d'Azur": {"incidence_cas": 1342, "incidence_hosp": 18.935364995856418, "incidence_dc": 1.3946171314375577, "population": 5091003, "taux_positivite": 25.1, "incidence_rea": 1.2571196677746996, "incidence_evol": 14.31}, "Grand Est": {"incidence_cas": 1588, "incidence_hosp": 20.173811646309776, "incidence_dc": 1.3202756313029957, "population": 5680632, "taux_positivite": 28.9, "incidence_rea": 1.7955748585720746, "incidence_evol": -4.22}, "Occitanie": {"incidence_cas": 1351, "incidence_hosp": 13.985427421381436, "incidence_dc": 0.7948187289055956, "population": 5913298, "taux_positivite": 29.8, "incidence_rea": 1.4543491635293875, "incidence_evol": 12.21}, "Normandie": {"incidence_cas": 1745, "incidence_hosp": 22.8834087405865, "incidence_dc": 1.2842729395227115, "population": 3426063, "taux_positivite": 34.1, "incidence_rea": 0.7005125124669337, "incidence_evol": 6.34}, "Nouvelle-Aquitaine": {"incidence_cas": 1129, "incidence_hosp": 12.912861572476894, "incidence_dc": 1.0211701753744482, "population": 6071466, "taux_positivite": 33.3, "incidence_rea": 1.1199930955719757, "incidence_evol": -1.57}, "Centre": {"incidence_cas": 1485, "incidence_hosp": 15.902743204315877, "incidence_dc": 0.9443434206838407, "population": 2647342, "taux_positivite": 36.2, "incidence_rea": 1.6998181572309132, "incidence_evol": 9.11}, "Bourgogne-Franche-Comt\u00e9": {"incidence_cas": 1368, "incidence_hosp": 20.208286499108873, "incidence_dc": 1.342628915613707, "population": 2904749, "taux_positivite": 33.9, "incidence_rea": 1.9623037997431103, "incidence_evol": 14.48}, "Bretagne": {"incidence_cas": 1781, "incidence_hosp": 20.897773046058223, "incidence_dc": 1.6211248484248268, "population": 3392706, "taux_positivite": 39.9, "incidence_rea": 1.2379498842516858, "incidence_evol": -1.66}, "Corse": {"incidence_cas": 1981, "incidence_hosp": 22.841823378606225, "incidence_dc": 1.5027515380661993, "population": 332723, "taux_positivite": 27.8, "incidence_rea": 2.404402460905919, "incidence_evol": 13.14}, "Pays de la Loire": {"incidence_cas": 1460, "incidence_hosp": 14.578984067290518, "incidence_dc": 0.9946165072837337, "population": 3820568, "taux_positivite": 35.7, "incidence_rea": 1.099312981734653, "incidence_evol": 10.11}, "Ile-de-France": {"incidence_cas": 1363, "incidence_hosp": 12.110828225278741, "incidence_dc": 0.7686818725024995, "population": 12228726, "taux_positivite": 23.1, "incidence_rea": 1.341104543514999, "incidence_evol": 11.36}, "Guadeloupe": {"incidence_cas": 819, "incidence_hosp": 8.651759273449976, "incidence_dc": 0.49438624419714144, "population": 404542, "taux_positivite": 13.9, "incidence_rea": 1.9775449767885658, "incidence_evol": -14.15}, "Martinique": {"incidence_cas": 744, "incidence_hosp": 11.11470113085622, "incidence_dc": 1.0339256865912763, "population": 386875, "taux_positivite": 10.8, "incidence_rea": 0.5169628432956381, "incidence_evol": -32.24}, "Guyane": {"incidence_cas": 139, "incidence_hosp": 4.192376734595874, "incidence_dc": 0.0, "population": 262381, "taux_positivite": 9.8, "incidence_rea": 0.0, "incidence_evol": -2.11}, "La R\u00e9union": {"incidence_cas": 1516, "incidence_hosp": 12.196595175259265, "incidence_dc": 0.4646321971527339, "population": 860896, "taux_positivite": 36.1, "incidence_rea": 0.9292643943054678, "incidence_evol": 14.07}, "Mayotte": {"incidence_cas": 20, "incidence_hosp": 0.0, "incidence_dc": 0.0, "population": 270372, "taux_positivite": 2.1, "incidence_rea": 0.0, "incidence_evol": 53.85}}, "donnees_france": {"incidence_cas": 1435.4884478498434, "incidence_hosp": 15.981525440030204, "incidence_dc": 1.1130150572163493, "population": "67114995", "incidence_rea": 1.415480996459882}, "date_donnees": "02/04", "date_update": "05/04"}