{"liste_regions": ["Auvergne-Rh\u00f4ne-Alpes", "Hauts-de-France", "Provence-Alpes-C\u00f4te d'Azur", "Grand Est", "Occitanie", "Normandie", "Nouvelle-Aquitaine", "Centre", "Bourgogne-Franche-Comt\u00e9", "Bretagne", "Corse", "Pays de la Loire", "Ile-de-France", "Guadeloupe", "Martinique", "Guyane", "La R\u00e9union", "Mayotte"], "donnees_regions": {"Auvergne-Rh\u00f4ne-Alpes": {"incidence_cas": 508, "incidence_hosp": 10.39744899394457, "incidence_dc": 0.9914134916752868, "population": 8069287, "taux_positivite": 7.4, "incidence_rea": 2.0943610011640432, "incidence_evol": 66.56}, "Hauts-de-France": {"incidence_cas": 369, "incidence_hosp": 7.047286639309242, "incidence_dc": 0.6540405233697673, "population": 6115829, "taux_positivite": 5.5, "incidence_rea": 1.79861143926686, "incidence_evol": 48.79}, "Provence-Alpes-C\u00f4te d'Azur": {"incidence_cas": 502, "incidence_hosp": 15.360430940622113, "incidence_dc": 1.3356896470106185, "population": 5091003, "taux_positivite": 6.3, "incidence_rea": 2.985659210964912, "incidence_evol": 50.3}, "Grand Est": {"incidence_cas": 393, "incidence_hosp": 10.808656501600526, "incidence_dc": 0.8977874292860373, "population": 5680632, "taux_positivite": 5.5, "incidence_rea": 2.1300446851688335, "incidence_evol": 50.57}, "Occitanie": {"incidence_cas": 425, "incidence_hosp": 10.163533107920488, "incidence_dc": 0.8286408024760463, "population": 5913298, "taux_positivite": 6.3, "incidence_rea": 2.8579652167030987, "incidence_evol": 65.37}, "Normandie": {"incidence_cas": 214, "incidence_hosp": 6.508928761671925, "incidence_dc": 0.8172645978780892, "population": 3426063, "taux_positivite": 4.1, "incidence_rea": 1.0215807473476115, "incidence_evol": 41.72}, "Nouvelle-Aquitaine": {"incidence_cas": 374, "incidence_hosp": 7.395248528114956, "incidence_dc": 0.6752899546831029, "population": 6071466, "taux_positivite": 6.1, "incidence_rea": 1.6305781832592, "incidence_evol": 52.03}, "Centre": {"incidence_cas": 258, "incidence_hosp": 6.988141313060421, "incidence_dc": 0.8687959470291334, "population": 2647342, "taux_positivite": 5.5, "incidence_rea": 1.208759578475316, "incidence_evol": 36.51}, "Bourgogne-Franche-Comt\u00e9": {"incidence_cas": 412, "incidence_hosp": 11.188574296780892, "incidence_dc": 1.2737761507104401, "population": 2904749, "taux_positivite": 6.8, "incidence_rea": 1.9623037997431103, "incidence_evol": 70.25}, "Bretagne": {"incidence_cas": 266, "incidence_hosp": 5.747624462597113, "incidence_dc": 0.4421249586613164, "population": 3392706, "taux_positivite": 5.1, "incidence_rea": 0.7073999338581062, "incidence_evol": 53.76}, "Corse": {"incidence_cas": 417, "incidence_hosp": 12.322562612142834, "incidence_dc": 1.5027515380661993, "population": 332723, "taux_positivite": 5.5, "incidence_rea": 2.7049527685191586, "incidence_evol": 18.8}, "Pays de la Loire": {"incidence_cas": 328, "incidence_hosp": 8.271021481622627, "incidence_dc": 0.8899200328328144, "population": 3820568, "taux_positivite": 5.6, "incidence_rea": 1.8060141842783586, "incidence_evol": 45.13}, "Ile-de-France": {"incidence_cas": 385, "incidence_hosp": 8.921616201066243, "incidence_dc": 0.7932142726887494, "population": 12228726, "taux_positivite": 5.1, "incidence_rea": 2.3387554844224985, "incidence_evol": 54.0}, "Guadeloupe": {"incidence_cas": 37, "incidence_hosp": 2.966317465182849, "incidence_dc": 2.2247380988871366, "population": 404542, "taux_positivite": 1.8, "incidence_rea": 1.4831587325914244, "incidence_evol": -15.91}, "Martinique": {"incidence_cas": 169, "incidence_hosp": 19.903069466882066, "incidence_dc": 3.8772213247172855, "population": 386875, "taux_positivite": 4.8, "incidence_rea": 6.720516962843296, "incidence_evol": 5.62}, "Guyane": {"incidence_cas": 98, "incidence_hosp": 8.003628311501213, "incidence_dc": 0.762250315381068, "population": 262381, "taux_positivite": 4.1, "incidence_rea": 0.762250315381068, "incidence_evol": 27.27}, "La R\u00e9union": {"incidence_cas": 274, "incidence_hosp": 4.414005872950972, "incidence_dc": 0.5807902464409174, "population": 860896, "taux_positivite": 4.7, "incidence_rea": 0.8131063450172844, "incidence_evol": 13.22}, "Mayotte": {"incidence_cas": 22, "incidence_hosp": 1.1095823532022546, "incidence_dc": 0.0, "population": 270372, "taux_positivite": 1.3, "incidence_rea": 0.36986078440075154, "incidence_evol": -12.0}}, "donnees_france": {"incidence_cas": 388.273887228927, "incidence_hosp": 9.301945116735835, "incidence_dc": 0.8924980177678624, "population": "67114995", "incidence_rea": 2.0472325148798713}, "date_donnees": "01/12", "date_update": "04/12"}