{"liste_regions": ["Auvergne-Rh\u00f4ne-Alpes", "Hauts-de-France", "Provence-Alpes-C\u00f4te d'Azur", "Grand Est", "Occitanie", "Normandie", "Nouvelle-Aquitaine", "Centre", "Bourgogne-Franche-Comt\u00e9", "Bretagne", "Corse", "Pays de la Loire", "Ile-de-France", "Guadeloupe", "Martinique", "Guyane", "La R\u00e9union", "Mayotte"], "donnees_regions": {"Auvergne-Rh\u00f4ne-Alpes": {"incidence_cas": 637, "incidence_hosp": 8.823580075910051, "incidence_dc": 1.14012551542658, "population": 8069287, "taux_positivite": 23.9, "incidence_rea": 0.9542354857374636, "incidence_evol": 53.12}, "Hauts-de-France": {"incidence_cas": 1031, "incidence_hosp": 12.672035140289239, "incidence_dc": 0.9810607850546508, "population": 6115829, "taux_positivite": 25.4, "incidence_rea": 1.3898361121607554, "incidence_evol": 36.2}, "Provence-Alpes-C\u00f4te d'Azur": {"incidence_cas": 866, "incidence_hosp": 15.517570899093952, "incidence_dc": 1.9446069860889887, "population": 5091003, "taux_positivite": 21.1, "incidence_rea": 0.746414802741228, "incidence_evol": 31.61}, "Grand Est": {"incidence_cas": 1259, "incidence_hosp": 14.734276045341433, "incidence_dc": 1.4963123821433952, "population": 5680632, "taux_positivite": 26.8, "incidence_rea": 1.1618425555466363, "incidence_evol": 31.56}, "Occitanie": {"incidence_cas": 786, "incidence_hosp": 9.690024077934174, "incidence_dc": 1.082306354254428, "population": 5913298, "taux_positivite": 25.7, "incidence_rea": 1.0653953174692024, "incidence_evol": 36.93}, "Normandie": {"incidence_cas": 1071, "incidence_hosp": 14.973454953980704, "incidence_dc": 0.904828661936456, "population": 3426063, "taux_positivite": 28.7, "incidence_rea": 0.7880765765253004, "incidence_evol": 40.74}, "Nouvelle-Aquitaine": {"incidence_cas": 961, "incidence_hosp": 11.644634096608627, "incidence_dc": 1.169404555670739, "population": 6071466, "taux_positivite": 32.0, "incidence_rea": 0.8729357950781573, "incidence_evol": 28.13}, "Centre": {"incidence_cas": 903, "incidence_hosp": 9.594529154147821, "incidence_dc": 1.208759578475316, "population": 2647342, "taux_positivite": 30.6, "incidence_rea": 0.793248473374426, "incidence_evol": 39.35}, "Bourgogne-Franche-Comt\u00e9": {"incidence_cas": 732, "incidence_hosp": 14.286948717427908, "incidence_dc": 1.4803344454202412, "population": 2904749, "taux_positivite": 26.8, "incidence_rea": 1.2393497682588066, "incidence_evol": 53.46}, "Bretagne": {"incidence_cas": 1284, "incidence_hosp": 14.531173641335265, "incidence_dc": 1.1495248925194226, "population": 3392706, "taux_positivite": 36.6, "incidence_rea": 0.7958249255903695, "incidence_evol": 34.17}, "Corse": {"incidence_cas": 1121, "incidence_hosp": 10.819811074076634, "incidence_dc": 1.2022012304529595, "population": 332723, "taux_positivite": 24.1, "incidence_rea": 1.5027515380661993, "incidence_evol": 90.0}, "Pays de la Loire": {"incidence_cas": 873, "incidence_hosp": 9.344160344744552, "incidence_dc": 0.9422682700582741, "population": 3820568, "taux_positivite": 30.0, "incidence_rea": 1.0469647445091934, "incidence_evol": 39.23}, "Ile-de-France": {"incidence_cas": 628, "incidence_hosp": 6.967201652894995, "incidence_dc": 0.5969550711987496, "population": 12228726, "taux_positivite": 16.9, "incidence_rea": 0.8504565397899995, "incidence_evol": 60.2}, "Guadeloupe": {"incidence_cas": 961, "incidence_hosp": 11.865269860731395, "incidence_dc": 2.2247380988871366, "population": 404542, "taux_positivite": 14.4, "incidence_rea": 1.4831587325914244, "incidence_evol": -11.02}, "Martinique": {"incidence_cas": 1837, "incidence_hosp": 10.339256865912763, "incidence_dc": 1.5508885298869144, "population": 386875, "taux_positivite": 18.2, "incidence_rea": 0.7754442649434572, "incidence_evol": -50.66}, "Guyane": {"incidence_cas": 103, "incidence_hosp": 6.860252838429612, "incidence_dc": 0.0, "population": 262381, "taux_positivite": 7.6, "incidence_rea": 0.762250315381068, "incidence_evol": 0.0}, "La R\u00e9union": {"incidence_cas": 1082, "incidence_hosp": 15.797494703192953, "incidence_dc": 1.5100546407463853, "population": 860896, "taux_positivite": 33.4, "incidence_rea": 0.9292643943054678, "incidence_evol": 3.64}, "Mayotte": {"incidence_cas": 17, "incidence_hosp": 0.0, "incidence_dc": 0.0, "population": 270372, "taux_positivite": 1.6, "incidence_rea": 0.0, "incidence_evol": 13.33}}, "donnees_france": {"incidence_cas": 897.5579898352074, "incidence_hosp": 11.25828885184302, "incidence_dc": 1.127914857179085, "population": "67114995", "incidence_rea": 0.9848767775368231}, "date_donnees": "18/03", "date_update": "21/03"}