{"liste_regions": ["Auvergne-Rh\u00f4ne-Alpes", "Hauts-de-France", "Provence-Alpes-C\u00f4te d'Azur", "Grand Est", "Occitanie", "Normandie", "Nouvelle-Aquitaine", "Centre", "Bourgogne-Franche-Comt\u00e9", "Bretagne", "Corse", "Pays de la Loire", "Ile-de-France", "Guadeloupe", "Martinique", "Guyane", "La R\u00e9union", "Mayotte"], "donnees_regions": {"Auvergne-Rh\u00f4ne-Alpes": {"incidence_cas": 1245, "incidence_hosp": 14.15242759366472, "incidence_dc": 1.1153401781346977, "population": 8069287, "taux_positivite": 32.8, "incidence_rea": 1.152518184072521, "incidence_evol": 3.75}, "Hauts-de-France": {"incidence_cas": 1485, "incidence_hosp": 18.378538706690456, "incidence_dc": 1.357134085992267, "population": 6115829, "taux_positivite": 29.1, "incidence_rea": 1.9784725831935457, "incidence_evol": -6.54}, "Provence-Alpes-C\u00f4te d'Azur": {"incidence_cas": 1307, "incidence_hosp": 20.44783709614785, "incidence_dc": 1.2571196677746996, "population": 5091003, "taux_positivite": 25.4, "incidence_rea": 1.296404657392659, "incidence_evol": -2.75}, "Grand Est": {"incidence_cas": 1448, "incidence_hosp": 21.177221126100054, "incidence_dc": 1.5491234073955154, "population": 5680632, "taux_positivite": 28.9, "incidence_rea": 1.7779711834880343, "incidence_evol": -12.3}, "Occitanie": {"incidence_cas": 1308, "incidence_hosp": 15.135377922776767, "incidence_dc": 0.6933525081942429, "population": 5913298, "taux_positivite": 30.5, "incidence_rea": 1.5389043474555146, "incidence_evol": -4.32}, "Normandie": {"incidence_cas": 1689, "incidence_hosp": 22.445588420294666, "incidence_dc": 1.6053411744033894, "population": 3426063, "taux_positivite": 35.3, "incidence_rea": 0.904828661936456, "incidence_evol": -5.8}, "Nouvelle-Aquitaine": {"incidence_cas": 1093, "incidence_hosp": 14.444616835538566, "incidence_dc": 0.9058767684773332, "population": 6071466, "taux_positivite": 33.9, "incidence_rea": 1.185875042370327, "incidence_evol": -5.37}, "Centre": {"incidence_cas": 1478, "incidence_hosp": 14.920626046804683, "incidence_dc": 1.0576646311659015, "population": 2647342, "taux_positivite": 37.2, "incidence_rea": 1.7753656308856205, "incidence_evol": -1.73}, "Bourgogne-Franche-Comt\u00e9": {"incidence_cas": 1391, "incidence_hosp": 20.86238776568991, "incidence_dc": 1.204923385807173, "population": 2904749, "taux_positivite": 35.6, "incidence_rea": 1.9967301821947436, "incidence_evol": 0.8}, "Bretagne": {"incidence_cas": 1642, "incidence_hosp": 23.314722820073417, "incidence_dc": 1.2674248814957736, "population": 3392706, "taux_positivite": 39.4, "incidence_rea": 1.3558498732280369, "incidence_evol": -11.77}, "Corse": {"incidence_cas": 1835, "incidence_hosp": 26.147876762351867, "incidence_dc": 2.7049527685191586, "population": 332723, "taux_positivite": 28.8, "incidence_rea": 2.7049527685191586, "incidence_evol": -7.23}, "Pays de la Loire": {"incidence_cas": 1433, "incidence_hosp": 14.055501695035922, "incidence_dc": 0.7590494397691652, "population": 3820568, "taux_positivite": 36.0, "incidence_rea": 1.0469647445091934, "incidence_evol": -2.65}, "Ile-de-France": {"incidence_cas": 1284, "incidence_hosp": 12.62600862918999, "incidence_dc": 0.7850368059599994, "population": 12228726, "taux_positivite": 23.7, "incidence_rea": 1.3165721433287492, "incidence_evol": -8.15}, "Guadeloupe": {"incidence_cas": 734, "incidence_hosp": 5.4382486861685555, "incidence_dc": 0.0, "population": 404542, "taux_positivite": 14.9, "incidence_rea": 0.24719312209857072, "incidence_evol": -22.08}, "Martinique": {"incidence_cas": 620, "incidence_hosp": 8.01292407108239, "incidence_dc": 0.0, "population": 386875, "taux_positivite": 10.6, "incidence_rea": 0.0, "incidence_evol": -27.74}, "Guyane": {"incidence_cas": 159, "incidence_hosp": 6.098002523048544, "incidence_dc": 0.381125157690534, "population": 262381, "taux_positivite": 10.9, "incidence_rea": 0.381125157690534, "incidence_evol": 7.43}, "La R\u00e9union": {"incidence_cas": 1551, "incidence_hosp": 12.545069323123816, "incidence_dc": 1.1615804928818347, "population": 860896, "taux_positivite": 37.7, "incidence_rea": 1.5100546407463853, "incidence_evol": 1.11}, "Mayotte": {"incidence_cas": 24, "incidence_hosp": 0.0, "incidence_dc": 0.0, "population": 270372, "taux_positivite": 2.9, "incidence_rea": 0.0, "incidence_evol": 26.32}}, "donnees_france": {"incidence_cas": 1388.1324136282808, "incidence_hosp": 16.66989619830859, "incidence_dc": 1.083215457290878, "population": "67114995", "incidence_rea": 1.4169709764561556}, "date_donnees": "07/04", "date_update": "10/04"}