{"liste_regions": ["Auvergne-Rh\u00f4ne-Alpes", "Hauts-de-France", "Provence-Alpes-C\u00f4te d'Azur", "Grand Est", "Occitanie", "Normandie", "Nouvelle-Aquitaine", "Centre", "Bourgogne-Franche-Comt\u00e9", "Bretagne", "Corse", "Pays de la Loire", "Ile-de-France", "Guadeloupe", "Martinique", "Guyane", "La R\u00e9union", "Mayotte"], "donnees_regions": {"Auvergne-Rh\u00f4ne-Alpes": {"incidence_cas": 1002, "incidence_hosp": 11.810213219581854, "incidence_dc": 0.4337434026079379, "population": 8069287, "taux_positivite": 30.9, "incidence_rea": 0.9046648111536992, "incidence_evol": 70.99}, "Hauts-de-France": {"incidence_cas": 963, "incidence_hosp": 11.723676381403077, "incidence_dc": 0.637689510285523, "population": 6115829, "taux_positivite": 27.6, "incidence_rea": 0.9810607850546508, "incidence_evol": 56.84}, "Provence-Alpes-C\u00f4te d'Azur": {"incidence_cas": 1151, "incidence_hosp": 18.03181023464335, "incidence_dc": 0.7267723079322483, "population": 5091003, "taux_positivite": 25.5, "incidence_rea": 1.0606947196849028, "incidence_evol": 58.32}, "Grand Est": {"incidence_cas": 830, "incidence_hosp": 10.350960949415487, "incidence_dc": 0.4400918771009987, "population": 5680632, "taux_positivite": 26.0, "incidence_rea": 0.6161286279413981, "incidence_evol": 64.03}, "Occitanie": {"incidence_cas": 1229, "incidence_hosp": 12.801654846415655, "incidence_dc": 0.8455518392612719, "population": 5913298, "taux_positivite": 31.2, "incidence_rea": 1.6065484945964164, "incidence_evol": 58.38}, "Normandie": {"incidence_cas": 903, "incidence_hosp": 12.52166116034644, "incidence_dc": 0.7005125124669337, "population": 3426063, "taux_positivite": 32.3, "incidence_rea": 0.6713244911141447, "incidence_evol": 51.51}, "Nouvelle-Aquitaine": {"incidence_cas": 1157, "incidence_hosp": 14.131677588246395, "incidence_dc": 0.49411460098763627, "population": 6071466, "taux_positivite": 35.6, "incidence_rea": 0.8070538482798059, "incidence_evol": 73.2}, "Centre": {"incidence_cas": 1003, "incidence_hosp": 13.522997784192597, "incidence_dc": 0.604379789237658, "population": 2647342, "taux_positivite": 34.0, "incidence_rea": 1.2465333153026696, "incidence_evol": 55.02}, "Bourgogne-Franche-Comt\u00e9": {"incidence_cas": 929, "incidence_hosp": 12.875467036910933, "incidence_dc": 0.5508221192261362, "population": 2904749, "taux_positivite": 31.7, "incidence_rea": 1.1016442384522724, "incidence_evol": 69.22}, "Bretagne": {"incidence_cas": 1237, "incidence_hosp": 16.093348495271915, "incidence_dc": 0.6189749421258429, "population": 3392706, "taux_positivite": 39.3, "incidence_rea": 0.6779249366140184, "incidence_evol": 57.98}, "Corse": {"incidence_cas": 1154, "incidence_hosp": 19.23521968724735, "incidence_dc": 1.2022012304529595, "population": 332723, "taux_positivite": 28.4, "incidence_rea": 2.404402460905919, "incidence_evol": 63.92}, "Pays de la Loire": {"incidence_cas": 1259, "incidence_hosp": 12.354183985208481, "incidence_dc": 0.34026354196548786, "population": 3820568, "taux_positivite": 39.1, "incidence_rea": 1.3348800492492217, "incidence_evol": 76.58}, "Ile-de-France": {"incidence_cas": 1295, "incidence_hosp": 14.228792108024988, "incidence_dc": 0.7196170721299995, "population": 12228726, "taux_positivite": 24.5, "incidence_rea": 1.447411610988749, "incidence_evol": 33.51}, "Guadeloupe": {"incidence_cas": 1039, "incidence_hosp": 17.30351854689995, "incidence_dc": 1.2359656104928536, "population": 404542, "taux_positivite": 22.6, "incidence_rea": 1.4831587325914244, "incidence_evol": 41.36}, "Martinique": {"incidence_cas": 1129, "incidence_hosp": 13.699515347334412, "incidence_dc": 2.3263327948303716, "population": 386875, "taux_positivite": 26.2, "incidence_rea": 2.8432956381260097, "incidence_evol": -24.48}, "Guyane": {"incidence_cas": 491, "incidence_hosp": 31.63338808831432, "incidence_dc": 0.381125157690534, "population": 262381, "taux_positivite": 22.7, "incidence_rea": 2.6678761038337377, "incidence_evol": 3.15}, "La R\u00e9union": {"incidence_cas": 334, "incidence_hosp": 6.272534661561908, "incidence_dc": 1.1615804928818347, "population": 860896, "taux_positivite": 16.6, "incidence_rea": 0.3484741478645504, "incidence_evol": 53.21}, "Mayotte": {"incidence_cas": 51, "incidence_hosp": 0.0, "incidence_dc": 0.0, "population": 270372, "taux_positivite": 4.0, "incidence_rea": 0.0, "incidence_evol": 75.86}}, "donnees_france": {"incidence_cas": 1709.343791204931, "incidence_hosp": 13.460479286335342, "incidence_dc": 0.6302615384237159, "population": "67114995", "incidence_rea": 1.1025851972424343}, "date_donnees": "03/07", "date_update": "08/07"}