{"liste_regions": ["Auvergne-Rh\u00f4ne-Alpes", "Hauts-de-France", "Provence-Alpes-C\u00f4te d'Azur", "Grand Est", "Occitanie", "Normandie", "Nouvelle-Aquitaine", "Centre", "Bourgogne-Franche-Comt\u00e9", "Bretagne", "Corse", "Pays de la Loire", "Ile-de-France", "Guadeloupe", "Martinique", "Guyane", "La R\u00e9union", "Mayotte"], "donnees_regions": {"Auvergne-Rh\u00f4ne-Alpes": {"incidence_cas": 599, "incidence_hosp": 12.851197385840905, "incidence_dc": 1.2392668645941085, "population": 8069287, "taux_positivite": 7.7, "incidence_rea": 2.875099125858332, "incidence_evol": 52.03}, "Hauts-de-France": {"incidence_cas": 415, "incidence_hosp": 8.191857555206333, "incidence_dc": 0.89930571963343, "population": 6115829, "taux_positivite": 5.7, "incidence_rea": 2.2564398056256967, "incidence_evol": 36.51}, "Provence-Alpes-C\u00f4te d'Azur": {"incidence_cas": 586, "incidence_hosp": 20.54604957019275, "incidence_dc": 1.7678245328081714, "population": 5091003, "taux_positivite": 6.5, "incidence_rea": 3.73207401370614, "incidence_evol": 40.19}, "Grand Est": {"incidence_cas": 447, "incidence_hosp": 12.53381665983644, "incidence_dc": 1.1794462306306763, "population": 5680632, "taux_positivite": 5.7, "incidence_rea": 2.6757586127740716, "incidence_evol": 42.81}, "Occitanie": {"incidence_cas": 493, "incidence_hosp": 12.869298993556557, "incidence_dc": 1.1668615381805552, "population": 5913298, "taux_positivite": 6.5, "incidence_rea": 2.942520400629226, "incidence_evol": 48.49}, "Normandie": {"incidence_cas": 238, "incidence_hosp": 7.647261594430692, "incidence_dc": 0.7880765765253004, "population": 3426063, "taux_positivite": 4.2, "incidence_rea": 1.3426489822282894, "incidence_evol": 32.22}, "Nouvelle-Aquitaine": {"incidence_cas": 425, "incidence_hosp": 8.53171211038652, "incidence_dc": 0.9058767684773332, "population": 6071466, "taux_positivite": 6.2, "incidence_rea": 1.9435174305513694, "incidence_evol": 40.26}, "Centre": {"incidence_cas": 310, "incidence_hosp": 8.42354331249986, "incidence_dc": 1.0198908943385478, "population": 2647342, "taux_positivite": 5.9, "incidence_rea": 1.7375918940582669, "incidence_evol": 46.92}, "Bourgogne-Franche-Comt\u00e9": {"incidence_cas": 486, "incidence_hosp": 14.768918071750777, "incidence_dc": 1.4459080629686076, "population": 2904749, "taux_positivite": 7.2, "incidence_rea": 2.5475523014208803, "incidence_evol": 56.77}, "Bretagne": {"incidence_cas": 296, "incidence_hosp": 6.484499393699307, "incidence_dc": 0.7073999338581062, "population": 3392706, "taux_positivite": 5.1, "incidence_rea": 0.5894999448817552, "incidence_evol": 37.67}, "Corse": {"incidence_cas": 446, "incidence_hosp": 15.027515380661992, "incidence_dc": 3.0055030761323986, "population": 332723, "taux_positivite": 5.5, "incidence_rea": 3.606603691358878, "incidence_evol": 15.25}, "Pays de la Loire": {"incidence_cas": 369, "incidence_hosp": 9.134767395842713, "incidence_dc": 1.2040094561855725, "population": 3820568, "taux_positivite": 5.7, "incidence_rea": 1.9630588959547375, "incidence_evol": 37.69}, "Ile-de-France": {"incidence_cas": 446, "incidence_hosp": 10.475334879528743, "incidence_dc": 1.1366678752962491, "population": 12228726, "taux_positivite": 5.2, "incidence_rea": 2.706741487216248, "incidence_evol": 43.41}, "Guadeloupe": {"incidence_cas": 37, "incidence_hosp": 2.966317465182849, "incidence_dc": 2.7191243430842778, "population": 404542, "taux_positivite": 1.5, "incidence_rea": 1.7303518546899952, "incidence_evol": -11.9}, "Martinique": {"incidence_cas": 174, "incidence_hosp": 17.059773828756057, "incidence_dc": 3.618739903069467, "population": 386875, "taux_positivite": 3.9, "incidence_rea": 6.203554119547658, "incidence_evol": 15.23}, "Guyane": {"incidence_cas": 89, "incidence_hosp": 7.62250315381068, "incidence_dc": 1.143375473071602, "population": 262381, "taux_positivite": 3.3, "incidence_rea": 1.524500630762136, "incidence_evol": 0.0}, "La R\u00e9union": {"incidence_cas": 311, "incidence_hosp": 6.040218562985541, "incidence_dc": 0.5807902464409174, "population": 860896, "taux_positivite": 4.8, "incidence_rea": 1.1615804928818347, "incidence_evol": 21.96}, "Mayotte": {"incidence_cas": 24, "incidence_hosp": 1.4794431376030062, "incidence_dc": 0.0, "population": 270372, "taux_positivite": 1.3, "incidence_rea": 0.36986078440075154, "incidence_evol": 0.0}}, "donnees_france": {"incidence_cas": 447.6764097203613, "incidence_hosp": 11.238919111891464, "incidence_dc": 1.168144317078471, "population": "67114995", "incidence_rea": 2.4644269138364683}, "date_donnees": "05/12", "date_update": "08/12"}