{"liste_regions": ["Auvergne-Rh\u00f4ne-Alpes", "Hauts-de-France", "Provence-Alpes-C\u00f4te d'Azur", "Grand Est", "Occitanie", "Normandie", "Nouvelle-Aquitaine", "Centre", "Bourgogne-Franche-Comt\u00e9", "Bretagne", "Corse", "Pays de la Loire", "Ile-de-France", "Guadeloupe", "Martinique", "Guyane", "La R\u00e9union", "Mayotte"], "donnees_regions": {"Auvergne-Rh\u00f4ne-Alpes": {"incidence_cas": 1311, "incidence_hosp": 15.069485073464358, "incidence_dc": 0.7435601187564651, "population": 8069287, "taux_positivite": 33.0, "incidence_rea": 0.9418428170915224, "incidence_evol": 1.79}, "Hauts-de-France": {"incidence_cas": 1174, "incidence_hosp": 15.582515469284703, "incidence_dc": 1.1282199028128483, "population": 6115829, "taux_positivite": 30.5, "incidence_rea": 2.092929674783255, "incidence_evol": -21.42}, "Provence-Alpes-C\u00f4te d'Azur": {"incidence_cas": 1191, "incidence_hosp": 17.44253539037396, "incidence_dc": 1.3356896470106185, "population": 5091003, "taux_positivite": 25.7, "incidence_rea": 1.2178346781567404, "incidence_evol": -9.91}, "Grand Est": {"incidence_cas": 1102, "incidence_hosp": 15.702478174963632, "incidence_dc": 1.3730866565551156, "population": 5680632, "taux_positivite": 30.8, "incidence_rea": 1.2322572558827962, "incidence_evol": -23.53}, "Occitanie": {"incidence_cas": 1296, "incidence_hosp": 13.427363207468996, "incidence_dc": 0.930107023187399, "population": 5913298, "taux_positivite": 31.1, "incidence_rea": 1.8263919728043472, "incidence_evol": -3.21}, "Normandie": {"incidence_cas": 1351, "incidence_hosp": 16.37447997891457, "incidence_dc": 0.875640640583667, "population": 3426063, "taux_positivite": 36.8, "incidence_rea": 0.8464526192308781, "incidence_evol": -20.72}, "Nouvelle-Aquitaine": {"incidence_cas": 1069, "incidence_hosp": 12.79756816557978, "incidence_dc": 1.0046996886748605, "population": 6071466, "taux_positivite": 33.0, "incidence_rea": 1.3835208827653815, "incidence_evol": -4.21}, "Centre": {"incidence_cas": 1258, "incidence_hosp": 15.940516941143231, "incidence_dc": 0.9821171575111943, "population": 2647342, "taux_positivite": 37.9, "incidence_rea": 1.4354019994394378, "incidence_evol": -16.41}, "Bourgogne-Franche-Comt\u00e9": {"incidence_cas": 1383, "incidence_hosp": 18.41811461162393, "incidence_dc": 1.342628915613707, "population": 2904749, "taux_positivite": 36.0, "incidence_rea": 1.5836135927751418, "incidence_evol": -2.88}, "Bretagne": {"incidence_cas": 1334, "incidence_hosp": 20.308273101176464, "incidence_dc": 1.2379498842516858, "population": 3392706, "taux_positivite": 39.9, "incidence_rea": 1.4147998677162124, "incidence_evol": -19.4}, "Corse": {"incidence_cas": 1607, "incidence_hosp": 18.63411907202087, "incidence_dc": 1.5027515380661993, "population": 332723, "taux_positivite": 28.2, "incidence_rea": 3.0055030761323986, "incidence_evol": -11.36}, "Pays de la Loire": {"incidence_cas": 1205, "incidence_hosp": 12.82531812023762, "incidence_dc": 0.8637459142200846, "population": 3820568, "taux_positivite": 37.2, "incidence_rea": 1.5966212353765201, "incidence_evol": -17.01}, "Ile-de-France": {"incidence_cas": 1121, "incidence_hosp": 12.90404249796749, "incidence_dc": 0.7850368059599994, "population": 12228726, "taux_positivite": 22.4, "incidence_rea": 1.700913079579999, "incidence_evol": -12.9}, "Guadeloupe": {"incidence_cas": 598, "incidence_hosp": 3.7078968314785605, "incidence_dc": 0.49438624419714144, "population": 404542, "taux_positivite": 15.7, "incidence_rea": 0.49438624419714144, "incidence_evol": -20.27}, "Martinique": {"incidence_cas": 445, "incidence_hosp": 1.8093699515347335, "incidence_dc": 0.7754442649434572, "population": 386875, "taux_positivite": 13.1, "incidence_rea": 0.0, "incidence_evol": -27.17}, "Guyane": {"incidence_cas": 164, "incidence_hosp": 9.147003784572815, "incidence_dc": 0.0, "population": 262381, "taux_positivite": 9.8, "incidence_rea": 0.0, "incidence_evol": -1.8}, "La R\u00e9union": {"incidence_cas": 1817, "incidence_hosp": 13.358175668141099, "incidence_dc": 0.8131063450172844, "population": 860896, "taux_positivite": 38.8, "incidence_rea": 1.2777385421700183, "incidence_evol": 12.23}, "Mayotte": {"incidence_cas": 28, "incidence_hosp": 0.0, "incidence_dc": 0.0, "population": 270372, "taux_positivite": 3.5, "incidence_rea": 0.0, "incidence_evol": 12.0}}, "donnees_france": {"incidence_cas": 1243.8591405691084, "incidence_hosp": 14.926619602668524, "incidence_dc": 1.0042465174883795, "population": "67114995", "incidence_rea": 1.4616703763443624}, "date_donnees": "15/04", "date_update": "18/04"}