{"liste_regions": ["Auvergne-Rh\u00f4ne-Alpes", "Hauts-de-France", "Provence-Alpes-C\u00f4te d'Azur", "Grand Est", "Occitanie", "Normandie", "Nouvelle-Aquitaine", "Centre", "Bourgogne-Franche-Comt\u00e9", "Bretagne", "Corse", "Pays de la Loire", "Ile-de-France", "Guadeloupe", "Martinique", "Guyane", "La R\u00e9union", "Mayotte"], "donnees_regions": {"Auvergne-Rh\u00f4ne-Alpes": {"incidence_cas": 917, "incidence_hosp": 13.594757504597371, "incidence_dc": 0.6196334322970543, "population": 8069287, "taux_positivite": 33.5, "incidence_rea": 0.8674868052158758, "incidence_evol": -21.29}, "Hauts-de-France": {"incidence_cas": 948, "incidence_hosp": 14.437944553387611, "incidence_dc": 0.8175506542122091, "population": 6115829, "taux_positivite": 31.8, "incidence_rea": 1.5206442168347087, "incidence_evol": -22.8}, "Provence-Alpes-C\u00f4te d'Azur": {"incidence_cas": 1082, "incidence_hosp": 21.66567177430459, "incidence_dc": 1.0803372144938828, "population": 5091003, "taux_positivite": 28.0, "incidence_rea": 1.7285395431902122, "incidence_evol": -15.4}, "Grand Est": {"incidence_cas": 888, "incidence_hosp": 11.319163079037684, "incidence_dc": 0.7569580286137176, "population": 5680632, "taux_positivite": 30.2, "incidence_rea": 0.8625800791179572, "incidence_evol": -13.45}, "Occitanie": {"incidence_cas": 1094, "incidence_hosp": 13.511918391395124, "incidence_dc": 0.9808401335430753, "population": 5913298, "taux_positivite": 34.6, "incidence_rea": 1.944769230300925, "incidence_evol": -23.82}, "Normandie": {"incidence_cas": 844, "incidence_hosp": 15.236147146155805, "incidence_dc": 1.0215807473476115, "population": 3426063, "taux_positivite": 36.6, "incidence_rea": 0.7588885551725114, "incidence_evol": -24.44}, "Nouvelle-Aquitaine": {"incidence_cas": 1005, "incidence_hosp": 13.57168104046041, "incidence_dc": 1.169404555670739, "population": 6071466, "taux_positivite": 39.2, "incidence_rea": 1.0046996886748605, "incidence_evol": -32.05}, "Centre": {"incidence_cas": 896, "incidence_hosp": 12.805296784472878, "incidence_dc": 0.8687959470291334, "population": 2647342, "taux_positivite": 37.1, "incidence_rea": 1.322080788957377, "incidence_evol": -30.22}, "Bourgogne-Franche-Comt\u00e9": {"incidence_cas": 905, "incidence_hosp": 16.38695804697755, "incidence_dc": 1.2737761507104401, "population": 2904749, "taux_positivite": 35.3, "incidence_rea": 0.9983650910973718, "incidence_evol": -19.77}, "Bretagne": {"incidence_cas": 969, "incidence_hosp": 17.684998346452655, "incidence_dc": 1.4442748649603, "population": 3392706, "taux_positivite": 42.8, "incidence_rea": 1.4737498622043879, "incidence_evol": -35.53}, "Corse": {"incidence_cas": 1107, "incidence_hosp": 16.83081722634143, "incidence_dc": 2.7049527685191586, "population": 332723, "taux_positivite": 29.4, "incidence_rea": 0.9016509228397195, "incidence_evol": -15.5}, "Pays de la Loire": {"incidence_cas": 949, "incidence_hosp": 11.830701612953886, "incidence_dc": 0.6805270839309757, "population": 3820568, "taux_positivite": 41.1, "incidence_rea": 1.1516612189601128, "incidence_evol": -37.24}, "Ile-de-France": {"incidence_cas": 832, "incidence_hosp": 14.19608224110999, "incidence_dc": 0.9485861405349993, "population": 12228726, "taux_positivite": 23.7, "incidence_rea": 1.7418004132237488, "incidence_evol": -38.05}, "Guadeloupe": {"incidence_cas": 998, "incidence_hosp": 12.112462982829966, "incidence_dc": 1.4831587325914244, "population": 404542, "taux_positivite": 19.8, "incidence_rea": 2.471931220985707, "incidence_evol": -6.38}, "Martinique": {"incidence_cas": 525, "incidence_hosp": 12.148626817447497, "incidence_dc": 3.618739903069467, "population": 386875, "taux_positivite": 14.5, "incidence_rea": 1.5508885298869144, "incidence_evol": -34.86}, "Guyane": {"incidence_cas": 339, "incidence_hosp": 18.29400756914563, "incidence_dc": 0.381125157690534, "population": 262381, "taux_positivite": 16.2, "incidence_rea": 0.762250315381068, "incidence_evol": -21.53}, "La R\u00e9union": {"incidence_cas": 480, "incidence_hosp": 9.641118090919228, "incidence_dc": 0.9292643943054678, "population": 860896, "taux_positivite": 22.3, "incidence_rea": 0.5807902464409174, "incidence_evol": 15.38}, "Mayotte": {"incidence_cas": 91, "incidence_hosp": 3.6986078440075154, "incidence_dc": 0.0, "population": 270372, "taux_positivite": 6.1, "incidence_rea": 0.0, "incidence_evol": 24.66}}, "donnees_france": {"incidence_cas": 995.1442296911443, "incidence_hosp": 14.552634623603861, "incidence_dc": 0.9699769775740876, "population": "67114995", "incidence_rea": 1.3394920166499305}, "date_donnees": "16/07", "date_update": "19/07"}