{"liste_regions": ["Auvergne-Rh\u00f4ne-Alpes", "Hauts-de-France", "Provence-Alpes-C\u00f4te d'Azur", "Grand Est", "Occitanie", "Normandie", "Nouvelle-Aquitaine", "Centre", "Bourgogne-Franche-Comt\u00e9", "Bretagne", "Corse", "Pays de la Loire", "Ile-de-France", "Guadeloupe", "Martinique", "Guyane", "La R\u00e9union", "Mayotte"], "donnees_regions": {"Auvergne-Rh\u00f4ne-Alpes": {"incidence_cas": 675, "incidence_hosp": 14.05328624449719, "incidence_dc": 1.6358322612642233, "population": 8069287, "taux_positivite": 7.9, "incidence_rea": 2.9122771317961553, "incidence_evol": 16.18}, "Hauts-de-France": {"incidence_cas": 444, "incidence_hosp": 9.810607850546509, "incidence_dc": 1.1609219289813368, "population": 6115829, "taux_positivite": 5.8, "incidence_rea": 2.338194871046918, "incidence_evol": 10.72}, "Provence-Alpes-C\u00f4te d'Azur": {"incidence_cas": 744, "incidence_hosp": 23.61027876039358, "incidence_dc": 2.1017469445608263, "population": 5091003, "taux_positivite": 7.3, "incidence_rea": 4.871338712626962, "incidence_evol": 32.62}, "Grand Est": {"incidence_cas": 483, "incidence_hosp": 12.375383584080081, "incidence_dc": 1.7075564831518748, "population": 5680632, "taux_positivite": 5.7, "incidence_rea": 3.06303946462295, "incidence_evol": 10.78}, "Occitanie": {"incidence_cas": 576, "incidence_hosp": 13.292074913187193, "incidence_dc": 1.2852387956771332, "population": 5913298, "taux_positivite": 6.7, "incidence_rea": 3.280741136333735, "incidence_evol": 21.01}, "Normandie": {"incidence_cas": 265, "incidence_hosp": 8.902346512600614, "incidence_dc": 1.0215807473476115, "population": 3426063, "taux_positivite": 4.5, "incidence_rea": 1.7220932598145453, "incidence_evol": 14.72}, "Nouvelle-Aquitaine": {"incidence_cas": 442, "incidence_hosp": 9.964644453250665, "incidence_dc": 1.1529340689711514, "population": 6071466, "taux_positivite": 6.1, "incidence_rea": 2.4376320315390054, "incidence_evol": 6.25}, "Centre": {"incidence_cas": 349, "incidence_hosp": 11.520989732342857, "incidence_dc": 1.3598545257847305, "population": 2647342, "taux_positivite": 6.1, "incidence_rea": 2.2664242096412175, "incidence_evol": 18.31}, "Bourgogne-Franche-Comt\u00e9": {"incidence_cas": 554, "incidence_hosp": 15.732856780396515, "incidence_dc": 1.6524663576784087, "population": 2904749, "taux_positivite": 7.4, "incidence_rea": 2.9606688908404823, "incidence_evol": 18.63}, "Bretagne": {"incidence_cas": 300, "incidence_hosp": 6.071849432282078, "incidence_dc": 1.0316249035430716, "population": 3392706, "taux_positivite": 5.0, "incidence_rea": 0.8842499173226328, "incidence_evol": 3.81}, "Corse": {"incidence_cas": 610, "incidence_hosp": 16.53026691872819, "incidence_dc": 1.5027515380661993, "population": 332723, "taux_positivite": 6.5, "incidence_rea": 2.7049527685191586, "incidence_evol": 39.27}, "Pays de la Loire": {"incidence_cas": 394, "incidence_hosp": 8.428066193299006, "incidence_dc": 1.0469647445091934, "population": 3820568, "taux_positivite": 5.7, "incidence_rea": 1.7013177098274395, "incidence_evol": 9.44}, "Ile-de-France": {"incidence_cas": 498, "incidence_hosp": 11.538405554266243, "incidence_dc": 1.1121354751099992, "population": 12228726, "taux_positivite": 5.4, "incidence_rea": 2.788516154503748, "incidence_evol": 15.81}, "Guadeloupe": {"incidence_cas": 50, "incidence_hosp": 0.9887724883942829, "incidence_dc": 0.9887724883942829, "population": 404542, "taux_positivite": 1.6, "incidence_rea": 0.49438624419714144, "incidence_evol": 38.89}, "Martinique": {"incidence_cas": 162, "incidence_hosp": 19.38610662358643, "incidence_dc": 3.8772213247172855, "population": 386875, "taux_positivite": 2.7, "incidence_rea": 7.4959612277867524, "incidence_evol": -10.0}, "Guyane": {"incidence_cas": 106, "incidence_hosp": 10.671504415334951, "incidence_dc": 1.524500630762136, "population": 262381, "taux_positivite": 3.8, "incidence_rea": 1.143375473071602, "incidence_evol": 20.45}, "La R\u00e9union": {"incidence_cas": 381, "incidence_hosp": 6.621008809426458, "incidence_dc": 0.3484741478645504, "population": 860896, "taux_positivite": 5.5, "incidence_rea": 1.9746868378991191, "incidence_evol": 26.16}, "Mayotte": {"incidence_cas": 30, "incidence_hosp": 1.8493039220037577, "incidence_dc": 0.0, "population": 270372, "taux_positivite": 1.1, "incidence_rea": 0.0, "incidence_evol": 15.38}}, "donnees_france": {"incidence_cas": 503.37335196106324, "incidence_hosp": 12.307234769219605, "incidence_dc": 1.361841716594034, "population": "67114995", "incidence_rea": 2.7460331331321712}, "date_donnees": "10/12", "date_update": "13/12"}