{"liste_regions": ["Auvergne-Rh\u00f4ne-Alpes", "Hauts-de-France", "Provence-Alpes-C\u00f4te d'Azur", "Grand Est", "Occitanie", "Normandie", "Nouvelle-Aquitaine", "Centre", "Bourgogne-Franche-Comt\u00e9", "Bretagne", "Corse", "Pays de la Loire", "Ile-de-France", "Guadeloupe", "Martinique", "Guyane", "La R\u00e9union", "Mayotte"], "donnees_regions": {"Auvergne-Rh\u00f4ne-Alpes": {"incidence_cas": 1181, "incidence_hosp": 14.536600321688892, "incidence_dc": 0.9790208230293458, "population": 8069287, "taux_positivite": 30.3, "incidence_rea": 1.474727568866989, "incidence_evol": 34.51}, "Hauts-de-France": {"incidence_cas": 1589, "incidence_hosp": 16.220204979570227, "incidence_dc": 1.2917300336552904, "population": 6115829, "taux_positivite": 29.0, "incidence_rea": 1.7005053607613947, "incidence_evol": 24.24}, "Provence-Alpes-C\u00f4te d'Azur": {"incidence_cas": 1322, "incidence_hosp": 17.874670276171514, "incidence_dc": 1.2571196677746996, "population": 5091003, "taux_positivite": 24.8, "incidence_rea": 1.551757089909395, "incidence_evol": 26.27}, "Grand Est": {"incidence_cas": 1670, "incidence_hosp": 19.57528669345242, "incidence_dc": 1.7075564831518748, "population": 5680632, "taux_positivite": 29.3, "incidence_rea": 1.6547454578997547, "incidence_evol": 8.94}, "Occitanie": {"incidence_cas": 1346, "incidence_hosp": 11.837725749657805, "incidence_dc": 0.9131959864021736, "population": 5913298, "taux_positivite": 29.8, "incidence_rea": 1.2345056853214567, "incidence_evol": 27.46}, "Normandie": {"incidence_cas": 1789, "incidence_hosp": 19.760290455838085, "incidence_dc": 1.2842729395227115, "population": 3426063, "taux_positivite": 33.7, "incidence_rea": 0.583760427055778, "incidence_evol": 26.25}, "Nouvelle-Aquitaine": {"incidence_cas": 1156, "incidence_hosp": 12.105807724197089, "incidence_dc": 1.0541111487736239, "population": 6071466, "taux_positivite": 33.2, "incidence_rea": 0.8399948216789817, "incidence_evol": 6.06}, "Centre": {"incidence_cas": 1485, "incidence_hosp": 15.071720994114097, "incidence_dc": 1.0198908943385478, "population": 2647342, "taux_positivite": 36.0, "incidence_rea": 1.4731757362667914, "incidence_evol": 25.11}, "Bourgogne-Franche-Comt\u00e9": {"incidence_cas": 1365, "incidence_hosp": 18.03942440465596, "incidence_dc": 1.5836135927751418, "population": 2904749, "taux_positivite": 33.7, "incidence_rea": 1.411481680516974, "incidence_evol": 35.01}, "Bretagne": {"incidence_cas": 1869, "incidence_hosp": 20.39669809290873, "incidence_dc": 1.4442748649603, "population": 3392706, "taux_positivite": 40.6, "incidence_rea": 0.9431999118108083, "incidence_evol": 14.38}, "Corse": {"incidence_cas": 1930, "incidence_hosp": 18.33356876440763, "incidence_dc": 1.2022012304529595, "population": 332723, "taux_positivite": 26.6, "incidence_rea": 1.803301845679439, "incidence_evol": 21.84}, "Pays de la Loire": {"incidence_cas": 1458, "incidence_hosp": 14.395765237001408, "incidence_dc": 0.9422682700582741, "population": 3820568, "taux_positivite": 35.7, "incidence_rea": 1.2040094561855725, "incidence_evol": 26.12}, "Ile-de-France": {"incidence_cas": 1389, "incidence_hosp": 11.89003662360249, "incidence_dc": 0.7032621386724994, "population": 12228726, "taux_positivite": 22.9, "incidence_rea": 1.4065242773449989, "incidence_evol": 39.32}, "Guadeloupe": {"incidence_cas": 910, "incidence_hosp": 9.887724883942829, "incidence_dc": 1.4831587325914244, "population": 404542, "taux_positivite": 14.1, "incidence_rea": 2.7191243430842778, "incidence_evol": -4.31}, "Martinique": {"incidence_cas": 900, "incidence_hosp": 9.305331179321486, "incidence_dc": 1.8093699515347335, "population": 386875, "taux_positivite": 11.5, "incidence_rea": 0.7754442649434572, "incidence_evol": -28.91}, "Guyane": {"incidence_cas": 143, "incidence_hosp": 5.3357522076674755, "incidence_dc": 0.0, "population": 262381, "taux_positivite": 10.1, "incidence_rea": 0.0, "incidence_evol": 19.17}, "La R\u00e9union": {"incidence_cas": 1505, "incidence_hosp": 13.358175668141099, "incidence_dc": 0.8131063450172844, "population": 860896, "taux_positivite": 36.0, "incidence_rea": 0.8131063450172844, "incidence_evol": 21.27}, "Mayotte": {"incidence_cas": 18, "incidence_hosp": 0.0, "incidence_dc": 0.0, "population": 270372, "taux_positivite": 2.0, "incidence_rea": 0.0, "incidence_evol": 28.57}}, "donnees_france": {"incidence_cas": 1455.6597970393948, "incidence_hosp": 15.173956282049934, "incidence_dc": 1.1159950172088964, "population": "67114995", "incidence_rea": 1.3365120566573834}, "date_donnees": "30/03", "date_update": "02/04"}