{"liste_regions": ["Auvergne-Rh\u00f4ne-Alpes", "Hauts-de-France", "Provence-Alpes-C\u00f4te d'Azur", "Grand Est", "Occitanie", "Normandie", "Nouvelle-Aquitaine", "Centre", "Bourgogne-Franche-Comt\u00e9", "Bretagne", "Corse", "Pays de la Loire", "Ile-de-France", "Guadeloupe", "Martinique", "Guyane", "La R\u00e9union", "Mayotte"], "donnees_regions": {"Auvergne-Rh\u00f4ne-Alpes": {"incidence_cas": 701, "incidence_hosp": 15.30494577773724, "incidence_dc": 1.7969369536614572, "population": 8069287, "taux_positivite": 8.1, "incidence_rea": 3.2964498598203282, "incidence_evol": 3.85}, "Hauts-de-France": {"incidence_cas": 450, "incidence_hosp": 10.006820007557439, "incidence_dc": 1.1445709158970925, "population": 6115829, "taux_positivite": 5.7, "incidence_rea": 2.616162093479069, "incidence_evol": 0.45}, "Provence-Alpes-C\u00f4te d'Azur": {"incidence_cas": 847, "incidence_hosp": 27.165570320818905, "incidence_dc": 2.553524325167359, "population": 5091003, "taux_positivite": 7.8, "incidence_rea": 5.185618629570636, "incidence_evol": 21.52}, "Grand Est": {"incidence_cas": 472, "incidence_hosp": 12.445798284416242, "incidence_dc": 1.901196909076314, "population": 5680632, "taux_positivite": 5.7, "incidence_rea": 3.2918872407154693, "incidence_evol": -2.68}, "Occitanie": {"incidence_cas": 593, "incidence_hosp": 13.072231434979262, "incidence_dc": 1.437438126744162, "population": 5913298, "taux_positivite": 6.7, "incidence_rea": 3.1961859524076073, "incidence_evol": 5.33}, "Normandie": {"incidence_cas": 285, "incidence_hosp": 8.668842341778303, "incidence_dc": 0.9340166832892448, "population": 3426063, "taux_positivite": 4.5, "incidence_rea": 1.1383328327587672, "incidence_evol": 9.62}, "Nouvelle-Aquitaine": {"incidence_cas": 410, "incidence_hosp": 11.990514317299974, "incidence_dc": 1.169404555670739, "population": 6071466, "taux_positivite": 5.8, "incidence_rea": 2.009399377349721, "incidence_evol": -9.89}, "Centre": {"incidence_cas": 342, "incidence_hosp": 10.350003890694893, "incidence_dc": 1.586496946748852, "population": 2647342, "taux_positivite": 5.9, "incidence_rea": 2.0397817886770957, "incidence_evol": 0.29}, "Bourgogne-Franche-Comt\u00e9": {"incidence_cas": 520, "incidence_hosp": 17.591881432784728, "incidence_dc": 2.3065676242594453, "population": 2904749, "taux_positivite": 7.1, "incidence_rea": 2.685257831227414, "incidence_evol": -6.47}, "Bretagne": {"incidence_cas": 300, "incidence_hosp": 7.162424330313325, "incidence_dc": 0.7958249255903695, "population": 3392706, "taux_positivite": 4.9, "incidence_rea": 1.1789998897635103, "incidence_evol": -1.96}, "Corse": {"incidence_cas": 633, "incidence_hosp": 14.726965073048751, "incidence_dc": 1.5027515380661993, "population": 332723, "taux_positivite": 6.2, "incidence_rea": 3.9071539989721176, "incidence_evol": 13.64}, "Pays de la Loire": {"incidence_cas": 378, "incidence_hosp": 7.85223558381895, "incidence_dc": 1.1516612189601128, "population": 3820568, "taux_positivite": 5.6, "incidence_rea": 1.7798400656656288, "incidence_evol": -4.79}, "Ile-de-France": {"incidence_cas": 564, "incidence_hosp": 11.644712621739991, "incidence_dc": 1.1693777422112492, "population": 12228726, "taux_positivite": 5.7, "incidence_rea": 2.804871087961248, "incidence_evol": 14.87}, "Guadeloupe": {"incidence_cas": 48, "incidence_hosp": 1.9775449767885658, "incidence_dc": 0.49438624419714144, "population": 404542, "taux_positivite": 1.2, "incidence_rea": 0.7415793662957122, "incidence_evol": 4.35}, "Martinique": {"incidence_cas": 157, "incidence_hosp": 13.957996768982229, "incidence_dc": 6.462035541195476, "population": 386875, "taux_positivite": 2.1, "incidence_rea": 5.686591276252019, "incidence_evol": -9.77}, "Guyane": {"incidence_cas": 108, "incidence_hosp": 10.671504415334951, "incidence_dc": 1.524500630762136, "population": 262381, "taux_positivite": 3.6, "incidence_rea": 1.524500630762136, "incidence_evol": 17.39}, "La R\u00e9union": {"incidence_cas": 498, "incidence_hosp": 7.898747351596477, "incidence_dc": 0.5807902464409174, "population": 860896, "taux_positivite": 6.7, "incidence_rea": 1.5100546407463853, "incidence_evol": 44.35}, "Mayotte": {"incidence_cas": 29, "incidence_hosp": 1.8493039220037577, "incidence_dc": 0.0, "population": 270372, "taux_positivite": 1.0, "incidence_rea": 0.0, "incidence_evol": -6.45}}, "donnees_france": {"incidence_cas": 526.0240278644139, "incidence_hosp": 12.9613359875837, "incidence_dc": 1.497429896254928, "population": "67114995", "incidence_rea": 2.7788126930501895}, "date_donnees": "15/12", "date_update": "18/12"}