{"liste_regions": ["Auvergne-Rh\u00f4ne-Alpes", "Hauts-de-France", "Provence-Alpes-C\u00f4te d'Azur", "Grand Est", "Occitanie", "Normandie", "Nouvelle-Aquitaine", "Centre", "Bourgogne-Franche-Comt\u00e9", "Bretagne", "Corse", "Pays de la Loire", "Ile-de-France", "Guadeloupe", "Martinique", "Guyane", "La R\u00e9union", "Mayotte"], "donnees_regions": {"Auvergne-Rh\u00f4ne-Alpes": {"incidence_cas": 543, "incidence_hosp": 10.84358506519845, "incidence_dc": 1.0038061603212278, "population": 8069287, "taux_positivite": 7.5, "incidence_rea": 2.1067536698099847, "incidence_evol": 61.61}, "Hauts-de-France": {"incidence_cas": 386, "incidence_hosp": 7.19444575706744, "incidence_dc": 0.6703915364540114, "population": 6115829, "taux_positivite": 5.6, "incidence_rea": 1.9130685308565691, "incidence_evol": 44.57}, "Provence-Alpes-C\u00f4te d'Azur": {"incidence_cas": 531, "incidence_hosp": 15.969348279700483, "incidence_dc": 1.2767621625836796, "population": 5091003, "taux_positivite": 6.4, "incidence_rea": 3.044586695391851, "incidence_evol": 46.69}, "Grand Est": {"incidence_cas": 416, "incidence_hosp": 10.720638126180326, "incidence_dc": 1.0034094797902768, "population": 5680632, "taux_positivite": 5.7, "incidence_rea": 2.182855710420953, "incidence_evol": 50.18}, "Occitanie": {"incidence_cas": 452, "incidence_hosp": 10.451020733269319, "incidence_dc": 0.8624628760464973, "population": 5913298, "taux_positivite": 6.4, "incidence_rea": 2.9594314374144512, "incidence_evol": 59.15}, "Normandie": {"incidence_cas": 224, "incidence_hosp": 6.508928761671925, "incidence_dc": 0.7588885551725114, "population": 3426063, "taux_positivite": 4.2, "incidence_rea": 1.0799567900531892, "incidence_evol": 38.27}, "Nouvelle-Aquitaine": {"incidence_cas": 395, "incidence_hosp": 7.2140731744194895, "incidence_dc": 0.7082309280822786, "population": 6071466, "taux_positivite": 6.2, "incidence_rea": 1.6305781832592, "incidence_evol": 49.06}, "Centre": {"incidence_cas": 278, "incidence_hosp": 7.025915049887774, "incidence_dc": 0.8310222102017797, "population": 2647342, "taux_positivite": 5.7, "incidence_rea": 1.208759578475316, "incidence_evol": 41.84}, "Bourgogne-Franche-Comt\u00e9": {"incidence_cas": 441, "incidence_hosp": 11.739396416007029, "incidence_dc": 1.204923385807173, "population": 2904749, "taux_positivite": 7.0, "incidence_rea": 1.9623037997431103, "incidence_evol": 68.32}, "Bretagne": {"incidence_cas": 279, "incidence_hosp": 5.806574457085288, "incidence_dc": 0.4421249586613164, "population": 3392706, "taux_positivite": 5.1, "incidence_rea": 0.7073999338581062, "incidence_evol": 49.2}, "Corse": {"incidence_cas": 424, "incidence_hosp": 14.426414765435512, "incidence_dc": 1.5027515380661993, "population": 332723, "taux_positivite": 5.5, "incidence_rea": 2.7049527685191586, "incidence_evol": 16.48}, "Pays de la Loire": {"incidence_cas": 344, "incidence_hosp": 8.532762667749926, "incidence_dc": 0.9160941514455442, "population": 3820568, "taux_positivite": 5.7, "incidence_rea": 1.9892330145674675, "incidence_evol": 43.33}, "Ile-de-France": {"incidence_cas": 407, "incidence_hosp": 9.273247270402493, "incidence_dc": 0.8259241396037494, "population": 12228726, "taux_positivite": 5.1, "incidence_rea": 2.395997751523748, "incidence_evol": 50.18}, "Guadeloupe": {"incidence_cas": 35, "incidence_hosp": 3.2135105872814194, "incidence_dc": 2.2247380988871366, "population": 404542, "taux_positivite": 1.7, "incidence_rea": 1.2359656104928536, "incidence_evol": -22.22}, "Martinique": {"incidence_cas": 177, "incidence_hosp": 16.02584814216478, "incidence_dc": 2.8432956381260097, "population": 386875, "taux_positivite": 4.8, "incidence_rea": 5.169628432956381, "incidence_evol": 13.46}, "Guyane": {"incidence_cas": 90, "incidence_hosp": 9.147003784572815, "incidence_dc": 0.762250315381068, "population": 262381, "taux_positivite": 3.7, "incidence_rea": 0.762250315381068, "incidence_evol": 2.27}, "La R\u00e9union": {"incidence_cas": 289, "incidence_hosp": 4.414005872950972, "incidence_dc": 0.6969482957291008, "population": 860896, "taux_positivite": 4.8, "incidence_rea": 0.6969482957291008, "incidence_evol": 17.96}, "Mayotte": {"incidence_cas": 23, "incidence_hosp": 1.1095823532022546, "incidence_dc": 0.0, "population": 270372, "taux_positivite": 1.3, "incidence_rea": 0.36986078440075154, "incidence_evol": -11.54}}, "donnees_france": {"incidence_cas": 411.1912695516106, "incidence_hosp": 9.5179922161955, "incidence_dc": 0.9014378977455038, "population": "67114995", "incidence_rea": 2.0889519547755313}, "date_donnees": "02/12", "date_update": "05/12"}