{"liste_regions": ["Auvergne-Rh\u00f4ne-Alpes", "Hauts-de-France", "Provence-Alpes-C\u00f4te d'Azur", "Grand Est", "Occitanie", "Normandie", "Nouvelle-Aquitaine", "Centre", "Bourgogne-Franche-Comt\u00e9", "Bretagne", "Corse", "Pays de la Loire", "Ile-de-France", "Guadeloupe", "Martinique", "Guyane", "La R\u00e9union", "Mayotte"], "donnees_regions": {"Auvergne-Rh\u00f4ne-Alpes": {"incidence_cas": 396, "incidence_hosp": 8.947506762369462, "incidence_dc": 1.02859149761311, "population": 8069287, "taux_positivite": 17.9, "incidence_rea": 1.1029475094887564, "incidence_evol": -0.5}, "Hauts-de-France": {"incidence_cas": 713, "incidence_hosp": 10.448297360832031, "incidence_dc": 1.09551787664436, "population": 6115829, "taux_positivite": 22.2, "incidence_rea": 1.2426769944025577, "incidence_evol": 28.93}, "Provence-Alpes-C\u00f4te d'Azur": {"incidence_cas": 629, "incidence_hosp": 14.35866370536415, "incidence_dc": 2.0035344705159277, "population": 5091003, "taux_positivite": 17.5, "incidence_rea": 1.2374771729657201, "incidence_evol": 9.39}, "Grand Est": {"incidence_cas": 905, "incidence_hosp": 14.417409893828715, "incidence_dc": 1.4611050319753156, "population": 5680632, "taux_positivite": 24.3, "incidence_rea": 1.3202756313029957, "incidence_evol": 21.8}, "Occitanie": {"incidence_cas": 560, "incidence_hosp": 11.364216719671493, "incidence_dc": 1.3359719060328095, "population": 5913298, "taux_positivite": 21.4, "incidence_rea": 1.1668615381805552, "incidence_evol": -4.44}, "Normandie": {"incidence_cas": 720, "incidence_hosp": 11.383328327587671, "incidence_dc": 0.875640640583667, "population": 3426063, "taux_positivite": 23.8, "incidence_rea": 0.7297005338197226, "incidence_evol": 23.5}, "Nouvelle-Aquitaine": {"incidence_cas": 719, "incidence_hosp": 9.882292019752725, "incidence_dc": 1.0705816354732118, "population": 6071466, "taux_positivite": 28.7, "incidence_rea": 0.7247014147818664, "incidence_evol": 1.99}, "Centre": {"incidence_cas": 620, "incidence_hosp": 9.254565522701638, "incidence_dc": 1.1709858416479624, "population": 2647342, "taux_positivite": 25.6, "incidence_rea": 0.8310222102017797, "incidence_evol": 25.76}, "Bourgogne-Franche-Comt\u00e9": {"incidence_cas": 453, "incidence_hosp": 12.393497682588064, "incidence_dc": 1.3082025331620735, "population": 2904749, "taux_positivite": 21.3, "incidence_rea": 0.9983650910973718, "incidence_evol": 0.0}, "Bretagne": {"incidence_cas": 910, "incidence_hosp": 10.994173972044734, "incidence_dc": 1.2379498842516858, "population": 3392706, "taux_positivite": 31.7, "incidence_rea": 0.9431999118108083, "incidence_evol": 21.01}, "Corse": {"incidence_cas": 546, "incidence_hosp": 12.322562612142834, "incidence_dc": 2.103852153292679, "population": 332723, "taux_positivite": 15.7, "incidence_rea": 0.9016509228397195, "incidence_evol": 8.98}, "Pays de la Loire": {"incidence_cas": 595, "incidence_hosp": 7.773713227980761, "incidence_dc": 1.0207906258964636, "population": 3820568, "taux_positivite": 25.1, "incidence_rea": 0.9160941514455442, "incidence_evol": 15.98}, "Ile-de-France": {"incidence_cas": 370, "incidence_hosp": 5.822356310869996, "incidence_dc": 0.8749889399762494, "population": 12228726, "taux_positivite": 12.6, "incidence_rea": 1.0548932080087492, "incidence_evol": 22.52}, "Guadeloupe": {"incidence_cas": 1035, "incidence_hosp": 12.606849227027109, "incidence_dc": 0.9887724883942829, "population": 404542, "taux_positivite": 16.2, "incidence_rea": 2.2247380988871366, "incidence_evol": 153.68}, "Martinique": {"incidence_cas": 3823, "incidence_hosp": 10.597738287560581, "incidence_dc": 1.2924071082390953, "population": 386875, "taux_positivite": 28.3, "incidence_rea": 1.2924071082390953, "incidence_evol": 318.73}, "Guyane": {"incidence_cas": 99, "incidence_hosp": 3.430126419214806, "incidence_dc": 0.0, "population": 262381, "taux_positivite": 5.9, "incidence_rea": 0.0, "incidence_evol": 120.0}, "La R\u00e9union": {"incidence_cas": 1022, "incidence_hosp": 13.242017618852916, "incidence_dc": 1.742370739322752, "population": 860896, "taux_positivite": 29.3, "incidence_rea": 1.9746868378991191, "incidence_evol": 7.02}, "Mayotte": {"incidence_cas": 14, "incidence_hosp": 0.0, "incidence_dc": 0.0, "population": 270372, "taux_positivite": 1.4, "incidence_rea": 0.0, "incidence_evol": -12.5}}, "donnees_france": {"incidence_cas": 629.1589532264734, "incidence_hosp": 10.155703654600584, "incidence_dc": 1.1875140570300273, "population": "67114995", "incidence_rea": 1.0757655573095104}, "date_donnees": "10/03", "date_update": "13/03"}