{"liste_regions": ["Auvergne-Rh\u00f4ne-Alpes", "Hauts-de-France", "Provence-Alpes-C\u00f4te d'Azur", "Grand Est", "Occitanie", "Normandie", "Nouvelle-Aquitaine", "Centre", "Bourgogne-Franche-Comt\u00e9", "Bretagne", "Corse", "Pays de la Loire", "Ile-de-France", "Guadeloupe", "Martinique", "Guyane", "La R\u00e9union", "Mayotte"], "donnees_regions": {"Auvergne-Rh\u00f4ne-Alpes": {"incidence_cas": 334, "incidence_hosp": 13.805432871578368, "incidence_dc": 1.0905548408428154, "population": 8069287, "taux_positivite": 19.4, "incidence_rea": 1.4127642256372839, "incidence_evol": -28.02}, "Hauts-de-France": {"incidence_cas": 429, "incidence_hosp": 10.05587304681017, "incidence_dc": 0.997411798138895, "population": 6115829, "taux_positivite": 20.3, "incidence_rea": 1.357134085992267, "incidence_evol": -7.74}, "Provence-Alpes-C\u00f4te d'Azur": {"incidence_cas": 392, "incidence_hosp": 8.524842747097184, "incidence_dc": 0.9035547612130655, "population": 5091003, "taux_positivite": 14.7, "incidence_rea": 0.5892748442693905, "incidence_evol": -20.49}, "Grand Est": {"incidence_cas": 399, "incidence_hosp": 7.728013361893535, "incidence_dc": 1.0562205050423967, "population": 5680632, "taux_positivite": 17.9, "incidence_rea": 0.9682021296221969, "incidence_evol": -18.74}, "Occitanie": {"incidence_cas": 316, "incidence_hosp": 7.1364575233651335, "incidence_dc": 0.9808401335430753, "population": 5913298, "taux_positivite": 17.1, "incidence_rea": 0.9977511703283006, "incidence_evol": -33.33}, "Normandie": {"incidence_cas": 418, "incidence_hosp": 11.996276775996238, "incidence_dc": 0.9632047046420337, "population": 3426063, "taux_positivite": 23.4, "incidence_rea": 0.4670083416446224, "incidence_evol": -15.38}, "Nouvelle-Aquitaine": {"incidence_cas": 281, "incidence_hosp": 6.291725919242568, "incidence_dc": 0.7576423881810423, "population": 6071466, "taux_positivite": 18.8, "incidence_rea": 0.6752899546831029, "incidence_evol": -27.95}, "Centre": {"incidence_cas": 417, "incidence_hosp": 15.222815941423512, "incidence_dc": 0.9821171575111943, "population": 2647342, "taux_positivite": 24.8, "incidence_rea": 1.8886868413676814, "incidence_evol": -18.55}, "Bourgogne-Franche-Comt\u00e9": {"incidence_cas": 365, "incidence_hosp": 9.914798146070453, "incidence_dc": 1.549187210323508, "population": 2904749, "taux_positivite": 21.8, "incidence_rea": 0.6196748841294033, "incidence_evol": -28.57}, "Bretagne": {"incidence_cas": 460, "incidence_hosp": 10.227824043698451, "incidence_dc": 0.9726749090548961, "population": 3392706, "taux_positivite": 27.7, "incidence_rea": 0.8842499173226328, "incidence_evol": -13.86}, "Corse": {"incidence_cas": 417, "incidence_hosp": 10.218710458850154, "incidence_dc": 2.103852153292679, "population": 332723, "taux_positivite": 17.9, "incidence_rea": 1.5027515380661993, "incidence_evol": -27.48}, "Pays de la Loire": {"incidence_cas": 420, "incidence_hosp": 8.506588549137195, "incidence_dc": 0.7067012025437056, "population": 3820568, "taux_positivite": 25.9, "incidence_rea": 0.9422682700582741, "incidence_evol": -12.13}, "Ile-de-France": {"incidence_cas": 261, "incidence_hosp": 6.5256184495424945, "incidence_dc": 0.6787297384862495, "population": 12228726, "taux_positivite": 11.9, "incidence_rea": 0.8504565397899995, "incidence_evol": -22.32}, "Guadeloupe": {"incidence_cas": 702, "incidence_hosp": 8.404566151351405, "incidence_dc": 0.0, "population": 404542, "taux_positivite": 17.7, "incidence_rea": 1.7303518546899952, "incidence_evol": 0.86}, "Martinique": {"incidence_cas": 1061, "incidence_hosp": 8.01292407108239, "incidence_dc": 0.5169628432956381, "population": 386875, "taux_positivite": 23.2, "incidence_rea": 0.7754442649434572, "incidence_evol": 50.28}, "Guyane": {"incidence_cas": 156, "incidence_hosp": 3.049001261524272, "incidence_dc": 0.381125157690534, "population": 262381, "taux_positivite": 10.4, "incidence_rea": 0.381125157690534, "incidence_evol": 4.7}, "La R\u00e9union": {"incidence_cas": 846, "incidence_hosp": 12.545069323123816, "incidence_dc": 0.6969482957291008, "population": 860896, "taux_positivite": 29.0, "incidence_rea": 0.6969482957291008, "incidence_evol": -26.43}, "Mayotte": {"incidence_cas": 27, "incidence_hosp": 0.0, "incidence_dc": 0.0, "population": 270372, "taux_positivite": 2.5, "incidence_rea": 0.0, "incidence_evol": 0.0}}, "donnees_france": {"incidence_cas": 376.4851654984106, "incidence_hosp": 9.227446116922158, "incidence_dc": 0.9267675576821544, "population": "67114995", "incidence_rea": 0.9804068375480025}, "date_donnees": "10/05", "date_update": "13/05"}