{"liste_regions": ["Auvergne-Rh\u00f4ne-Alpes", "Hauts-de-France", "Provence-Alpes-C\u00f4te d'Azur", "Grand Est", "Occitanie", "Normandie", "Nouvelle-Aquitaine", "Centre", "Bourgogne-Franche-Comt\u00e9", "Bretagne", "Corse", "Pays de la Loire", "Ile-de-France", "Guadeloupe", "Martinique", "Guyane", "La R\u00e9union", "Mayotte"], "donnees_regions": {"Auvergne-Rh\u00f4ne-Alpes": {"incidence_cas": 544, "incidence_hosp": 10.917941077074095, "incidence_dc": 0.9666281543834047, "population": 8069287, "taux_positivite": 26.9, "incidence_rea": 1.1153401781346977, "incidence_evol": -32.0}, "Hauts-de-France": {"incidence_cas": 526, "incidence_hosp": 12.3613658916886, "incidence_dc": 1.5042932037504646, "population": 6115829, "taux_positivite": 23.5, "incidence_rea": 1.6023992822559299, "incidence_evol": -27.05}, "Provence-Alpes-C\u00f4te d'Azur": {"incidence_cas": 576, "incidence_hosp": 12.394414224466182, "incidence_dc": 1.3356896470106185, "population": 5091003, "taux_positivite": 19.3, "incidence_rea": 1.296404657392659, "incidence_evol": -25.77}, "Grand Est": {"incidence_cas": 561, "incidence_hosp": 11.847273331558883, "incidence_dc": 1.1442388804625965, "population": 5680632, "taux_positivite": 22.4, "incidence_rea": 1.0914278552104766, "incidence_evol": -23.88}, "Occitanie": {"incidence_cas": 556, "incidence_hosp": 9.85913444578643, "incidence_dc": 0.8117297656908209, "population": 5913298, "taux_positivite": 22.3, "incidence_rea": 0.896284949616948, "incidence_evol": -33.73}, "Normandie": {"incidence_cas": 566, "incidence_hosp": 13.222173672813373, "incidence_dc": 1.2550849181699226, "population": 3426063, "taux_positivite": 28.4, "incidence_rea": 0.5545724057029892, "incidence_evol": -31.06}, "Nouvelle-Aquitaine": {"incidence_cas": 456, "incidence_hosp": 9.042297198073744, "incidence_dc": 0.9388177418765089, "population": 6071466, "taux_positivite": 25.7, "incidence_rea": 0.6588194679835151, "incidence_evol": -29.19}, "Centre": {"incidence_cas": 582, "incidence_hosp": 10.31223015386754, "incidence_dc": 1.2465333153026696, "population": 2647342, "taux_positivite": 30.3, "incidence_rea": 1.1332121048206087, "incidence_evol": -21.67}, "Bourgogne-Franche-Comt\u00e9": {"incidence_cas": 592, "incidence_hosp": 15.216461043622013, "incidence_dc": 1.4459080629686076, "population": 2904749, "taux_positivite": 29.6, "incidence_rea": 1.136070620903906, "incidence_evol": -29.02}, "Bretagne": {"incidence_cas": 615, "incidence_hosp": 12.08474887007598, "incidence_dc": 1.2968998787398613, "population": 3392706, "taux_positivite": 32.2, "incidence_rea": 1.0021499062989838, "incidence_evol": -25.72}, "Corse": {"incidence_cas": 757, "incidence_hosp": 10.519260766463395, "incidence_dc": 0.6011006152264797, "population": 332723, "taux_positivite": 23.2, "incidence_rea": 1.803301845679439, "incidence_evol": -33.94}, "Pays de la Loire": {"incidence_cas": 537, "incidence_hosp": 10.679040393993773, "incidence_dc": 0.8113976769946248, "population": 3820568, "taux_positivite": 29.9, "incidence_rea": 1.1516612189601128, "incidence_evol": -26.44}, "Ile-de-France": {"incidence_cas": 400, "incidence_hosp": 8.823486600321244, "incidence_dc": 1.0385382745512493, "population": 12228726, "taux_positivite": 13.9, "incidence_rea": 1.1693777422112492, "incidence_evol": -39.3}, "Guadeloupe": {"incidence_cas": 680, "incidence_hosp": 6.921407418759981, "incidence_dc": 0.49438624419714144, "population": 404542, "taux_positivite": 17.6, "incidence_rea": 1.4831587325914244, "incidence_evol": 8.28}, "Martinique": {"incidence_cas": 567, "incidence_hosp": 3.8772213247172855, "incidence_dc": 0.5169628432956381, "population": 386875, "taux_positivite": 16.2, "incidence_rea": 0.0, "incidence_evol": 5.19}, "Guyane": {"incidence_cas": 153, "incidence_hosp": 5.3357522076674755, "incidence_dc": 0.381125157690534, "population": 262381, "taux_positivite": 8.5, "incidence_rea": 0.0, "incidence_evol": 16.79}, "La R\u00e9union": {"incidence_cas": 1300, "incidence_hosp": 18.70144593539754, "incidence_dc": 0.8131063450172844, "population": 860896, "taux_positivite": 34.1, "incidence_rea": 1.742370739322752, "incidence_evol": -21.92}, "Mayotte": {"incidence_cas": 32, "incidence_hosp": 0.0, "incidence_dc": 0.0, "population": 270372, "taux_positivite": 3.5, "incidence_rea": 0.0, "incidence_evol": 68.42}}, "donnees_france": {"incidence_cas": 547.4946396107159, "incidence_hosp": 11.012442152457883, "incidence_dc": 1.1055651572349816, "population": "67114995", "incidence_rea": 1.101095217246161}, "date_donnees": "01/05", "date_update": "04/05"}