{"liste_regions": ["Auvergne-Rh\u00f4ne-Alpes", "Hauts-de-France", "Provence-Alpes-C\u00f4te d'Azur", "Grand Est", "Occitanie", "Normandie", "Nouvelle-Aquitaine", "Centre", "Bourgogne-Franche-Comt\u00e9", "Bretagne", "Corse", "Pays de la Loire", "Ile-de-France", "Guadeloupe", "Martinique", "Guyane", "La R\u00e9union", "Mayotte"], "donnees_regions": {"Auvergne-Rh\u00f4ne-Alpes": {"incidence_cas": 938, "incidence_hosp": 10.769229053322803, "incidence_dc": 1.1029475094887564, "population": 8069287, "taux_positivite": 28.2, "incidence_rea": 0.8303087992780527, "incidence_evol": 55.56}, "Hauts-de-France": {"incidence_cas": 1351, "incidence_hosp": 14.55240164497732, "incidence_dc": 0.9320077458019183, "population": 6115829, "taux_positivite": 28.0, "incidence_rea": 1.3898361121607554, "incidence_evol": 34.43}, "Provence-Alpes-C\u00f4te d'Azur": {"incidence_cas": 1090, "incidence_hosp": 15.203290982150275, "incidence_dc": 1.5910420795273543, "population": 5091003, "taux_positivite": 23.0, "incidence_rea": 1.0606947196849028, "incidence_evol": 29.45}, "Grand Est": {"incidence_cas": 1582, "incidence_hosp": 17.075564831518747, "incidence_dc": 1.3906903316391557, "population": 5680632, "taux_positivite": 29.1, "incidence_rea": 1.6019344326476348, "incidence_evol": 29.35}, "Occitanie": {"incidence_cas": 1108, "incidence_hosp": 9.14887090080696, "incidence_dc": 0.896284949616948, "population": 5913298, "taux_positivite": 29.0, "incidence_rea": 0.9470180599726243, "incidence_evol": 48.13}, "Normandie": {"incidence_cas": 1506, "incidence_hosp": 14.564822655041663, "incidence_dc": 1.167520854111556, "population": 3426063, "taux_positivite": 32.7, "incidence_rea": 1.1383328327587672, "incidence_evol": 45.51}, "Nouvelle-Aquitaine": {"incidence_cas": 1112, "incidence_hosp": 10.590522947835003, "incidence_dc": 1.2352865024690907, "population": 6071466, "taux_positivite": 33.4, "incidence_rea": 0.8894062817777452, "incidence_evol": 18.42}, "Centre": {"incidence_cas": 1254, "incidence_hosp": 11.143252364069319, "incidence_dc": 0.793248473374426, "population": 2647342, "taux_positivite": 34.3, "incidence_rea": 0.7554747365470724, "incidence_evol": 45.14}, "Bourgogne-Franche-Comt\u00e9": {"incidence_cas": 1081, "incidence_hosp": 13.288583626330537, "incidence_dc": 1.3770552980653405, "population": 2904749, "taux_positivite": 31.2, "incidence_rea": 1.342628915613707, "incidence_evol": 55.76}, "Bretagne": {"incidence_cas": 1701, "incidence_hosp": 16.18177348700418, "incidence_dc": 0.7663499283462818, "population": 3392706, "taux_positivite": 40.0, "incidence_rea": 0.7368749311021939, "incidence_evol": 36.96}, "Corse": {"incidence_cas": 1649, "incidence_hosp": 12.923663227369314, "incidence_dc": 2.404402460905919, "population": 332723, "taux_positivite": 27.0, "incidence_rea": 1.5027515380661993, "incidence_evol": 59.17}, "Pays de la Loire": {"incidence_cas": 1226, "incidence_hosp": 10.521995682317394, "incidence_dc": 0.8899200328328144, "population": 3820568, "taux_positivite": 34.1, "incidence_rea": 0.8375717956073546, "incidence_evol": 45.95}, "Ile-de-France": {"incidence_cas": 1080, "incidence_hosp": 8.300128729681244, "incidence_dc": 0.6460198715712495, "population": 12228726, "taux_positivite": 21.3, "incidence_rea": 0.8422790730612495, "incidence_evol": 84.62}, "Guadeloupe": {"incidence_cas": 908, "incidence_hosp": 8.404566151351405, "incidence_dc": 1.4831587325914244, "population": 404542, "taux_positivite": 13.9, "incidence_rea": 1.2359656104928536, "incidence_evol": -6.2}, "Martinique": {"incidence_cas": 1184, "incidence_hosp": 11.890145395799676, "incidence_dc": 1.0339256865912763, "population": 386875, "taux_positivite": 14.2, "incidence_rea": 0.5169628432956381, "incidence_evol": -42.05}, "Guyane": {"incidence_cas": 126, "incidence_hosp": 5.71687736535801, "incidence_dc": 0.0, "population": 262381, "taux_positivite": 9.4, "incidence_rea": 0.762250315381068, "incidence_evol": 21.15}, "La R\u00e9union": {"incidence_cas": 1259, "incidence_hosp": 11.848121027394715, "incidence_dc": 1.742370739322752, "population": 860896, "taux_positivite": 35.9, "incidence_rea": 0.5807902464409174, "incidence_evol": 18.33}, "Mayotte": {"incidence_cas": 14, "incidence_hosp": 0.0, "incidence_dc": 0.0, "population": 270372, "taux_positivite": 1.5, "incidence_rea": 0.0, "incidence_evol": -26.32}}, "donnees_france": {"incidence_cas": 1230.6683476620985, "incidence_hosp": 12.02860850991645, "incidence_dc": 1.0534158573654069, "population": "67114995", "incidence_rea": 1.019146317451115}, "date_donnees": "24/03", "date_update": "27/03"}