{"liste_regions": ["Auvergne-Rh\u00f4ne-Alpes", "Hauts-de-France", "Provence-Alpes-C\u00f4te d'Azur", "Grand Est", "Occitanie", "Normandie", "Nouvelle-Aquitaine", "Centre", "Bourgogne-Franche-Comt\u00e9", "Bretagne", "Corse", "Pays de la Loire", "Ile-de-France", "Guadeloupe", "Martinique", "Guyane", "La R\u00e9union", "Mayotte"], "donnees_regions": {"Auvergne-Rh\u00f4ne-Alpes": {"incidence_cas": 312, "incidence_hosp": 3.9408686294092647, "incidence_dc": 0.37178005937823255, "population": 8069287, "taux_positivite": 19.7, "incidence_rea": 0.4957067458376434, "incidence_evol": 101.29}, "Hauts-de-France": {"incidence_cas": 342, "incidence_hosp": 5.1669201346211615, "incidence_dc": 0.4414773532745928, "population": 6115829, "taux_positivite": 18.2, "incidence_rea": 0.8011996411279649, "incidence_evol": 100.0}, "Provence-Alpes-C\u00f4te d'Azur": {"incidence_cas": 316, "incidence_hosp": 5.2445461139975755, "incidence_dc": 0.4124923909885733, "population": 5091003, "taux_positivite": 14.2, "incidence_rea": 0.746414802741228, "incidence_evol": 80.57}, "Grand Est": {"incidence_cas": 312, "incidence_hosp": 4.312900395589787, "incidence_dc": 0.42248820201695864, "population": 5680632, "taux_positivite": 16.8, "incidence_rea": 0.38728085184887884, "incidence_evol": 93.79}, "Occitanie": {"incidence_cas": 385, "incidence_hosp": 4.193937122735908, "incidence_dc": 0.35513177248973415, "population": 5913298, "taux_positivite": 20.3, "incidence_rea": 0.6426193978385666, "incidence_evol": 113.89}, "Normandie": {"incidence_cas": 358, "incidence_hosp": 5.633288121088258, "incidence_dc": 0.5545724057029892, "population": 3426063, "taux_positivite": 23.0, "incidence_rea": 0.32106823488067787, "incidence_evol": 114.37}, "Nouvelle-Aquitaine": {"incidence_cas": 359, "incidence_hosp": 4.661147735983369, "incidence_dc": 0.49411460098763627, "population": 6071466, "taux_positivite": 22.9, "incidence_rea": 0.3129392472921696, "incidence_evol": 109.94}, "Centre": {"incidence_cas": 360, "incidence_hosp": 4.343979735145666, "incidence_dc": 0.604379789237658, "population": 2647342, "taux_positivite": 23.7, "incidence_rea": 0.7177009997197189, "incidence_evol": 106.9}, "Bourgogne-Franche-Comt\u00e9": {"incidence_cas": 310, "incidence_hosp": 5.886911399229331, "incidence_dc": 0.7573804139359374, "population": 2904749, "taux_positivite": 19.8, "incidence_rea": 0.5508221192261362, "incidence_evol": 109.46}, "Bretagne": {"incidence_cas": 419, "incidence_hosp": 6.101324429526166, "incidence_dc": 0.32422496968496534, "population": 3392706, "taux_positivite": 27.3, "incidence_rea": 0.32422496968496534, "incidence_evol": 97.64}, "Corse": {"incidence_cas": 315, "incidence_hosp": 6.3115564598780365, "incidence_dc": 0.30055030761323986, "population": 332723, "taux_positivite": 16.9, "incidence_rea": 0.30055030761323986, "incidence_evol": 93.25}, "Pays de la Loire": {"incidence_cas": 370, "incidence_hosp": 5.077779010869588, "incidence_dc": 0.20939294890183865, "population": 3820568, "taux_positivite": 26.3, "incidence_rea": 0.5496564908673265, "incidence_evol": 90.72}, "Ile-de-France": {"incidence_cas": 512, "incidence_hosp": 5.577032309007496, "incidence_dc": 0.24532400186249984, "population": 12228726, "taux_positivite": 19.4, "incidence_rea": 0.7359720055874995, "incidence_evol": 106.45}, "Guadeloupe": {"incidence_cas": 659, "incidence_hosp": 6.427021174562839, "incidence_dc": 0.9887724883942829, "population": 404542, "taux_positivite": 18.3, "incidence_rea": 1.2359656104928536, "incidence_evol": 40.51}, "Martinique": {"incidence_cas": 2646, "incidence_hosp": 14.991922455573505, "incidence_dc": 2.0678513731825525, "population": 386875, "taux_positivite": 35.9, "incidence_rea": 1.5508885298869144, "incidence_evol": 39.34}, "Guyane": {"incidence_cas": 356, "incidence_hosp": 12.196005046097088, "incidence_dc": 0.381125157690534, "population": 262381, "taux_positivite": 20.4, "incidence_rea": 1.143375473071602, "incidence_evol": 48.33}, "La R\u00e9union": {"incidence_cas": 202, "incidence_hosp": 5.459428316544623, "incidence_dc": 0.8131063450172844, "population": 860896, "taux_positivite": 12.5, "incidence_rea": 0.4646321971527339, "incidence_evol": 11.6}, "Mayotte": {"incidence_cas": 27, "incidence_hosp": 0.0, "incidence_dc": 0.0, "population": 270372, "taux_positivite": 3.1, "incidence_rea": 0.0, "incidence_evol": 0.0}}, "donnees_france": {"incidence_cas": 407.09382456185836, "incidence_hosp": 5.100201527244396, "incidence_dc": 0.4171943989565968, "population": "67114995", "incidence_rea": 0.5855621385355091}, "date_donnees": "13/06", "date_update": "16/06"}