{"liste_regions": ["Auvergne-Rh\u00f4ne-Alpes", "Hauts-de-France", "Provence-Alpes-C\u00f4te d'Azur", "Grand Est", "Occitanie", "Normandie", "Nouvelle-Aquitaine", "Centre", "Bourgogne-Franche-Comt\u00e9", "Bretagne", "Corse", "Pays de la Loire", "Ile-de-France", "Guadeloupe", "Martinique", "Guyane", "La R\u00e9union", "Mayotte"], "donnees_regions": {"Auvergne-Rh\u00f4ne-Alpes": {"incidence_cas": 45, "incidence_hosp": 2.0943610011640432, "incidence_dc": 0.22306803562693955, "population": 8069287, "taux_positivite": 1.6, "incidence_rea": 0.4213507339619969, "incidence_evol": 7.14}, "Hauts-de-France": {"incidence_cas": 40, "incidence_hosp": 2.2727908187099413, "incidence_dc": 0.29431823551639524, "population": 6115829, "taux_positivite": 1.4, "incidence_rea": 0.40877532710610454, "incidence_evol": 17.65}, "Provence-Alpes-C\u00f4te d'Azur": {"incidence_cas": 67, "incidence_hosp": 3.496364075998384, "incidence_dc": 0.373207401370614, "population": 5091003, "taux_positivite": 1.6, "incidence_rea": 0.746414802741228, "incidence_evol": -11.84}, "Grand Est": {"incidence_cas": 38, "incidence_hosp": 1.4082940067231955, "incidence_dc": 0.21124410100847932, "population": 5680632, "taux_positivite": 1.2, "incidence_rea": 0.29926247642867904, "incidence_evol": 2.7}, "Occitanie": {"incidence_cas": 41, "incidence_hosp": 1.2514167221066823, "incidence_dc": 0.3213096989192833, "population": 5913298, "taux_positivite": 1.4, "incidence_rea": 0.388953846060185, "incidence_evol": 5.13}, "Normandie": {"incidence_cas": 33, "incidence_hosp": 1.4010250249338674, "incidence_dc": 0.2335041708223112, "population": 3426063, "taux_positivite": 1.2, "incidence_rea": 0.2626921921751001, "incidence_evol": 17.86}, "Nouvelle-Aquitaine": {"incidence_cas": 48, "incidence_hosp": 2.0258698640493087, "incidence_dc": 0.16470486699587877, "population": 6071466, "taux_positivite": 1.9, "incidence_rea": 0.395291680790109, "incidence_evol": 33.33}, "Centre": {"incidence_cas": 43, "incidence_hosp": 1.8509131045403278, "incidence_dc": 0.22664242096412177, "population": 2647342, "taux_positivite": 2.0, "incidence_rea": 0.5666060524103044, "incidence_evol": 43.33}, "Bourgogne-Franche-Comt\u00e9": {"incidence_cas": 31, "incidence_hosp": 2.134435712001278, "incidence_dc": 0.10327914735490054, "population": 2904749, "taux_positivite": 1.2, "incidence_rea": 0.4819693543228692, "incidence_evol": -8.82}, "Bretagne": {"incidence_cas": 39, "incidence_hosp": 2.0042998125979676, "incidence_dc": 0.23579997795270208, "population": 3392706, "taux_positivite": 1.7, "incidence_rea": 0.2947499724408776, "incidence_evol": 18.18}, "Corse": {"incidence_cas": 48, "incidence_hosp": 0.9016509228397195, "incidence_dc": 0.0, "population": 332723, "taux_positivite": 1.1, "incidence_rea": 0.30055030761323986, "incidence_evol": -11.11}, "Pays de la Loire": {"incidence_cas": 67, "incidence_hosp": 2.6174118612729833, "incidence_dc": 0.26174118612729835, "population": 3820568, "taux_positivite": 2.6, "incidence_rea": 0.6543529653182458, "incidence_evol": 52.27}, "Ile-de-France": {"incidence_cas": 67, "incidence_hosp": 2.7230964206737482, "incidence_dc": 0.3516310693362497, "population": 12228726, "taux_positivite": 1.7, "incidence_rea": 0.7605044057737494, "incidence_evol": -8.22}, "Guadeloupe": {"incidence_cas": 49, "incidence_hosp": 3.4607037093799904, "incidence_dc": 1.2359656104928536, "population": 404542, "taux_positivite": 1.4, "incidence_rea": 1.4831587325914244, "incidence_evol": 0.0}, "Martinique": {"incidence_cas": 132, "incidence_hosp": 9.822294022617125, "incidence_dc": 1.8093699515347335, "population": 386875, "taux_positivite": 2.2, "incidence_rea": 1.2924071082390953, "incidence_evol": -5.04}, "Guyane": {"incidence_cas": 229, "incidence_hosp": 19.437383042217235, "incidence_dc": 1.143375473071602, "population": 262381, "taux_positivite": 9.6, "incidence_rea": 3.81125157690534, "incidence_evol": -22.11}, "La R\u00e9union": {"incidence_cas": 26, "incidence_hosp": 1.9746868378991191, "incidence_dc": 0.3484741478645504, "population": 860896, "taux_positivite": 1.1, "incidence_rea": 0.4646321971527339, "incidence_evol": -10.34}, "Mayotte": {"incidence_cas": 17, "incidence_hosp": 1.1095823532022546, "incidence_dc": 0.36986078440075154, "population": 270372, "taux_positivite": 1.3, "incidence_rea": 0.36986078440075154, "incidence_evol": -10.53}}, "donnees_france": {"incidence_cas": 50.82917759287622, "incidence_hosp": 2.3079790142277443, "incidence_dc": 0.28756613928079705, "population": "67114995", "incidence_rea": 0.5274529186808402}, "date_donnees": "21/10", "date_update": "24/10"}