{"liste_regions": ["Auvergne-Rh\u00f4ne-Alpes", "Hauts-de-France", "Provence-Alpes-C\u00f4te d'Azur", "Grand Est", "Occitanie", "Normandie", "Nouvelle-Aquitaine", "Centre", "Bourgogne-Franche-Comt\u00e9", "Bretagne", "Corse", "Pays de la Loire", "Ile-de-France", "Guadeloupe", "Martinique", "Guyane", "La R\u00e9union", "Mayotte"], "donnees_regions": {"Auvergne-Rh\u00f4ne-Alpes": {"incidence_cas": 429, "incidence_hosp": 11.116223775409154, "incidence_dc": 1.7597589477236342, "population": 8069287, "taux_positivite": 19.1, "incidence_rea": 1.177303521364403, "incidence_evol": -30.47}, "Hauts-de-France": {"incidence_cas": 549, "incidence_hosp": 10.415595334663543, "incidence_dc": 1.2917300336552904, "population": 6115829, "taux_positivite": 18.6, "incidence_rea": 1.5042932037504646, "incidence_evol": -24.69}, "Provence-Alpes-C\u00f4te d'Azur": {"incidence_cas": 575, "incidence_hosp": 13.160471522016389, "incidence_dc": 2.141031934178786, "population": 5091003, "taux_positivite": 16.0, "incidence_rea": 1.2374771729657201, "incidence_evol": -21.88}, "Grand Est": {"incidence_cas": 742, "incidence_hosp": 13.642848190130957, "incidence_dc": 2.182855710420953, "population": 5680632, "taux_positivite": 21.6, "incidence_rea": 1.4611050319753156, "incidence_evol": -21.31}, "Occitanie": {"incidence_cas": 650, "incidence_hosp": 11.161284278248788, "incidence_dc": 1.8771250831600235, "population": 5913298, "taux_positivite": 21.4, "incidence_rea": 1.4205270899589366, "incidence_evol": -31.14}, "Normandie": {"incidence_cas": 551, "incidence_hosp": 11.208200199470939, "incidence_dc": 1.3134609608755006, "population": 3426063, "taux_positivite": 20.0, "incidence_rea": 1.1091448114059783, "incidence_evol": -20.61}, "Nouvelle-Aquitaine": {"incidence_cas": 776, "incidence_hosp": 12.418746971489258, "incidence_dc": 1.8282240236542542, "population": 6071466, "taux_positivite": 29.1, "incidence_rea": 1.3176389359670302, "incidence_evol": -30.4}, "Centre": {"incidence_cas": 492, "incidence_hosp": 8.990149364910163, "incidence_dc": 1.6242706835762057, "population": 2647342, "taux_positivite": 21.7, "incidence_rea": 1.1332121048206087, "incidence_evol": -26.24}, "Bourgogne-Franche-Comt\u00e9": {"incidence_cas": 494, "incidence_hosp": 12.186939387878263, "incidence_dc": 2.1688620944529116, "population": 2904749, "taux_positivite": 22.2, "incidence_rea": 1.2393497682588066, "incidence_evol": -35.42}, "Bretagne": {"incidence_cas": 711, "incidence_hosp": 12.08474887007598, "incidence_dc": 1.5326998566925636, "population": 3392706, "taux_positivite": 27.0, "incidence_rea": 1.0021499062989838, "incidence_evol": -14.65}, "Corse": {"incidence_cas": 559, "incidence_hosp": 12.022012304529595, "incidence_dc": 2.103852153292679, "population": 332723, "taux_positivite": 13.9, "incidence_rea": 2.103852153292679, "incidence_evol": -33.69}, "Pays de la Loire": {"incidence_cas": 515, "incidence_hosp": 7.9831061768825995, "incidence_dc": 1.0731388631219232, "population": 3820568, "taux_positivite": 22.5, "incidence_rea": 1.1778353375728425, "incidence_evol": -27.26}, "Ile-de-France": {"incidence_cas": 319, "incidence_hosp": 6.991734053081245, "incidence_dc": 1.1121354751099992, "population": 12228726, "taux_positivite": 10.1, "incidence_rea": 1.226620009312499, "incidence_evol": -31.25}, "Guadeloupe": {"incidence_cas": 433, "incidence_hosp": 3.7078968314785605, "incidence_dc": 0.7415793662957122, "population": 404542, "taux_positivite": 8.3, "incidence_rea": 0.24719312209857072, "incidence_evol": -23.09}, "Martinique": {"incidence_cas": 798, "incidence_hosp": 10.856219709208402, "incidence_dc": 3.618739903069467, "population": 386875, "taux_positivite": 8.6, "incidence_rea": 1.5508885298869144, "incidence_evol": -35.9}, "Guyane": {"incidence_cas": 50, "incidence_hosp": 3.049001261524272, "incidence_dc": 0.0, "population": 262381, "taux_positivite": 2.6, "incidence_rea": 0.381125157690534, "incidence_evol": -30.56}, "La R\u00e9union": {"incidence_cas": 1110, "incidence_hosp": 18.933762033973906, "incidence_dc": 1.9746868378991191, "population": 860896, "taux_positivite": 31.1, "incidence_rea": 2.4393190350518528, "incidence_evol": -21.67}, "Mayotte": {"incidence_cas": 11, "incidence_hosp": 0.0, "incidence_dc": 0.0, "population": 270372, "taux_positivite": 0.9, "incidence_rea": 0.0, "incidence_evol": -21.43}}, "donnees_france": {"incidence_cas": 558.6203202428906, "incidence_hosp": 10.738285833143548, "incidence_dc": 1.6345080559120952, "population": "67114995", "incidence_rea": 1.290322676772903}, "date_donnees": "28/02", "date_update": "03/03"}