{"liste_regions": ["Auvergne-Rh\u00f4ne-Alpes", "Hauts-de-France", "Provence-Alpes-C\u00f4te d'Azur", "Grand Est", "Occitanie", "Normandie", "Nouvelle-Aquitaine", "Centre", "Bourgogne-Franche-Comt\u00e9", "Bretagne", "Corse", "Pays de la Loire", "Ile-de-France", "Guadeloupe", "Martinique", "Guyane", "La R\u00e9union", "Mayotte"], "donnees_regions": {"Auvergne-Rh\u00f4ne-Alpes": {"incidence_cas": 42, "incidence_hosp": 1.9704343147046324, "incidence_dc": 0.18589002968911628, "population": 8069287, "taux_positivite": 1.1, "incidence_rea": 0.33460205344040933, "incidence_evol": 10.53}, "Hauts-de-France": {"incidence_cas": 34, "incidence_hosp": 1.7822604261826156, "incidence_dc": 0.26161620934790686, "population": 6115829, "taux_positivite": 1.0, "incidence_rea": 0.4251263401903487, "incidence_evol": 6.25}, "Provence-Alpes-C\u00f4te d'Azur": {"incidence_cas": 69, "incidence_hosp": 3.437436591571445, "incidence_dc": 0.373207401370614, "population": 5091003, "taux_positivite": 1.2, "incidence_rea": 0.805342287168167, "incidence_evol": 0.0}, "Grand Est": {"incidence_cas": 36, "incidence_hosp": 1.285068281134916, "incidence_dc": 0.21124410100847932, "population": 5680632, "taux_positivite": 0.8, "incidence_rea": 0.29926247642867904, "incidence_evol": 9.09}, "Occitanie": {"incidence_cas": 38, "incidence_hosp": 1.1499505013953297, "incidence_dc": 0.270576588563607, "population": 5913298, "taux_positivite": 0.9, "incidence_rea": 0.30439866213405786, "incidence_evol": 8.57}, "Normandie": {"incidence_cas": 31, "incidence_hosp": 1.167520854111556, "incidence_dc": 0.17512812811673342, "population": 3426063, "taux_positivite": 0.9, "incidence_rea": 0.1459401067639445, "incidence_evol": 29.17}, "Nouvelle-Aquitaine": {"incidence_cas": 41, "incidence_hosp": 1.7952830502550785, "incidence_dc": 0.16470486699587877, "population": 6071466, "taux_positivite": 1.3, "incidence_rea": 0.32940973399175755, "incidence_evol": 32.26}, "Centre": {"incidence_cas": 36, "incidence_hosp": 1.6998181572309132, "incidence_dc": 0.22664242096412177, "population": 2647342, "taux_positivite": 1.4, "incidence_rea": 0.49105857875559716, "incidence_evol": 28.57}, "Bourgogne-Franche-Comt\u00e9": {"incidence_cas": 32, "incidence_hosp": 2.1688620944529116, "incidence_dc": 0.20655829470980108, "population": 2904749, "taux_positivite": 1.0, "incidence_rea": 0.3786902069679687, "incidence_evol": 6.67}, "Bretagne": {"incidence_cas": 34, "incidence_hosp": 2.210624793306582, "incidence_dc": 0.23579997795270208, "population": 3392706, "taux_positivite": 1.2, "incidence_rea": 0.2947499724408776, "incidence_evol": 17.24}, "Corse": {"incidence_cas": 53, "incidence_hosp": 1.2022012304529595, "incidence_dc": 0.0, "population": 332723, "taux_positivite": 0.9, "incidence_rea": 0.6011006152264797, "incidence_evol": 8.16}, "Pays de la Loire": {"incidence_cas": 51, "incidence_hosp": 2.5912377426602538, "incidence_dc": 0.3664376605782177, "population": 3820568, "taux_positivite": 1.6, "incidence_rea": 0.6805270839309757, "incidence_evol": 24.39}, "Ile-de-France": {"incidence_cas": 70, "incidence_hosp": 2.600434419742498, "incidence_dc": 0.3025662689637498, "population": 12228726, "taux_positivite": 1.4, "incidence_rea": 0.6541973382999996, "incidence_evol": 7.69}, "Guadeloupe": {"incidence_cas": 49, "incidence_hosp": 4.943862441971414, "incidence_dc": 1.2359656104928536, "population": 404542, "taux_positivite": 1.4, "incidence_rea": 1.7303518546899952, "incidence_evol": -15.52}, "Martinique": {"incidence_cas": 124, "incidence_hosp": 12.407108239095315, "incidence_dc": 3.360258481421648, "population": 386875, "taux_positivite": 2.2, "incidence_rea": 0.5169628432956381, "incidence_evol": -17.88}, "Guyane": {"incidence_cas": 253, "incidence_hosp": 26.297635880646848, "incidence_dc": 1.524500630762136, "population": 262381, "taux_positivite": 9.3, "incidence_rea": 2.6678761038337377, "incidence_evol": -27.92}, "La R\u00e9union": {"incidence_cas": 30, "incidence_hosp": 1.8585287886109356, "incidence_dc": 0.23231609857636695, "population": 860896, "taux_positivite": 0.9, "incidence_rea": 0.5807902464409174, "incidence_evol": 7.14}, "Mayotte": {"incidence_cas": 18, "incidence_hosp": 1.4794431376030062, "incidence_dc": 0.36986078440075154, "population": 270372, "taux_positivite": 1.2, "incidence_rea": 0.7397215688015031, "incidence_evol": 0.0}}, "donnees_france": {"incidence_cas": 48.51970859865221, "incidence_hosp": 2.2260301144326986, "incidence_dc": 0.28309619929197644, "population": "67114995", "incidence_rea": 0.47530361881126565}, "date_donnees": "18/10", "date_update": "21/10"}