{"liste_regions": ["Auvergne-Rh\u00f4ne-Alpes", "Hauts-de-France", "Provence-Alpes-C\u00f4te d'Azur", "Grand Est", "Occitanie", "Normandie", "Nouvelle-Aquitaine", "Centre", "Bourgogne-Franche-Comt\u00e9", "Bretagne", "Corse", "Pays de la Loire", "Ile-de-France", "Guadeloupe", "Martinique", "Guyane", "La R\u00e9union", "Mayotte"], "donnees_regions": {"Auvergne-Rh\u00f4ne-Alpes": {"incidence_cas": 53, "incidence_hosp": 2.1191463384559253, "incidence_dc": 0.33460205344040933, "population": 8069287, "taux_positivite": 1.1, "incidence_rea": 0.6320261009429954, "incidence_evol": -20.9}, "Hauts-de-France": {"incidence_cas": 38, "incidence_hosp": 1.7495584000141273, "incidence_dc": 0.3433712747691278, "population": 6115829, "taux_positivite": 0.8, "incidence_rea": 0.5559344448643021, "incidence_evol": -22.45}, "Provence-Alpes-C\u00f4te d'Azur": {"incidence_cas": 101, "incidence_hosp": 5.323116093233494, "incidence_dc": 1.0410522248759233, "population": 5091003, "taux_positivite": 1.2, "incidence_rea": 1.2178346781567404, "incidence_evol": -33.99}, "Grand Est": {"incidence_cas": 47, "incidence_hosp": 1.7075564831518748, "incidence_dc": 0.29926247642867904, "population": 5680632, "taux_positivite": 0.9, "incidence_rea": 0.4576955521850386, "incidence_evol": -31.88}, "Occitanie": {"incidence_cas": 54, "incidence_hosp": 1.8771250831600235, "incidence_dc": 0.5242421403419885, "population": 5913298, "taux_positivite": 1.0, "incidence_rea": 0.5749752506976649, "incidence_evol": -19.4}, "Normandie": {"incidence_cas": 31, "incidence_hosp": 1.1383328327587672, "incidence_dc": 0.35025625623346685, "population": 3426063, "taux_positivite": 0.8, "incidence_rea": 0.2626921921751001, "incidence_evol": -3.12}, "Nouvelle-Aquitaine": {"incidence_cas": 40, "incidence_hosp": 1.4823438029629088, "incidence_dc": 0.395291680790109, "population": 6071466, "taux_positivite": 1.0, "incidence_rea": 0.46117362758846053, "incidence_evol": -16.67}, "Centre": {"incidence_cas": 39, "incidence_hosp": 1.586496946748852, "incidence_dc": 0.302189894618829, "population": 2647342, "taux_positivite": 1.1, "incidence_rea": 0.7177009997197189, "incidence_evol": -25.0}, "Bourgogne-Franche-Comt\u00e9": {"incidence_cas": 38, "incidence_hosp": 2.375420389162713, "incidence_dc": 0.3786902069679687, "population": 2904749, "taux_positivite": 1.0, "incidence_rea": 0.20655829470980108, "incidence_evol": -17.39}, "Bretagne": {"incidence_cas": 37, "incidence_hosp": 1.090574898031247, "incidence_dc": 0.1473749862204388, "population": 3392706, "taux_positivite": 1.0, "incidence_rea": 0.20632498070861433, "incidence_evol": -28.85}, "Corse": {"incidence_cas": 54, "incidence_hosp": 4.207704306585358, "incidence_dc": 0.30055030761323986, "population": 332723, "taux_positivite": 0.8, "incidence_rea": 1.2022012304529595, "incidence_evol": -31.65}, "Pays de la Loire": {"incidence_cas": 41, "incidence_hosp": 1.439576523700141, "incidence_dc": 0.157044711676379, "population": 3820568, "taux_positivite": 1.2, "incidence_rea": 0.314089423352758, "incidence_evol": -4.65}, "Ile-de-France": {"incidence_cas": 72, "incidence_hosp": 2.8702908217912477, "incidence_dc": 0.4579381368099996, "population": 12228726, "taux_positivite": 1.2, "incidence_rea": 0.7605044057737494, "incidence_evol": -17.24}, "Guadeloupe": {"incidence_cas": 116, "incidence_hosp": 14.584394203815673, "incidence_dc": 4.202283075675703, "population": 404542, "taux_positivite": 3.2, "incidence_rea": 2.2247380988871366, "incidence_evol": -32.16}, "Martinique": {"incidence_cas": 161, "incidence_hosp": 30.75928917609047, "incidence_dc": 6.462035541195476, "population": 386875, "taux_positivite": 4.5, "incidence_rea": 9.046849757673668, "incidence_evol": -27.15}, "Guyane": {"incidence_cas": 537, "incidence_hosp": 51.070771130531554, "incidence_dc": 4.954627049976942, "population": 262381, "taux_positivite": 14.9, "incidence_rea": 9.528128942263349, "incidence_evol": 8.05}, "La R\u00e9union": {"incidence_cas": 48, "incidence_hosp": 1.5100546407463853, "incidence_dc": 0.23231609857636695, "population": 860896, "taux_positivite": 1.2, "incidence_rea": 0.23231609857636695, "incidence_evol": -29.41}, "Mayotte": {"incidence_cas": 31, "incidence_hosp": 1.4794431376030062, "incidence_dc": 0.7397215688015031, "population": 270372, "taux_positivite": 1.6, "incidence_rea": 0.36986078440075154, "incidence_evol": -22.5}}, "donnees_france": {"incidence_cas": 57.200332056941974, "incidence_hosp": 2.6566343333557576, "incidence_dc": 0.4931833787665484, "population": "67114995", "incidence_rea": 0.680920858297017}, "date_donnees": "26/09", "date_update": "29/09"}