{"liste_regions": ["Auvergne-Rh\u00f4ne-Alpes", "Hauts-de-France", "Provence-Alpes-C\u00f4te d'Azur", "Grand Est", "Occitanie", "Normandie", "Nouvelle-Aquitaine", "Centre", "Bourgogne-Franche-Comt\u00e9", "Bretagne", "Corse", "Pays de la Loire", "Ile-de-France", "Guadeloupe", "Martinique", "Guyane", "La R\u00e9union", "Mayotte"], "donnees_regions": {"Auvergne-Rh\u00f4ne-Alpes": {"incidence_cas": 38, "incidence_hosp": 1.7101882731398697, "incidence_dc": 0.2354607042728806, "population": 8069287, "taux_positivite": 0.9, "incidence_rea": 0.3841727280241736, "incidence_evol": -11.63}, "Hauts-de-France": {"incidence_cas": 31, "incidence_hosp": 1.1282199028128483, "incidence_dc": 0.22891418317941853, "population": 6115829, "taux_positivite": 0.8, "incidence_rea": 0.35972228785337196, "incidence_evol": 6.9}, "Provence-Alpes-C\u00f4te d'Azur": {"incidence_cas": 70, "incidence_hosp": 2.985659210964912, "incidence_dc": 0.5499898546514311, "population": 5091003, "taux_positivite": 1.0, "incidence_rea": 0.5892748442693905, "incidence_evol": -5.41}, "Grand Est": {"incidence_cas": 34, "incidence_hosp": 1.267464606050876, "incidence_dc": 0.2288477760925193, "population": 5680632, "taux_positivite": 0.7, "incidence_rea": 0.4400918771009987, "incidence_evol": 0.0}, "Occitanie": {"incidence_cas": 36, "incidence_hosp": 1.5896374578111911, "incidence_dc": 0.30439866213405786, "population": 5913298, "taux_positivite": 0.8, "incidence_rea": 0.4396869564158613, "incidence_evol": 0.0}, "Normandie": {"incidence_cas": 25, "incidence_hosp": 1.2258968968171338, "incidence_dc": 0.17512812811673342, "population": 3426063, "taux_positivite": 0.7, "incidence_rea": 0.1459401067639445, "incidence_evol": 0.0}, "Nouvelle-Aquitaine": {"incidence_cas": 32, "incidence_hosp": 1.0376406620740362, "incidence_dc": 0.16470486699587877, "population": 6071466, "taux_positivite": 0.9, "incidence_rea": 0.32940973399175755, "incidence_evol": 14.29}, "Centre": {"incidence_cas": 28, "incidence_hosp": 1.2843070521300233, "incidence_dc": 0.07554747365470725, "population": 2647342, "taux_positivite": 0.9, "incidence_rea": 0.1888686841367681, "incidence_evol": 0.0}, "Bourgogne-Franche-Comt\u00e9": {"incidence_cas": 30, "incidence_hosp": 1.9967301821947436, "incidence_dc": 0.2409846771614346, "population": 2904749, "taux_positivite": 0.9, "incidence_rea": 0.4475429718712357, "incidence_evol": -6.25}, "Bretagne": {"incidence_cas": 31, "incidence_hosp": 1.4737498622043879, "incidence_dc": 0.17684998346452654, "population": 3392706, "taux_positivite": 1.0, "incidence_rea": 0.2947499724408776, "incidence_evol": 19.23}, "Corse": {"incidence_cas": 55, "incidence_hosp": 1.803301845679439, "incidence_dc": 0.0, "population": 332723, "taux_positivite": 0.9, "incidence_rea": 0.6011006152264797, "incidence_evol": 14.58}, "Pays de la Loire": {"incidence_cas": 42, "incidence_hosp": 1.9630588959547375, "incidence_dc": 0.18321883028910885, "population": 3820568, "taux_positivite": 1.3, "incidence_rea": 0.5234823722545967, "incidence_evol": 10.53}, "Ile-de-France": {"incidence_cas": 66, "incidence_hosp": 2.191561083304998, "incidence_dc": 0.34345360260749974, "population": 12228726, "taux_positivite": 1.1, "incidence_rea": 0.5969550711987496, "incidence_evol": 4.76}, "Guadeloupe": {"incidence_cas": 56, "incidence_hosp": 10.382111128139972, "incidence_dc": 1.9775449767885658, "population": 404542, "taux_positivite": 1.5, "incidence_rea": 1.4831587325914244, "incidence_evol": -22.22}, "Martinique": {"incidence_cas": 142, "incidence_hosp": 17.835218093699517, "incidence_dc": 3.618739903069467, "population": 386875, "taux_positivite": 3.0, "incidence_rea": 3.101777059773829, "incidence_evol": -8.97}, "Guyane": {"incidence_cas": 324, "incidence_hosp": 35.06351450752913, "incidence_dc": 3.430126419214806, "population": 262381, "taux_positivite": 10.3, "incidence_rea": 4.954627049976942, "incidence_evol": -28.79}, "La R\u00e9union": {"incidence_cas": 28, "incidence_hosp": 1.6262126900345688, "incidence_dc": 0.23231609857636695, "population": 860896, "taux_positivite": 0.7, "incidence_rea": 0.11615804928818348, "incidence_evol": -6.67}, "Mayotte": {"incidence_cas": 18, "incidence_hosp": 0.36986078440075154, "incidence_dc": 0.7397215688015031, "population": 270372, "taux_positivite": 0.9, "incidence_rea": 0.0, "incidence_evol": -45.45}}, "donnees_france": {"incidence_cas": 44.93481672761802, "incidence_hosp": 1.9950832150102968, "incidence_dc": 0.3084258592286269, "population": "67114995", "incidence_rea": 0.4678537188298979}, "date_donnees": "12/10", "date_update": "15/10"}