{"liste_regions": ["Auvergne-Rh\u00f4ne-Alpes", "Hauts-de-France", "Provence-Alpes-C\u00f4te d'Azur", "Grand Est", "Occitanie", "Normandie", "Nouvelle-Aquitaine", "Centre", "Bourgogne-Franche-Comt\u00e9", "Bretagne", "Corse", "Pays de la Loire", "Ile-de-France", "Guadeloupe", "Martinique", "Guyane", "La R\u00e9union", "Mayotte"], "donnees_regions": {"Auvergne-Rh\u00f4ne-Alpes": {"incidence_cas": 955, "incidence_hosp": 9.505176851436811, "incidence_dc": 0.3841727280241736, "population": 8069287, "taux_positivite": 30.8, "incidence_rea": 0.8922721425077582, "incidence_evol": 73.32}, "Hauts-de-France": {"incidence_cas": 919, "incidence_hosp": 8.927653143997322, "incidence_dc": 0.4741793794430812, "population": 6115829, "taux_positivite": 27.4, "incidence_rea": 0.9320077458019183, "incidence_evol": 62.94}, "Provence-Alpes-C\u00f4te d'Azur": {"incidence_cas": 1102, "incidence_hosp": 14.024741293611493, "incidence_dc": 0.6089173390783702, "population": 5091003, "taux_positivite": 25.3, "incidence_rea": 1.0803372144938828, "incidence_evol": 65.22}, "Grand Est": {"incidence_cas": 789, "incidence_hosp": 6.812622257523459, "incidence_dc": 0.29926247642867904, "population": 5680632, "taux_positivite": 25.8, "incidence_rea": 0.38728085184887884, "incidence_evol": 64.72}, "Occitanie": {"incidence_cas": 1178, "incidence_hosp": 10.07897792399436, "incidence_dc": 0.5580642139124393, "population": 5913298, "taux_positivite": 31.1, "incidence_rea": 1.1161284278248786, "incidence_evol": 61.81}, "Normandie": {"incidence_cas": 860, "incidence_hosp": 10.303371537534481, "incidence_dc": 0.5253843843502002, "population": 3426063, "taux_positivite": 31.8, "incidence_rea": 0.3794442775862557, "incidence_evol": 54.95}, "Nouvelle-Aquitaine": {"incidence_cas": 1085, "incidence_hosp": 10.541111487736242, "incidence_dc": 0.3788211940905212, "population": 6071466, "taux_positivite": 35.0, "incidence_rea": 0.5270555743868119, "incidence_evol": 72.22}, "Centre": {"incidence_cas": 950, "incidence_hosp": 8.00803220739897, "incidence_dc": 0.45328484192824353, "population": 2647342, "taux_positivite": 33.5, "incidence_rea": 0.6421535260650116, "incidence_evol": 54.47}, "Bourgogne-Franche-Comt\u00e9": {"incidence_cas": 884, "incidence_hosp": 11.532838121297226, "incidence_dc": 0.5163957367745028, "population": 2904749, "taux_positivite": 31.4, "incidence_rea": 0.9639387086457384, "incidence_evol": 69.67}, "Bretagne": {"incidence_cas": 1178, "incidence_hosp": 11.731048903146927, "incidence_dc": 0.3536999669290531, "population": 3392706, "taux_positivite": 38.9, "incidence_rea": 0.9431999118108083, "incidence_evol": 59.84}, "Corse": {"incidence_cas": 1085, "incidence_hosp": 18.03301845679439, "incidence_dc": 0.9016509228397195, "population": 332723, "taux_positivite": 27.8, "incidence_rea": 1.5027515380661993, "incidence_evol": 69.27}, "Pays de la Loire": {"incidence_cas": 1176, "incidence_hosp": 11.33339335931202, "incidence_dc": 0.3926117791909476, "population": 3820568, "taux_positivite": 38.6, "incidence_rea": 1.0469647445091934, "incidence_evol": 76.58}, "Ile-de-France": {"incidence_cas": 1249, "incidence_hosp": 11.481163287164991, "incidence_dc": 0.5151804039112496, "population": 12228726, "taux_positivite": 24.5, "incidence_rea": 1.3165721433287492, "incidence_evol": 36.95}, "Guadeloupe": {"incidence_cas": 1000, "incidence_hosp": 9.887724883942829, "incidence_dc": 0.49438624419714144, "population": 404542, "taux_positivite": 22.3, "incidence_rea": 1.7303518546899952, "incidence_evol": 42.65}, "Martinique": {"incidence_cas": 1163, "incidence_hosp": 22.746365105008078, "incidence_dc": 1.8093699515347335, "population": 386875, "taux_positivite": 26.4, "incidence_rea": 2.5848142164781907, "incidence_evol": -25.26}, "Guyane": {"incidence_cas": 485, "incidence_hosp": 21.343008830669902, "incidence_dc": 0.381125157690534, "population": 262381, "taux_positivite": 22.2, "incidence_rea": 1.143375473071602, "incidence_evol": 4.75}, "La R\u00e9union": {"incidence_cas": 309, "incidence_hosp": 9.292643943054678, "incidence_dc": 0.5807902464409174, "population": 860896, "taux_positivite": 16.0, "incidence_rea": 0.9292643943054678, "incidence_evol": 50.0}, "Mayotte": {"incidence_cas": 47, "incidence_hosp": 0.0, "incidence_dc": 0.0, "population": 270372, "taux_positivite": 4.0, "incidence_rea": 0.0, "incidence_evol": 80.77}}, "donnees_france": {"incidence_cas": 1098.814057871866, "incidence_hosp": 10.59226779350874, "incidence_dc": 0.4723236588187185, "population": "67114995", "incidence_rea": 0.9357074376597958}, "date_donnees": "01/07", "date_update": "04/07"}