{"liste_regions": ["Auvergne-Rh\u00f4ne-Alpes", "Hauts-de-France", "Provence-Alpes-C\u00f4te d'Azur", "Grand Est", "Occitanie", "Normandie", "Nouvelle-Aquitaine", "Centre", "Bourgogne-Franche-Comt\u00e9", "Bretagne", "Corse", "Pays de la Loire", "Ile-de-France", "Guadeloupe", "Martinique", "Guyane", "La R\u00e9union", "Mayotte"], "donnees_regions": {"Auvergne-Rh\u00f4ne-Alpes": {"incidence_cas": 49, "incidence_hosp": 1.7721516163695752, "incidence_dc": 0.33460205344040933, "population": 8069287, "taux_positivite": 1.7, "incidence_rea": 0.4461360712538791, "incidence_evol": 16.67}, "Hauts-de-France": {"incidence_cas": 45, "incidence_hosp": 2.2564398056256967, "incidence_dc": 0.26161620934790686, "population": 6115829, "taux_positivite": 1.6, "incidence_rea": 0.4741793794430812, "incidence_evol": 32.35}, "Provence-Alpes-C\u00f4te d'Azur": {"incidence_cas": 72, "incidence_hosp": 3.2606541382906276, "incidence_dc": 0.4124923909885733, "population": 5091003, "taux_positivite": 1.6, "incidence_rea": 0.7660572975502076, "incidence_evol": 0.0}, "Grand Est": {"incidence_cas": 41, "incidence_hosp": 1.4258976818072355, "incidence_dc": 0.2464514511765592, "population": 5680632, "taux_positivite": 1.2, "incidence_rea": 0.29926247642867904, "incidence_evol": 13.89}, "Occitanie": {"incidence_cas": 47, "incidence_hosp": 1.55581538424074, "incidence_dc": 0.23675451499315608, "population": 5913298, "taux_positivite": 1.5, "incidence_rea": 0.49042006677153765, "incidence_evol": 23.68}, "Normandie": {"incidence_cas": 34, "incidence_hosp": 1.8388453452257005, "incidence_dc": 0.291880213527889, "population": 3426063, "taux_positivite": 1.2, "incidence_rea": 0.4378203202918335, "incidence_evol": 13.33}, "Nouvelle-Aquitaine": {"incidence_cas": 51, "incidence_hosp": 1.9435174305513694, "incidence_dc": 0.13176389359670299, "population": 6071466, "taux_positivite": 1.8, "incidence_rea": 0.49411460098763627, "incidence_evol": 30.77}, "Centre": {"incidence_cas": 46, "incidence_hosp": 1.9642343150223887, "incidence_dc": 0.302189894618829, "population": 2647342, "taux_positivite": 2.1, "incidence_rea": 0.45328484192824353, "incidence_evol": 39.39}, "Bourgogne-Franche-Comt\u00e9": {"incidence_cas": 32, "incidence_hosp": 2.272141241807812, "incidence_dc": 0.17213191225816757, "population": 2904749, "taux_positivite": 1.2, "incidence_rea": 0.5852485016777698, "incidence_evol": -3.03}, "Bretagne": {"incidence_cas": 43, "incidence_hosp": 1.8569248263775289, "incidence_dc": 0.11789998897635104, "population": 3392706, "taux_positivite": 1.8, "incidence_rea": 0.2947499724408776, "incidence_evol": 26.47}, "Corse": {"incidence_cas": 52, "incidence_hosp": 1.803301845679439, "incidence_dc": 0.0, "population": 332723, "taux_positivite": 1.1, "incidence_rea": 0.30055030761323986, "incidence_evol": -5.45}, "Pays de la Loire": {"incidence_cas": 72, "incidence_hosp": 3.010023640463931, "incidence_dc": 0.18321883028910885, "population": 3820568, "taux_positivite": 2.7, "incidence_rea": 0.8113976769946248, "incidence_evol": 53.19}, "Ile-de-France": {"incidence_cas": 71, "incidence_hosp": 2.8130485546899977, "incidence_dc": 0.31892120242124977, "population": 12228726, "taux_positivite": 1.7, "incidence_rea": 0.8422790730612495, "incidence_evol": 0.0}, "Guadeloupe": {"incidence_cas": 47, "incidence_hosp": 2.7191243430842778, "incidence_dc": 1.2359656104928536, "population": 404542, "taux_positivite": 1.2, "incidence_rea": 1.4831587325914244, "incidence_evol": -7.84}, "Martinique": {"incidence_cas": 137, "incidence_hosp": 11.373182552504039, "incidence_dc": 1.5508885298869144, "population": 386875, "taux_positivite": 2.2, "incidence_rea": 4.135702746365105, "incidence_evol": 9.6}, "Guyane": {"incidence_cas": 225, "incidence_hosp": 20.96188367297937, "incidence_dc": 1.90562578845267, "population": 262381, "taux_positivite": 9.4, "incidence_rea": 5.3357522076674755, "incidence_evol": -16.97}, "La R\u00e9union": {"incidence_cas": 32, "incidence_hosp": 1.2777385421700183, "incidence_dc": 0.23231609857636695, "population": 860896, "taux_positivite": 1.2, "incidence_rea": 0.4646321971527339, "incidence_evol": 10.34}, "Mayotte": {"incidence_cas": 18, "incidence_hosp": 1.1095823532022546, "incidence_dc": 0.7397215688015031, "population": 270372, "taux_positivite": 1.6, "incidence_rea": 0.36986078440075154, "incidence_evol": -5.26}}, "donnees_france": {"incidence_cas": 54.82083400289309, "incidence_hosp": 2.3407585741457626, "incidence_dc": 0.28756613928079705, "population": "67114995", "incidence_rea": 0.6108917984721596}, "date_donnees": "23/10", "date_update": "26/10"}