{"liste_regions": ["Auvergne-Rh\u00f4ne-Alpes", "Hauts-de-France", "Provence-Alpes-C\u00f4te d'Azur", "Grand Est", "Occitanie", "Normandie", "Nouvelle-Aquitaine", "Centre", "Bourgogne-Franche-Comt\u00e9", "Bretagne", "Corse", "Pays de la Loire", "Ile-de-France", "Guadeloupe", "Martinique", "Guyane", "La R\u00e9union", "Mayotte"], "donnees_regions": {"Auvergne-Rh\u00f4ne-Alpes": {"incidence_cas": 275, "incidence_hosp": 7.733025235067237, "incidence_dc": 0.57006275771329, "population": 8069287, "taux_positivite": 6.2, "incidence_rea": 1.4003715569913426, "incidence_evol": 93.66}, "Hauts-de-France": {"incidence_cas": 230, "incidence_hosp": 5.624748500979998, "incidence_dc": 0.7194445757067439, "population": 6115829, "taux_positivite": 5.0, "incidence_rea": 1.4879421906662205, "incidence_evol": 82.54}, "Provence-Alpes-C\u00f4te d'Azur": {"incidence_cas": 302, "incidence_hosp": 10.155169816242497, "incidence_dc": 0.4124923909885733, "population": 5091003, "taux_positivite": 5.3, "incidence_rea": 1.4535446158644967, "incidence_evol": 74.57}, "Grand Est": {"incidence_cas": 244, "incidence_hosp": 6.143682604329941, "incidence_dc": 0.5809212777733181, "population": 5680632, "taux_positivite": 4.8, "incidence_rea": 1.3378793063870358, "incidence_evol": 80.74}, "Occitanie": {"incidence_cas": 234, "incidence_hosp": 8.286408024760464, "incidence_dc": 0.6087973242681157, "population": 5913298, "taux_positivite": 5.2, "incidence_rea": 1.8094809360191215, "incidence_evol": 84.25}, "Normandie": {"incidence_cas": 141, "incidence_hosp": 4.086322989390446, "incidence_dc": 0.8464526192308781, "population": 3426063, "taux_positivite": 3.6, "incidence_rea": 0.6421364697613557, "incidence_evol": 74.07}, "Nouvelle-Aquitaine": {"incidence_cas": 227, "incidence_hosp": 4.545854329086254, "incidence_dc": 0.7576423881810423, "population": 6071466, "taux_positivite": 5.4, "incidence_rea": 0.9882292019752725, "incidence_evol": 69.4}, "Centre": {"incidence_cas": 180, "incidence_hosp": 5.023906998038032, "incidence_dc": 0.7177009997197189, "population": 2647342, "taux_positivite": 5.3, "incidence_rea": 0.9821171575111943, "incidence_evol": 68.22}, "Bourgogne-Franche-Comt\u00e9": {"incidence_cas": 219, "incidence_hosp": 7.64265690426264, "incidence_dc": 0.6885276490326703, "population": 2904749, "taux_positivite": 5.5, "incidence_rea": 0.929512326194105, "incidence_evol": 112.62}, "Bretagne": {"incidence_cas": 162, "incidence_hosp": 3.7727996472432332, "incidence_dc": 0.3536999669290531, "population": 3392706, "taux_positivite": 4.3, "incidence_rea": 0.854774920078545, "incidence_evol": 47.27}, "Corse": {"incidence_cas": 337, "incidence_hosp": 8.715958920783955, "incidence_dc": 0.0, "population": 332723, "taux_positivite": 5.0, "incidence_rea": 2.404402460905919, "incidence_evol": 48.46}, "Pays de la Loire": {"incidence_cas": 213, "incidence_hosp": 6.1770919926042405, "incidence_dc": 0.8113976769946248, "population": 3820568, "taux_positivite": 5.1, "incidence_rea": 1.256357693411032, "incidence_evol": 35.67}, "Ile-de-France": {"incidence_cas": 228, "incidence_hosp": 5.838711244327495, "incidence_dc": 0.6214874713849996, "population": 12228726, "taux_positivite": 4.5, "incidence_rea": 1.463766544446249, "incidence_evol": 80.95}, "Guadeloupe": {"incidence_cas": 42, "incidence_hosp": 1.2359656104928536, "incidence_dc": 0.0, "population": 404542, "taux_positivite": 1.8, "incidence_rea": 0.7415793662957122, "incidence_evol": -26.32}, "Martinique": {"incidence_cas": 162, "incidence_hosp": 14.733441033925688, "incidence_dc": 1.8093699515347335, "population": 386875, "taux_positivite": 2.4, "incidence_rea": 5.169628432956381, "incidence_evol": 21.8}, "Guyane": {"incidence_cas": 75, "incidence_hosp": 11.814879888406555, "incidence_dc": 1.90562578845267, "population": 262381, "taux_positivite": 3.5, "incidence_rea": 1.143375473071602, "incidence_evol": -2.6}, "La R\u00e9union": {"incidence_cas": 232, "incidence_hosp": 5.110954168680073, "incidence_dc": 0.4646321971527339, "population": 860896, "taux_positivite": 4.7, "incidence_rea": 1.5100546407463853, "incidence_evol": 19.59}, "Mayotte": {"incidence_cas": 26, "incidence_hosp": 1.4794431376030062, "incidence_dc": 0.36986078440075154, "population": 270372, "taux_positivite": 2.0, "incidence_rea": 0.0, "incidence_evol": -18.75}}, "donnees_france": {"incidence_cas": 231.30002468151864, "incidence_hosp": 6.470983123816071, "incidence_dc": 0.6406913983976308, "population": "67114995", "incidence_rea": 1.3394920166499305}, "date_donnees": "23/11", "date_update": "26/11"}