{"liste_regions": ["Auvergne-Rh\u00f4ne-Alpes", "Hauts-de-France", "Provence-Alpes-C\u00f4te d'Azur", "Grand Est", "Occitanie", "Normandie", "Nouvelle-Aquitaine", "Centre", "Bourgogne-Franche-Comt\u00e9", "Bretagne", "Corse", "Pays de la Loire", "Ile-de-France", "Guadeloupe", "Martinique", "Guyane", "La R\u00e9union", "Mayotte"], "donnees_regions": {"Auvergne-Rh\u00f4ne-Alpes": {"incidence_cas": 1178, "incidence_hosp": 12.070459261146617, "incidence_dc": 0.6568114382348775, "population": 8069287, "taux_positivite": 32.4, "incidence_rea": 0.9294501484455814, "incidence_evol": 18.15}, "Hauts-de-France": {"incidence_cas": 1228, "incidence_hosp": 13.57134085992267, "incidence_dc": 0.6540405233697673, "population": 6115829, "taux_positivite": 30.8, "incidence_rea": 1.09551787664436, "incidence_evol": 28.86}, "Provence-Alpes-C\u00f4te d'Azur": {"incidence_cas": 1293, "incidence_hosp": 19.799634767451522, "incidence_dc": 0.9035547612130655, "population": 5091003, "taux_positivite": 26.5, "incidence_rea": 1.3749746366285778, "incidence_evol": 13.02}, "Grand Est": {"incidence_cas": 1029, "incidence_hosp": 11.688840255802525, "incidence_dc": 0.4929029023531184, "population": 5680632, "taux_positivite": 28.1, "incidence_rea": 0.8977874292860373, "incidence_evol": 25.03}, "Occitanie": {"incidence_cas": 1462, "incidence_hosp": 13.613384612106477, "incidence_dc": 0.9470180599726243, "population": 5913298, "taux_positivite": 33.3, "incidence_rea": 1.8263919728043472, "incidence_evol": 19.35}, "Normandie": {"incidence_cas": 1112, "incidence_hosp": 15.44046329562533, "incidence_dc": 0.7005125124669337, "population": 3426063, "taux_positivite": 36.0, "incidence_rea": 0.7297005338197226, "incidence_evol": 24.25}, "Nouvelle-Aquitaine": {"incidence_cas": 1494, "incidence_hosp": 15.28461165721755, "incidence_dc": 0.790583361580218, "population": 6071466, "taux_positivite": 39.3, "incidence_rea": 1.0541111487736239, "incidence_evol": 30.37}, "Centre": {"incidence_cas": 1282, "incidence_hosp": 15.147268467768804, "incidence_dc": 0.7177009997197189, "population": 2647342, "taux_positivite": 37.3, "incidence_rea": 1.3976282626120842, "incidence_evol": 28.2}, "Bourgogne-Franche-Comt\u00e9": {"incidence_cas": 1126, "incidence_hosp": 15.078755513815478, "incidence_dc": 0.6885276490326703, "population": 2904749, "taux_positivite": 34.1, "incidence_rea": 1.204923385807173, "incidence_evol": 21.34}, "Bretagne": {"incidence_cas": 1525, "incidence_hosp": 18.5397732665312, "incidence_dc": 0.7368749311021939, "population": 3392706, "taux_positivite": 42.9, "incidence_rea": 1.2379498842516858, "incidence_evol": 23.58}, "Corse": {"incidence_cas": 1321, "incidence_hosp": 17.13136753395467, "incidence_dc": 1.2022012304529595, "population": 332723, "taux_positivite": 29.5, "incidence_rea": 1.803301845679439, "incidence_evol": 15.17}, "Pays de la Loire": {"incidence_cas": 1536, "incidence_hosp": 12.328009866595751, "incidence_dc": 0.628178846705516, "population": 3820568, "taux_positivite": 42.2, "incidence_rea": 1.099312981734653, "incidence_evol": 23.47}, "Ile-de-France": {"incidence_cas": 1351, "incidence_hosp": 16.12596438909499, "incidence_dc": 0.6869072052149995, "population": 12228726, "taux_positivite": 25.1, "incidence_rea": 1.8562849474262486, "incidence_evol": 4.89}, "Guadeloupe": {"incidence_cas": 1046, "incidence_hosp": 18.292291035294234, "incidence_dc": 1.4831587325914244, "population": 404542, "taux_positivite": 20.9, "incidence_rea": 2.2247380988871366, "incidence_evol": 0.58}, "Martinique": {"incidence_cas": 779, "incidence_hosp": 9.563812600969305, "incidence_dc": 1.0339256865912763, "population": 386875, "taux_positivite": 19.7, "incidence_rea": 2.0678513731825525, "incidence_evol": -32.5}, "Guyane": {"incidence_cas": 429, "incidence_hosp": 26.678761038337377, "incidence_dc": 0.0, "population": 262381, "taux_positivite": 19.6, "incidence_rea": 1.524500630762136, "incidence_evol": -13.33}, "La R\u00e9union": {"incidence_cas": 414, "incidence_hosp": 8.01490540088466, "incidence_dc": 0.8131063450172844, "population": 860896, "taux_positivite": 18.5, "incidence_rea": 0.5807902464409174, "incidence_evol": 26.61}, "Mayotte": {"incidence_cas": 78, "incidence_hosp": 0.0, "incidence_dc": 0.0, "population": 270372, "taux_positivite": 4.8, "incidence_rea": 0.0, "incidence_evol": 52.94}}, "donnees_france": {"incidence_cas": 1359.4696684399664, "incidence_hosp": 14.834240842899563, "incidence_dc": 0.7271102381814972, "population": "67114995", "incidence_rea": 1.303732496739365}, "date_donnees": "09/07", "date_update": "12/07"}