{"liste_regions": ["Auvergne-Rh\u00f4ne-Alpes", "Hauts-de-France", "Provence-Alpes-C\u00f4te d'Azur", "Grand Est", "Occitanie", "Normandie", "Nouvelle-Aquitaine", "Centre", "Bourgogne-Franche-Comt\u00e9", "Bretagne", "Corse", "Pays de la Loire", "Ile-de-France", "Guadeloupe", "Martinique", "Guyane", "La R\u00e9union", "Mayotte"], "donnees_regions": {"Auvergne-Rh\u00f4ne-Alpes": {"incidence_cas": 52, "incidence_hosp": 1.9456489774127503, "incidence_dc": 0.37178005937823255, "population": 8069287, "taux_positivite": 1.1, "incidence_rea": 0.5576700890673488, "incidence_evol": -13.33}, "Hauts-de-France": {"incidence_cas": 33, "incidence_hosp": 1.8313134654353482, "incidence_dc": 0.35972228785337196, "population": 6115829, "taux_positivite": 0.7, "incidence_rea": 0.5232324186958137, "incidence_evol": -26.67}, "Provence-Alpes-C\u00f4te d'Azur": {"incidence_cas": 96, "incidence_hosp": 4.9499086918628805, "incidence_dc": 1.178549688538781, "population": 5091003, "taux_positivite": 1.2, "incidence_rea": 1.0214097300669436, "incidence_evol": -24.41}, "Grand Est": {"incidence_cas": 44, "incidence_hosp": 1.4787087070593554, "incidence_dc": 0.36967717676483886, "population": 5680632, "taux_positivite": 0.8, "incidence_rea": 0.2816588013446391, "incidence_evol": -25.42}, "Occitanie": {"incidence_cas": 52, "incidence_hosp": 1.8771250831600235, "incidence_dc": 0.47350902998631217, "population": 5913298, "taux_positivite": 1.0, "incidence_rea": 0.5242421403419885, "incidence_evol": -13.33}, "Normandie": {"incidence_cas": 27, "incidence_hosp": 1.2550849181699226, "incidence_dc": 0.3794442775862557, "population": 3426063, "taux_positivite": 0.7, "incidence_rea": 0.2335041708223112, "incidence_evol": -12.9}, "Nouvelle-Aquitaine": {"incidence_cas": 38, "incidence_hosp": 1.2682274758682663, "incidence_dc": 0.3623507073909332, "population": 6071466, "taux_positivite": 1.0, "incidence_rea": 0.395291680790109, "incidence_evol": -13.64}, "Centre": {"incidence_cas": 36, "incidence_hosp": 1.2465333153026696, "incidence_dc": 0.302189894618829, "population": 2647342, "taux_positivite": 1.1, "incidence_rea": 0.45328484192824353, "incidence_evol": -23.4}, "Bourgogne-Franche-Comt\u00e9": {"incidence_cas": 38, "incidence_hosp": 2.3065676242594453, "incidence_dc": 0.30983744206470165, "population": 2904749, "taux_positivite": 1.0, "incidence_rea": 0.3786902069679687, "incidence_evol": -7.32}, "Bretagne": {"incidence_cas": 33, "incidence_hosp": 0.9726749090548961, "incidence_dc": 0.11789998897635104, "population": 3392706, "taux_positivite": 0.9, "incidence_rea": 0.17684998346452654, "incidence_evol": -26.67}, "Corse": {"incidence_cas": 51, "incidence_hosp": 3.606603691358878, "incidence_dc": 0.30055030761323986, "population": 332723, "taux_positivite": 0.8, "incidence_rea": 0.6011006152264797, "incidence_evol": -22.73}, "Pays de la Loire": {"incidence_cas": 41, "incidence_hosp": 1.3872282864746812, "incidence_dc": 0.13087059306364918, "population": 3820568, "taux_positivite": 1.2, "incidence_rea": 0.3926117791909476, "incidence_evol": -2.38}, "Ile-de-France": {"incidence_cas": 68, "incidence_hosp": 2.4859498855399984, "incidence_dc": 0.37616346952249974, "population": 12228726, "taux_positivite": 1.1, "incidence_rea": 0.6623748050287495, "incidence_evol": -16.05}, "Guadeloupe": {"incidence_cas": 104, "incidence_hosp": 11.370883616534254, "incidence_dc": 4.449476197774273, "population": 404542, "taux_positivite": 2.8, "incidence_rea": 2.7191243430842778, "incidence_evol": -30.2}, "Martinique": {"incidence_cas": 131, "incidence_hosp": 30.75928917609047, "incidence_dc": 4.911147011308563, "population": 386875, "taux_positivite": 3.5, "incidence_rea": 11.890145395799676, "incidence_evol": -34.5}, "Guyane": {"incidence_cas": 543, "incidence_hosp": 45.353893765173545, "incidence_dc": 5.71687736535801, "population": 262381, "taux_positivite": 14.0, "incidence_rea": 9.909254099953884, "incidence_evol": 8.17}, "La R\u00e9union": {"incidence_cas": 41, "incidence_hosp": 1.3938965914582016, "incidence_dc": 0.11615804928818348, "population": 860896, "taux_positivite": 1.0, "incidence_rea": 0.23231609857636695, "incidence_evol": -32.79}, "Mayotte": {"incidence_cas": 30, "incidence_hosp": 1.4794431376030062, "incidence_dc": 0.0, "population": 270372, "taux_positivite": 1.5, "incidence_rea": 0.0, "incidence_evol": -21.05}}, "donnees_france": {"incidence_cas": 54.05200432481593, "incidence_hosp": 2.4405872338960917, "incidence_dc": 0.47977355880008626, "population": "67114995", "incidence_rea": 0.6257915984348953}, "date_donnees": "28/09", "date_update": "01/10"}