{"liste_regions": ["Auvergne-Rh\u00f4ne-Alpes", "Hauts-de-France", "Provence-Alpes-C\u00f4te d'Azur", "Grand Est", "Occitanie", "Normandie", "Nouvelle-Aquitaine", "Centre", "Bourgogne-Franche-Comt\u00e9", "Bretagne", "Corse", "Pays de la Loire", "Ile-de-France", "Guadeloupe", "Martinique", "Guyane", "La R\u00e9union", "Mayotte"], "donnees_regions": {"Auvergne-Rh\u00f4ne-Alpes": {"incidence_cas": 806, "incidence_hosp": 17.994154873906457, "incidence_dc": 1.313622876469755, "population": 8069287, "taux_positivite": 31.1, "incidence_rea": 1.896078302828986, "incidence_evol": -37.76}, "Hauts-de-France": {"incidence_cas": 723, "incidence_hosp": 18.329485667437726, "incidence_dc": 1.651452321508662, "population": 6115829, "taux_positivite": 29.8, "incidence_rea": 1.99482359627779, "incidence_evol": -36.63}, "Provence-Alpes-C\u00f4te d'Azur": {"incidence_cas": 782, "incidence_hosp": 19.465712355698866, "incidence_dc": 2.1017469445608263, "population": 5091003, "taux_positivite": 25.0, "incidence_rea": 1.4731871106734764, "incidence_evol": -33.5}, "Grand Est": {"incidence_cas": 740, "incidence_hosp": 19.27602421702374, "incidence_dc": 1.6547454578997547, "population": 5680632, "taux_positivite": 29.8, "incidence_rea": 1.7075564831518748, "incidence_evol": -33.57}, "Occitanie": {"incidence_cas": 848, "incidence_hosp": 14.188359862804141, "incidence_dc": 1.4036160531737112, "population": 5913298, "taux_positivite": 27.2, "incidence_rea": 1.6911036785225437, "incidence_evol": -33.49}, "Normandie": {"incidence_cas": 824, "incidence_hosp": 23.875801466581322, "incidence_dc": 1.9264094092840673, "population": 3426063, "taux_positivite": 35.7, "incidence_rea": 1.4010250249338674, "incidence_evol": -37.48}, "Nouvelle-Aquitaine": {"incidence_cas": 647, "incidence_hosp": 12.830509138978956, "incidence_dc": 1.4164618561645572, "population": 6071466, "taux_positivite": 29.9, "incidence_rea": 1.0376406620740362, "incidence_evol": -38.03}, "Centre": {"incidence_cas": 748, "incidence_hosp": 18.320262361266508, "incidence_dc": 1.2843070521300233, "population": 2647342, "taux_positivite": 35.9, "incidence_rea": 1.7753656308856205, "incidence_evol": -38.94}, "Bourgogne-Franche-Comt\u00e9": {"incidence_cas": 836, "incidence_hosp": 23.375513684659154, "incidence_dc": 2.100009329549644, "population": 2904749, "taux_positivite": 34.0, "incidence_rea": 1.6180399752267751, "incidence_evol": -38.93}, "Bretagne": {"incidence_cas": 830, "incidence_hosp": 18.215548296846237, "incidence_dc": 1.5326998566925636, "population": 3392706, "taux_positivite": 39.2, "incidence_rea": 1.6505998456689146, "incidence_evol": -36.2}, "Corse": {"incidence_cas": 1160, "incidence_hosp": 28.552279223257784, "incidence_dc": 2.7049527685191586, "population": 332723, "taux_positivite": 27.8, "incidence_rea": 4.508254614198598, "incidence_evol": -26.68}, "Pays de la Loire": {"incidence_cas": 735, "incidence_hosp": 14.893073490643276, "incidence_dc": 1.2040094561855725, "population": 3820568, "taux_positivite": 36.8, "incidence_rea": 1.910710658729278, "incidence_evol": -36.91}, "Ile-de-France": {"incidence_cas": 666, "incidence_hosp": 12.437926894428742, "incidence_dc": 0.9649410739924993, "population": 12228726, "taux_positivite": 18.1, "incidence_rea": 1.463766544446249, "incidence_evol": -38.73}, "Guadeloupe": {"incidence_cas": 613, "incidence_hosp": 9.887724883942829, "incidence_dc": 0.49438624419714144, "population": 404542, "taux_positivite": 16.8, "incidence_rea": 1.9775449767885658, "incidence_evol": -4.22}, "Martinique": {"incidence_cas": 526, "incidence_hosp": 3.618739903069467, "incidence_dc": 1.2924071082390953, "population": 386875, "taux_positivite": 15.4, "incidence_rea": 0.25848142164781907, "incidence_evol": 10.27}, "Guyane": {"incidence_cas": 128, "incidence_hosp": 5.3357522076674755, "incidence_dc": 0.381125157690534, "population": 262381, "taux_positivite": 9.2, "incidence_rea": 0.381125157690534, "incidence_evol": -22.42}, "La R\u00e9union": {"incidence_cas": 1662, "incidence_hosp": 15.449020555328403, "incidence_dc": 1.2777385421700183, "population": 860896, "taux_positivite": 39.9, "incidence_rea": 1.6262126900345688, "incidence_evol": -9.48}, "Mayotte": {"incidence_cas": 18, "incidence_hosp": 0.0, "incidence_dc": 0.0, "population": 270372, "taux_positivite": 2.4, "incidence_rea": 0.0, "incidence_evol": -25.0}}, "donnees_france": {"incidence_cas": 784.7963037172244, "incidence_hosp": 16.78164469802911, "incidence_dc": 1.463160356340636, "population": "67114995", "incidence_rea": 1.6374880159046425}, "date_donnees": "23/04", "date_update": "26/04"}