{"liste_regions": ["Auvergne-Rh\u00f4ne-Alpes", "Hauts-de-France", "Provence-Alpes-C\u00f4te d'Azur", "Grand Est", "Occitanie", "Normandie", "Nouvelle-Aquitaine", "Centre", "Bourgogne-Franche-Comt\u00e9", "Bretagne", "Corse", "Pays de la Loire", "Ile-de-France", "Guadeloupe", "Martinique", "Guyane", "La R\u00e9union", "Mayotte"], "donnees_regions": {"Auvergne-Rh\u00f4ne-Alpes": {"incidence_cas": 575, "incidence_hosp": 8.018056613923882, "incidence_dc": 0.4585287398998201, "population": 8069287, "taux_positivite": 27.2, "incidence_rea": 0.7063821128186419, "incidence_evol": 48.2}, "Hauts-de-France": {"incidence_cas": 599, "incidence_hosp": 8.829547065491857, "incidence_dc": 0.45782836635883706, "population": 6115829, "taux_positivite": 24.0, "incidence_rea": 0.8011996411279649, "incidence_evol": 54.78}, "Provence-Alpes-C\u00f4te d'Azur": {"incidence_cas": 710, "incidence_hosp": 11.746211895769852, "incidence_dc": 0.5303473598424514, "population": 5091003, "taux_positivite": 22.6, "incidence_rea": 0.7856997923591874, "incidence_evol": 72.75}, "Grand Est": {"incidence_cas": 502, "incidence_hosp": 5.210687824875824, "incidence_dc": 0.3520735016807989, "population": 5680632, "taux_positivite": 22.0, "incidence_rea": 0.5105065774371584, "incidence_evol": 45.93}, "Occitanie": {"incidence_cas": 764, "incidence_hosp": 8.066564546552534, "incidence_dc": 0.35513177248973415, "population": 5913298, "taux_positivite": 28.5, "incidence_rea": 0.7609966553351446, "incidence_evol": 63.6}, "Normandie": {"incidence_cas": 587, "incidence_hosp": 8.552090256367148, "incidence_dc": 0.291880213527889, "population": 3426063, "taux_positivite": 28.9, "incidence_rea": 0.5253843843502002, "incidence_evol": 50.9}, "Nouvelle-Aquitaine": {"incidence_cas": 658, "incidence_hosp": 8.515241623686931, "incidence_dc": 0.3129392472921696, "population": 6071466, "taux_positivite": 30.7, "incidence_rea": 0.5764670344855757, "incidence_evol": 57.04}, "Centre": {"incidence_cas": 638, "incidence_hosp": 5.930476681894519, "incidence_dc": 0.5288323155829507, "population": 2647342, "taux_positivite": 30.4, "incidence_rea": 0.604379789237658, "incidence_evol": 53.73}, "Bourgogne-Franche-Comt\u00e9": {"incidence_cas": 541, "incidence_hosp": 9.60496070400575, "incidence_dc": 0.4819693543228692, "population": 2904749, "taux_positivite": 26.8, "incidence_rea": 0.4475429718712357, "incidence_evol": 46.22}, "Bretagne": {"incidence_cas": 769, "incidence_hosp": 8.842499173226328, "incidence_dc": 0.32422496968496534, "population": 3392706, "taux_positivite": 35.6, "incidence_rea": 0.6779249366140184, "incidence_evol": 60.21}, "Corse": {"incidence_cas": 681, "incidence_hosp": 14.726965073048751, "incidence_dc": 0.0, "population": 332723, "taux_positivite": 24.1, "incidence_rea": 0.9016509228397195, "incidence_evol": 69.83}, "Pays de la Loire": {"incidence_cas": 702, "incidence_hosp": 7.354927330177083, "incidence_dc": 0.3926117791909476, "population": 3820568, "taux_positivite": 34.0, "incidence_rea": 0.7328753211564354, "incidence_evol": 60.64}, "Ile-de-France": {"incidence_cas": 953, "incidence_hosp": 10.737013814848742, "incidence_dc": 0.42522826989499973, "population": 12228726, "taux_positivite": 24.3, "incidence_rea": 1.226620009312499, "incidence_evol": 50.08}, "Guadeloupe": {"incidence_cas": 716, "incidence_hosp": 6.67421429666141, "incidence_dc": 0.7415793662957122, "population": 404542, "taux_positivite": 19.4, "incidence_rea": 0.49438624419714144, "incidence_evol": 16.8}, "Martinique": {"incidence_cas": 1489, "incidence_hosp": 17.576736672051698, "incidence_dc": 2.8432956381260097, "population": 386875, "taux_positivite": 29.3, "incidence_rea": 2.8432956381260097, "incidence_evol": -25.06}, "Guyane": {"incidence_cas": 472, "incidence_hosp": 16.388381780692963, "incidence_dc": 0.381125157690534, "population": 262381, "taux_positivite": 21.2, "incidence_rea": 1.143375473071602, "incidence_evol": 11.06}, "La R\u00e9union": {"incidence_cas": 213, "incidence_hosp": 4.646321971527339, "incidence_dc": 0.23231609857636695, "population": 860896, "taux_positivite": 13.3, "incidence_rea": 0.4646321971527339, "incidence_evol": 23.12}, "Mayotte": {"incidence_cas": 28, "incidence_hosp": 0.0, "incidence_dc": 0.0, "population": 270372, "taux_positivite": 3.0, "incidence_rea": 0.0, "incidence_evol": 40.0}}, "donnees_france": {"incidence_cas": 731.7574857898745, "incidence_hosp": 8.828131477920843, "incidence_dc": 0.42464429893796457, "population": "67114995", "incidence_rea": 0.7837294780398926}, "date_donnees": "25/06", "date_update": "28/06"}