{"liste_regions": ["Auvergne-Rh\u00f4ne-Alpes", "Hauts-de-France", "Provence-Alpes-C\u00f4te d'Azur", "Grand Est", "Occitanie", "Normandie", "Nouvelle-Aquitaine", "Centre", "Bourgogne-Franche-Comt\u00e9", "Bretagne", "Corse", "Pays de la Loire", "Ile-de-France", "Guadeloupe", "Martinique", "Guyane", "La R\u00e9union", "Mayotte"], "donnees_regions": {"Auvergne-Rh\u00f4ne-Alpes": {"incidence_cas": 50, "incidence_hosp": 2.081968332518102, "incidence_dc": 0.33460205344040933, "population": 8069287, "taux_positivite": 1.8, "incidence_rea": 0.3841727280241736, "incidence_evol": 11.11}, "Hauts-de-France": {"incidence_cas": 49, "incidence_hosp": 2.076578661699011, "incidence_dc": 0.22891418317941853, "population": 6115829, "taux_positivite": 1.9, "incidence_rea": 0.5886364710327905, "incidence_evol": 25.64}, "Provence-Alpes-C\u00f4te d'Azur": {"incidence_cas": 76, "incidence_hosp": 3.2802966330996073, "incidence_dc": 0.4714198754155124, "population": 5091003, "taux_positivite": 1.7, "incidence_rea": 0.7660572975502076, "incidence_evol": 10.14}, "Grand Est": {"incidence_cas": 46, "incidence_hosp": 1.848385883824194, "incidence_dc": 0.17603675084039944, "population": 5680632, "taux_positivite": 1.5, "incidence_rea": 0.6161286279413981, "incidence_evol": 24.32}, "Occitanie": {"incidence_cas": 49, "incidence_hosp": 1.8263919728043472, "incidence_dc": 0.20293244142270522, "population": 5913298, "taux_positivite": 1.6, "incidence_rea": 0.5749752506976649, "incidence_evol": 19.51}, "Normandie": {"incidence_cas": 34, "incidence_hosp": 2.305853686870323, "incidence_dc": 0.17512812811673342, "population": 3426063, "taux_positivite": 1.5, "incidence_rea": 0.4670083416446224, "incidence_evol": 3.03}, "Nouvelle-Aquitaine": {"incidence_cas": 51, "incidence_hosp": 1.976458403950545, "incidence_dc": 0.13176389359670299, "population": 6071466, "taux_positivite": 2.0, "incidence_rea": 0.395291680790109, "incidence_evol": 8.51}, "Centre": {"incidence_cas": 50, "incidence_hosp": 2.0397817886770957, "incidence_dc": 0.11332121048206088, "population": 2647342, "taux_positivite": 2.3, "incidence_rea": 0.3777373682735362, "incidence_evol": 21.95}, "Bourgogne-Franche-Comt\u00e9": {"incidence_cas": 36, "incidence_hosp": 2.5475523014208803, "incidence_dc": 0.2409846771614346, "population": 2904749, "taux_positivite": 1.4, "incidence_rea": 0.5852485016777698, "incidence_evol": 16.13}, "Bretagne": {"incidence_cas": 47, "incidence_hosp": 1.7979748318893534, "incidence_dc": 0.05894999448817552, "population": 3392706, "taux_positivite": 2.1, "incidence_rea": 0.32422496968496534, "incidence_evol": 30.56}, "Corse": {"incidence_cas": 74, "incidence_hosp": 3.0055030761323986, "incidence_dc": 0.30055030761323986, "population": 332723, "taux_positivite": 1.5, "incidence_rea": 1.803301845679439, "incidence_evol": 54.17}, "Pays de la Loire": {"incidence_cas": 76, "incidence_hosp": 3.821421317458556, "incidence_dc": 0.314089423352758, "population": 3820568, "taux_positivite": 3.1, "incidence_rea": 0.7328753211564354, "incidence_evol": 24.59}, "Ile-de-France": {"incidence_cas": 69, "incidence_hosp": 2.5922569530137483, "incidence_dc": 0.34345360260749974, "population": 12228726, "taux_positivite": 1.8, "incidence_rea": 0.8586340065187493, "incidence_evol": -2.82}, "Guadeloupe": {"incidence_cas": 52, "incidence_hosp": 3.2135105872814194, "incidence_dc": 1.2359656104928536, "population": 404542, "taux_positivite": 1.3, "incidence_rea": 0.7415793662957122, "incidence_evol": 1.96}, "Martinique": {"incidence_cas": 117, "incidence_hosp": 12.407108239095315, "incidence_dc": 3.101777059773829, "population": 386875, "taux_positivite": 1.9, "incidence_rea": 6.203554119547658, "incidence_evol": -9.3}, "Guyane": {"incidence_cas": 205, "incidence_hosp": 19.818508199907768, "incidence_dc": 3.81125157690534, "population": 262381, "taux_positivite": 9.6, "incidence_rea": 5.3357522076674755, "incidence_evol": -15.98}, "La R\u00e9union": {"incidence_cas": 50, "incidence_hosp": 0.6969482957291008, "incidence_dc": 0.23231609857636695, "population": 860896, "taux_positivite": 1.9, "incidence_rea": 0.3484741478645504, "incidence_evol": 78.57}, "Mayotte": {"incidence_cas": 23, "incidence_hosp": 2.2191647064045092, "incidence_dc": 1.1095823532022546, "population": 270372, "taux_positivite": 2.0, "incidence_rea": 0.36986078440075154, "incidence_evol": 43.75}}, "donnees_france": {"incidence_cas": 56.921705797638815, "incidence_hosp": 2.4748567738103833, "incidence_dc": 0.29799599925471204, "population": "67114995", "incidence_rea": 0.6511212583715458}, "date_donnees": "27/10", "date_update": "30/10"}