{"liste_regions": ["Auvergne-Rh\u00f4ne-Alpes", "Hauts-de-France", "Provence-Alpes-C\u00f4te d'Azur", "Grand Est", "Occitanie", "Normandie", "Nouvelle-Aquitaine", "Centre", "Bourgogne-Franche-Comt\u00e9", "Bretagne", "Corse", "Pays de la Loire", "Ile-de-France", "Guadeloupe", "Martinique", "Guyane", "La R\u00e9union", "Mayotte"], "donnees_regions": {"Auvergne-Rh\u00f4ne-Alpes": {"incidence_cas": 372, "incidence_hosp": 8.538548697053407, "incidence_dc": 1.1153401781346977, "population": 8069287, "taux_positivite": 17.0, "incidence_rea": 1.0781621721968744, "incidence_evol": -10.79}, "Hauts-de-France": {"incidence_cas": 640, "incidence_hosp": 10.268436216905345, "incidence_dc": 1.177272942065581, "population": 6115829, "taux_positivite": 21.1, "incidence_rea": 1.357134085992267, "incidence_evol": 17.43}, "Provence-Alpes-C\u00f4te d'Azur": {"incidence_cas": 604, "incidence_hosp": 14.142596262465371, "incidence_dc": 1.9838919757069482, "population": 5091003, "taux_positivite": 17.1, "incidence_rea": 1.2767621625836796, "incidence_evol": 5.96}, "Grand Est": {"incidence_cas": 826, "incidence_hosp": 13.977318016727716, "incidence_dc": 1.4611050319753156, "population": 5680632, "taux_positivite": 23.4, "incidence_rea": 1.249860930966836, "incidence_evol": 12.08}, "Occitanie": {"incidence_cas": 556, "incidence_hosp": 11.617882271449874, "incidence_dc": 1.4205270899589366, "population": 5913298, "taux_positivite": 21.3, "incidence_rea": 1.200683611751006, "incidence_evol": -11.18}, "Normandie": {"incidence_cas": 664, "incidence_hosp": 11.120636135412571, "incidence_dc": 0.904828661936456, "population": 3426063, "taux_positivite": 22.9, "incidence_rea": 0.8172645978780892, "incidence_evol": 18.36}, "Nouvelle-Aquitaine": {"incidence_cas": 683, "incidence_hosp": 9.816410072954374, "incidence_dc": 1.169404555670739, "population": 6071466, "taux_positivite": 27.9, "incidence_rea": 0.7576423881810423, "incidence_evol": -8.45}, "Centre": {"incidence_cas": 570, "incidence_hosp": 9.556755417320467, "incidence_dc": 1.2465333153026696, "population": 2647342, "taux_positivite": 24.2, "incidence_rea": 0.8687959470291334, "incidence_evol": 16.33}, "Bourgogne-Franche-Comt\u00e9": {"incidence_cas": 431, "incidence_hosp": 12.6344823597495, "incidence_dc": 1.4803344454202412, "population": 2904749, "taux_positivite": 20.8, "incidence_rea": 0.8606595612908378, "incidence_evol": -10.21}, "Bretagne": {"incidence_cas": 846, "incidence_hosp": 11.347873938973787, "incidence_dc": 1.2968998787398613, "population": 3392706, "taux_positivite": 30.7, "incidence_rea": 0.8842499173226328, "incidence_evol": 17.83}, "Corse": {"incidence_cas": 498, "incidence_hosp": 11.120361381689873, "incidence_dc": 2.7049527685191586, "population": 332723, "taux_positivite": 14.6, "incidence_rea": 0.9016509228397195, "incidence_evol": -4.96}, "Pays de la Loire": {"incidence_cas": 556, "incidence_hosp": 7.695190872142572, "incidence_dc": 0.8899200328328144, "population": 3820568, "taux_positivite": 24.3, "incidence_rea": 0.9160941514455442, "incidence_evol": 9.45}, "Ile-de-France": {"incidence_cas": 334, "incidence_hosp": 5.822356310869996, "incidence_dc": 1.0712481414662491, "population": 12228726, "taux_positivite": 11.8, "incidence_rea": 1.022183341093749, "incidence_evol": 7.4}, "Guadeloupe": {"incidence_cas": 842, "incidence_hosp": 11.618076738632825, "incidence_dc": 1.7303518546899952, "population": 404542, "taux_positivite": 14.4, "incidence_rea": 2.2247380988871366, "incidence_evol": 105.37}, "Martinique": {"incidence_cas": 3378, "incidence_hosp": 9.305331179321486, "incidence_dc": 2.3263327948303716, "population": 386875, "taux_positivite": 27.0, "incidence_rea": 1.0339256865912763, "incidence_evol": 352.21}, "Guyane": {"incidence_cas": 82, "incidence_hosp": 5.3357522076674755, "incidence_dc": 0.381125157690534, "population": 262381, "taux_positivite": 4.6, "incidence_rea": 0.0, "incidence_evol": 74.47}, "La R\u00e9union": {"incidence_cas": 987, "incidence_hosp": 13.00970152027655, "incidence_dc": 1.6262126900345688, "population": 860896, "taux_positivite": 29.6, "incidence_rea": 1.8585287886109356, "incidence_evol": -3.8}, "Mayotte": {"incidence_cas": 16, "incidence_hosp": 0.0, "incidence_dc": 0.0, "population": 270372, "taux_positivite": 1.4, "incidence_rea": 0.0, "incidence_evol": 23.08}}, "donnees_france": {"incidence_cas": 584.8275783973462, "incidence_hosp": 10.060344934839078, "incidence_dc": 1.276912856806441, "population": "67114995", "incidence_rea": 1.0742755773132369}, "date_donnees": "08/03", "date_update": "11/03"}