{"liste_regions": ["Auvergne-Rh\u00f4ne-Alpes", "Hauts-de-France", "Provence-Alpes-C\u00f4te d'Azur", "Grand Est", "Occitanie", "Normandie", "Nouvelle-Aquitaine", "Centre", "Bourgogne-Franche-Comt\u00e9", "Bretagne", "Corse", "Pays de la Loire", "Ile-de-France", "Guadeloupe", "Martinique", "Guyane", "La R\u00e9union", "Mayotte"], "donnees_regions": {"Auvergne-Rh\u00f4ne-Alpes": {"incidence_cas": 155, "incidence_hosp": 3.048596486901507, "incidence_dc": 0.33460205344040933, "population": 8069287, "taux_positivite": 14.6, "incidence_rea": 0.285031378856645, "incidence_evol": 5.44}, "Hauts-de-France": {"incidence_cas": 170, "incidence_hosp": 4.18585934956651, "incidence_dc": 0.5722854579485462, "population": 6115829, "taux_positivite": 13.8, "incidence_rea": 0.45782836635883706, "incidence_evol": 0.0}, "Provence-Alpes-C\u00f4te d'Azur": {"incidence_cas": 174, "incidence_hosp": 4.498131311256348, "incidence_dc": 0.4910623702244921, "population": 5091003, "taux_positivite": 11.0, "incidence_rea": 0.4517773806065328, "incidence_evol": 1.75}, "Grand Est": {"incidence_cas": 161, "incidence_hosp": 4.471333471346146, "incidence_dc": 0.36967717676483886, "population": 5680632, "taux_positivite": 13.0, "incidence_rea": 0.5985249528573581, "incidence_evol": 10.27}, "Occitanie": {"incidence_cas": 179, "incidence_hosp": 3.872627423816625, "incidence_dc": 0.35513177248973415, "population": 5913298, "taux_positivite": 14.6, "incidence_rea": 0.5242421403419885, "incidence_evol": 4.68}, "Normandie": {"incidence_cas": 166, "incidence_hosp": 5.487348014324313, "incidence_dc": 0.4961963629974113, "population": 3426063, "taux_positivite": 16.6, "incidence_rea": 0.3794442775862557, "incidence_evol": -8.29}, "Nouvelle-Aquitaine": {"incidence_cas": 170, "incidence_hosp": 4.249385568493672, "incidence_dc": 0.3788211940905212, "population": 6071466, "taux_positivite": 16.4, "incidence_rea": 0.49411460098763627, "incidence_evol": 10.39}, "Centre": {"incidence_cas": 174, "incidence_hosp": 3.43741005128918, "incidence_dc": 0.302189894618829, "population": 2647342, "taux_positivite": 17.5, "incidence_rea": 0.49105857875559716, "incidence_evol": 2.35}, "Bourgogne-Franche-Comt\u00e9": {"incidence_cas": 148, "incidence_hosp": 5.577073957164629, "incidence_dc": 0.30983744206470165, "population": 2904749, "taux_positivite": 14.6, "incidence_rea": 0.7573804139359374, "incidence_evol": 2.78}, "Bretagne": {"incidence_cas": 211, "incidence_hosp": 5.217074512203533, "incidence_dc": 0.47159995590540416, "population": 3392706, "taux_positivite": 21.2, "incidence_rea": 0.5600249476376674, "incidence_evol": -2.31}, "Corse": {"incidence_cas": 162, "incidence_hosp": 2.7049527685191586, "incidence_dc": 0.30055030761323986, "population": 332723, "taux_positivite": 12.3, "incidence_rea": 0.30055030761323986, "incidence_evol": -6.36}, "Pays de la Loire": {"incidence_cas": 193, "incidence_hosp": 4.004640147747665, "incidence_dc": 0.23556706751456852, "population": 3820568, "taux_positivite": 20.3, "incidence_rea": 0.3664376605782177, "incidence_evol": 1.58}, "Ile-de-France": {"incidence_cas": 247, "incidence_hosp": 3.7861670954112476, "incidence_dc": 0.33527613587874977, "population": 12228726, "taux_positivite": 14.0, "incidence_rea": 0.48247053699624964, "incidence_evol": 27.32}, "Guadeloupe": {"incidence_cas": 466, "incidence_hosp": 4.202283075675703, "incidence_dc": 0.49438624419714144, "population": 404542, "taux_positivite": 15.7, "incidence_rea": 0.7415793662957122, "incidence_evol": -7.72}, "Martinique": {"incidence_cas": 1851, "incidence_hosp": 7.237479806138934, "incidence_dc": 2.5848142164781907, "population": 386875, "taux_positivite": 32.6, "incidence_rea": 1.8093699515347335, "incidence_evol": 11.24}, "Guyane": {"incidence_cas": 234, "incidence_hosp": 10.671504415334951, "incidence_dc": 0.762250315381068, "population": 262381, "taux_positivite": 15.9, "incidence_rea": 0.0, "incidence_evol": -2.09}, "La R\u00e9union": {"incidence_cas": 180, "incidence_hosp": 6.040218562985541, "incidence_dc": 0.6969482957291008, "population": 860896, "taux_positivite": 14.4, "incidence_rea": 0.4646321971527339, "incidence_evol": -32.33}, "Mayotte": {"incidence_cas": 27, "incidence_hosp": 0.0, "incidence_dc": 0.0, "population": 270372, "taux_positivite": 3.3, "incidence_rea": 0.0, "incidence_evol": -3.57}}, "donnees_france": {"incidence_cas": 205.90778558502464, "incidence_hosp": 4.231543189416911, "incidence_dc": 0.40676453898268183, "population": "67114995", "incidence_rea": 0.48275351879263345}, "date_donnees": "06/06", "date_update": "09/06"}