{"liste_regions": ["Auvergne-Rh\u00f4ne-Alpes", "Hauts-de-France", "Provence-Alpes-C\u00f4te d'Azur", "Grand Est", "Occitanie", "Normandie", "Nouvelle-Aquitaine", "Centre", "Bourgogne-Franche-Comt\u00e9", "Bretagne", "Corse", "Pays de la Loire", "Ile-de-France", "Guadeloupe", "Martinique", "Guyane", "La R\u00e9union", "Mayotte"], "donnees_regions": {"Auvergne-Rh\u00f4ne-Alpes": {"incidence_cas": 376, "incidence_hosp": 9.14578946070452, "incidence_dc": 1.3631935510535194, "population": 8069287, "taux_positivite": 17.1, "incidence_rea": 0.9666281543834047, "incidence_evol": -17.54}, "Hauts-de-France": {"incidence_cas": 571, "incidence_hosp": 9.336428471103428, "incidence_dc": 1.177272942065581, "population": 6115829, "taux_positivite": 19.7, "incidence_rea": 1.4715911775819763, "incidence_evol": -2.73}, "Provence-Alpes-C\u00f4te d'Azur": {"incidence_cas": 575, "incidence_hosp": 13.278326490870267, "incidence_dc": 2.042819460133887, "population": 5091003, "taux_positivite": 16.3, "incidence_rea": 1.3160471522016388, "incidence_evol": -5.58}, "Grand Est": {"incidence_cas": 760, "incidence_hosp": 12.973908536937438, "incidence_dc": 1.637141782815715, "population": 5680632, "taux_positivite": 22.2, "incidence_rea": 0.7745617036977577, "incidence_evol": -2.44}, "Occitanie": {"incidence_cas": 561, "incidence_hosp": 10.180444144705712, "incidence_dc": 1.5050822738850638, "population": 5913298, "taux_positivite": 21.3, "incidence_rea": 1.200683611751006, "incidence_evol": -19.63}, "Normandie": {"incidence_cas": 608, "incidence_hosp": 11.062260092706993, "incidence_dc": 1.2550849181699226, "population": 3426063, "taux_positivite": 21.6, "incidence_rea": 0.9632047046420337, "incidence_evol": 5.37}, "Nouvelle-Aquitaine": {"incidence_cas": 677, "incidence_hosp": 9.272884011867975, "incidence_dc": 1.5152847763620847, "population": 6071466, "taux_positivite": 27.7, "incidence_rea": 0.9552882285760969, "incidence_evol": -18.43}, "Centre": {"incidence_cas": 513, "incidence_hosp": 9.518981680493113, "incidence_dc": 1.3598545257847305, "population": 2647342, "taux_positivite": 22.6, "incidence_rea": 0.9821171575111943, "incidence_evol": -3.02}, "Bourgogne-Franche-Comt\u00e9": {"incidence_cas": 429, "incidence_hosp": 14.321375099879543, "incidence_dc": 2.0311565646463774, "population": 2904749, "taux_positivite": 20.8, "incidence_rea": 0.8950859437424714, "incidence_evol": -20.26}, "Bretagne": {"incidence_cas": 779, "incidence_hosp": 11.672098908658752, "incidence_dc": 1.5326998566925636, "population": 3392706, "taux_positivite": 29.1, "incidence_rea": 0.9726749090548961, "incidence_evol": 7.45}, "Corse": {"incidence_cas": 482, "incidence_hosp": 9.016509228397195, "incidence_dc": 2.103852153292679, "population": 332723, "taux_positivite": 13.9, "incidence_rea": 1.5027515380661993, "incidence_evol": -20.85}, "Pays de la Loire": {"incidence_cas": 517, "incidence_hosp": 8.140150888558978, "incidence_dc": 1.0469647445091934, "population": 3820568, "taux_positivite": 23.3, "incidence_rea": 0.9422682700582741, "incidence_evol": -7.51}, "Ile-de-France": {"incidence_cas": 302, "incidence_hosp": 6.378424048424995, "incidence_dc": 1.1857326756687492, "population": 12228726, "taux_positivite": 10.9, "incidence_rea": 0.9404086738062493, "incidence_evol": -9.85}, "Guadeloupe": {"incidence_cas": 514, "incidence_hosp": 2.966317465182849, "incidence_dc": 2.471931220985707, "population": 404542, "taux_positivite": 10.6, "incidence_rea": 1.2359656104928536, "incidence_evol": 11.02}, "Martinique": {"incidence_cas": 1777, "incidence_hosp": 8.788368336025849, "incidence_dc": 3.101777059773829, "population": 386875, "taux_positivite": 18.3, "incidence_rea": 1.5508885298869144, "incidence_evol": 93.78}, "Guyane": {"incidence_cas": 53, "incidence_hosp": 6.860252838429612, "incidence_dc": 0.762250315381068, "population": 262381, "taux_positivite": 2.7, "incidence_rea": 0.381125157690534, "incidence_evol": -7.02}, "La R\u00e9union": {"incidence_cas": 945, "incidence_hosp": 19.39839423112664, "incidence_dc": 1.742370739322752, "population": 860896, "taux_positivite": 29.4, "incidence_rea": 2.787793182916403, "incidence_evol": -16.59}, "Mayotte": {"incidence_cas": 20, "incidence_hosp": 0.0, "incidence_dc": 0.0, "population": 270372, "taux_positivite": 1.7, "incidence_rea": 0.0, "incidence_evol": 122.22}}, "donnees_france": {"incidence_cas": 542.9159310821673, "incidence_hosp": 9.956046335099929, "incidence_dc": 1.4616703763443624, "population": "67114995", "incidence_rea": 1.0698056373244162}, "date_donnees": "05/03", "date_update": "08/03"}