{"liste_regions": ["Auvergne-Rh\u00f4ne-Alpes", "Hauts-de-France", "Provence-Alpes-C\u00f4te d'Azur", "Grand Est", "Occitanie", "Normandie", "Nouvelle-Aquitaine", "Centre", "Bourgogne-Franche-Comt\u00e9", "Bretagne", "Corse", "Pays de la Loire", "Ile-de-France", "Guadeloupe", "Martinique", "Guyane", "La R\u00e9union", "Mayotte"], "donnees_regions": {"Auvergne-Rh\u00f4ne-Alpes": {"incidence_cas": 42, "incidence_hosp": 1.9952196519965149, "incidence_dc": 0.17349736104317517, "population": 8069287, "taux_positivite": 1.1, "incidence_rea": 0.33460205344040933, "incidence_evol": 7.69}, "Hauts-de-France": {"incidence_cas": 34, "incidence_hosp": 1.5696972560874412, "incidence_dc": 0.19621215701093014, "population": 6115829, "taux_positivite": 0.9, "incidence_rea": 0.37607330093761615, "incidence_evol": 9.68}, "Provence-Alpes-C\u00f4te d'Azur": {"incidence_cas": 72, "incidence_hosp": 3.437436591571445, "incidence_dc": 0.4124923909885733, "population": 5091003, "taux_positivite": 1.1, "incidence_rea": 0.746414802741228, "incidence_evol": 5.88}, "Grand Est": {"incidence_cas": 35, "incidence_hosp": 1.285068281134916, "incidence_dc": 0.21124410100847932, "population": 5680632, "taux_positivite": 0.8, "incidence_rea": 0.33446982659675895, "incidence_evol": 9.38}, "Occitanie": {"incidence_cas": 38, "incidence_hosp": 0.9639290967578499, "incidence_dc": 0.28748762534883243, "population": 5913298, "taux_positivite": 0.9, "incidence_rea": 0.40586488284541045, "incidence_evol": 11.76}, "Normandie": {"incidence_cas": 31, "incidence_hosp": 0.904828661936456, "incidence_dc": 0.08756406405836671, "population": 3426063, "taux_positivite": 0.9, "incidence_rea": 0.1167520854111556, "incidence_evol": 29.17}, "Nouvelle-Aquitaine": {"incidence_cas": 39, "incidence_hosp": 1.5152847763620847, "incidence_dc": 0.1811753536954666, "population": 6071466, "taux_positivite": 1.2, "incidence_rea": 0.2799982738929939, "incidence_evol": 30.0}, "Centre": {"incidence_cas": 33, "incidence_hosp": 1.5487232099214985, "incidence_dc": 0.1510949473094145, "population": 2647342, "taux_positivite": 1.2, "incidence_rea": 0.22664242096412177, "incidence_evol": 17.86}, "Bourgogne-Franche-Comt\u00e9": {"incidence_cas": 33, "incidence_hosp": 2.340994006711079, "incidence_dc": 0.2409846771614346, "population": 2904749, "taux_positivite": 1.0, "incidence_rea": 0.5163957367745028, "incidence_evol": 13.79}, "Bretagne": {"incidence_cas": 34, "incidence_hosp": 2.0042998125979676, "incidence_dc": 0.26527497519678983, "population": 3392706, "taux_positivite": 1.1, "incidence_rea": 0.23579997795270208, "incidence_evol": 21.43}, "Corse": {"incidence_cas": 55, "incidence_hosp": 1.5027515380661993, "incidence_dc": 0.0, "population": 332723, "taux_positivite": 0.9, "incidence_rea": 0.9016509228397195, "incidence_evol": 3.77}, "Pays de la Loire": {"incidence_cas": 48, "incidence_hosp": 2.5650636240475237, "incidence_dc": 0.3664376605782177, "population": 3820568, "taux_positivite": 1.5, "incidence_rea": 0.6020047280927863, "incidence_evol": 26.32}, "Ile-de-France": {"incidence_cas": 71, "incidence_hosp": 2.3060456175074986, "incidence_dc": 0.33527613587874977, "population": 12228726, "taux_positivite": 1.3, "incidence_rea": 0.5969550711987496, "incidence_evol": 12.7}, "Guadeloupe": {"incidence_cas": 50, "incidence_hosp": 10.134918006041401, "incidence_dc": 1.2359656104928536, "population": 404542, "taux_positivite": 1.4, "incidence_rea": 1.9775449767885658, "incidence_evol": -26.47}, "Martinique": {"incidence_cas": 127, "incidence_hosp": 12.407108239095315, "incidence_dc": 3.618739903069467, "population": 386875, "taux_positivite": 2.3, "incidence_rea": 0.7754442649434572, "incidence_evol": -17.53}, "Guyane": {"incidence_cas": 267, "incidence_hosp": 27.441011353718448, "incidence_dc": 2.286750946143204, "population": 262381, "taux_positivite": 9.5, "incidence_rea": 2.6678761038337377, "incidence_evol": -27.64}, "La R\u00e9union": {"incidence_cas": 29, "incidence_hosp": 1.8585287886109356, "incidence_dc": 0.23231609857636695, "population": 860896, "taux_positivite": 0.8, "incidence_rea": 0.4646321971527339, "incidence_evol": 3.57}, "Mayotte": {"incidence_cas": 20, "incidence_hosp": 1.1095823532022546, "incidence_dc": 0.36986078440075154, "population": 270372, "taux_positivite": 1.3, "incidence_rea": 0.7397215688015031, "incidence_evol": 0.0}}, "donnees_france": {"incidence_cas": 48.19042301947575, "incidence_hosp": 2.12620145468237, "incidence_dc": 0.28756613928079705, "population": "67114995", "incidence_rea": 0.45295391886716224}, "date_donnees": "17/10", "date_update": "20/10"}