{"liste_regions": ["Auvergne-Rh\u00f4ne-Alpes", "Hauts-de-France", "Provence-Alpes-C\u00f4te d'Azur", "Grand Est", "Occitanie", "Normandie", "Nouvelle-Aquitaine", "Centre", "Bourgogne-Franche-Comt\u00e9", "Bretagne", "Corse", "Pays de la Loire", "Ile-de-France", "Guadeloupe", "Martinique", "Guyane", "La R\u00e9union", "Mayotte"], "donnees_regions": {"Auvergne-Rh\u00f4ne-Alpes": {"incidence_cas": 45, "incidence_hosp": 2.441355723250394, "incidence_dc": 0.3098167161485271, "population": 8069287, "taux_positivite": 1.0, "incidence_rea": 0.40895806531605583, "incidence_evol": -15.09}, "Hauts-de-France": {"incidence_cas": 30, "incidence_hosp": 1.5696972560874412, "incidence_dc": 0.27796722243215105, "population": 6115829, "taux_positivite": 0.7, "incidence_rea": 0.31066924860063944, "incidence_evol": -14.29}, "Provence-Alpes-C\u00f4te d'Azur": {"incidence_cas": 78, "incidence_hosp": 3.6731465292792014, "incidence_dc": 1.0606947196849028, "population": 5091003, "taux_positivite": 1.0, "incidence_rea": 0.8642697715951061, "incidence_evol": -20.41}, "Grand Est": {"incidence_cas": 35, "incidence_hosp": 1.5843307575635952, "incidence_dc": 0.2640551262605992, "population": 5680632, "taux_positivite": 0.7, "incidence_rea": 0.2816588013446391, "incidence_evol": -23.91}, "Occitanie": {"incidence_cas": 38, "incidence_hosp": 1.2683277588919077, "incidence_dc": 0.23675451499315608, "population": 5913298, "taux_positivite": 0.8, "incidence_rea": 0.270576588563607, "incidence_evol": -29.63}, "Normandie": {"incidence_cas": 25, "incidence_hosp": 0.8464526192308781, "incidence_dc": 0.1459401067639445, "population": 3426063, "taux_positivite": 0.6, "incidence_rea": 0.17512812811673342, "incidence_evol": -10.71}, "Nouvelle-Aquitaine": {"incidence_cas": 29, "incidence_hosp": 1.3176389359670302, "incidence_dc": 0.23058681379423027, "population": 6071466, "taux_positivite": 0.8, "incidence_rea": 0.3458802206913454, "incidence_evol": -23.68}, "Centre": {"incidence_cas": 28, "incidence_hosp": 0.9443434206838407, "incidence_dc": 0.07554747365470725, "population": 2647342, "taux_positivite": 0.9, "incidence_rea": 0.1888686841367681, "incidence_evol": -24.32}, "Bourgogne-Franche-Comt\u00e9": {"incidence_cas": 33, "incidence_hosp": 1.4803344454202412, "incidence_dc": 0.34426382451633514, "population": 2904749, "taux_positivite": 0.9, "incidence_rea": 0.2754110596130681, "incidence_evol": -15.38}, "Bretagne": {"incidence_cas": 28, "incidence_hosp": 1.2379498842516858, "incidence_dc": 0.02947499724408776, "population": 3392706, "taux_positivite": 0.8, "incidence_rea": 0.41264996141722865, "incidence_evol": -15.15}, "Corse": {"incidence_cas": 49, "incidence_hosp": 0.9016509228397195, "incidence_dc": 0.30055030761323986, "population": 332723, "taux_positivite": 0.8, "incidence_rea": 0.6011006152264797, "incidence_evol": -3.92}, "Pays de la Loire": {"incidence_cas": 38, "incidence_hosp": 1.5442729981510601, "incidence_dc": 0.13087059306364918, "population": 3820568, "taux_positivite": 1.1, "incidence_rea": 0.3926117791909476, "incidence_evol": -7.32}, "Ile-de-France": {"incidence_cas": 62, "incidence_hosp": 2.3469329511512482, "incidence_dc": 0.4170508031662497, "population": 12228726, "taux_positivite": 1.0, "incidence_rea": 0.5724226710124996, "incidence_evol": -11.43}, "Guadeloupe": {"incidence_cas": 76, "incidence_hosp": 6.921407418759981, "incidence_dc": 3.7078968314785605, "population": 404542, "taux_positivite": 2.1, "incidence_rea": 3.4607037093799904, "incidence_evol": -28.3}, "Martinique": {"incidence_cas": 145, "incidence_hosp": 14.991922455573505, "incidence_dc": 4.652665589660743, "population": 386875, "taux_positivite": 3.6, "incidence_rea": 8.27140549273021, "incidence_evol": 1.4}, "Guyane": {"incidence_cas": 468, "incidence_hosp": 32.77676356138593, "incidence_dc": 6.860252838429612, "population": 262381, "taux_positivite": 12.3, "incidence_rea": 5.71687736535801, "incidence_evol": -15.37}, "La R\u00e9union": {"incidence_cas": 32, "incidence_hosp": 1.0454224435936512, "incidence_dc": 0.23231609857636695, "population": 860896, "taux_positivite": 0.8, "incidence_rea": 0.3484741478645504, "incidence_evol": -23.81}, "Mayotte": {"incidence_cas": 36, "incidence_hosp": 2.2191647064045092, "incidence_dc": 0.36986078440075154, "population": 270372, "taux_positivite": 1.8, "incidence_rea": 0.0, "incidence_evol": 28.57}}, "donnees_france": {"incidence_cas": 46.15660032456235, "incidence_hosp": 2.085971994782984, "incidence_dc": 0.3993146390013141, "population": "67114995", "incidence_rea": 0.49616333875909546}, "date_donnees": "04/10", "date_update": "07/10"}