{"liste_regions": ["Auvergne-Rh\u00f4ne-Alpes", "Hauts-de-France", "Provence-Alpes-C\u00f4te d'Azur", "Grand Est", "Occitanie", "Normandie", "Nouvelle-Aquitaine", "Centre", "Bourgogne-Franche-Comt\u00e9", "Bretagne", "Corse", "Pays de la Loire", "Ile-de-France", "Guadeloupe", "Martinique", "Guyane", "La R\u00e9union", "Mayotte"], "donnees_regions": {"Auvergne-Rh\u00f4ne-Alpes": {"incidence_cas": 678, "incidence_hosp": 14.982736392942773, "incidence_dc": 1.6977956044939289, "population": 8069287, "taux_positivite": 7.9, "incidence_rea": 2.8255284512745678, "incidence_evol": 12.44}, "Hauts-de-France": {"incidence_cas": 446, "incidence_hosp": 9.66344873278831, "incidence_dc": 1.193623955149825, "population": 6115829, "taux_positivite": 5.8, "incidence_rea": 2.616162093479069, "incidence_evol": 6.95}, "Provence-Alpes-C\u00f4te d'Azur": {"incidence_cas": 765, "incidence_hosp": 23.649563750011538, "incidence_dc": 2.317814387459603, "population": 5091003, "taux_positivite": 7.4, "incidence_rea": 4.615986280110226, "incidence_evol": 30.1}, "Grand Est": {"incidence_cas": 482, "incidence_hosp": 13.00911588710552, "incidence_dc": 1.848385883824194, "population": 5680632, "taux_positivite": 5.7, "incidence_rea": 3.0102284393708305, "incidence_evol": 7.59}, "Occitanie": {"incidence_cas": 584, "incidence_hosp": 12.378878926785019, "incidence_dc": 1.2514167221066823, "population": 5913298, "taux_positivite": 6.7, "incidence_rea": 3.331474246689411, "incidence_evol": 18.22}, "Normandie": {"incidence_cas": 269, "incidence_hosp": 9.135850683422927, "incidence_dc": 1.1383328327587672, "population": 3426063, "taux_positivite": 4.5, "incidence_rea": 1.5177771103450228, "incidence_evol": 13.03}, "Nouvelle-Aquitaine": {"incidence_cas": 438, "incidence_hosp": 11.199930955719756, "incidence_dc": 1.0211701753744482, "population": 6071466, "taux_positivite": 6.1, "incidence_rea": 2.124692784246836, "incidence_evol": 2.58}, "Centre": {"incidence_cas": 347, "incidence_hosp": 11.89872710061639, "incidence_dc": 1.3598545257847305, "population": 2647342, "taux_positivite": 6.0, "incidence_rea": 2.0020080518497423, "incidence_evol": 11.58}, "Bourgogne-Franche-Comt\u00e9": {"incidence_cas": 556, "incidence_hosp": 16.45581081188082, "incidence_dc": 1.9967301821947436, "population": 2904749, "taux_positivite": 7.4, "incidence_rea": 2.822963361033948, "incidence_evol": 13.93}, "Bretagne": {"incidence_cas": 300, "incidence_hosp": 6.690824374407921, "incidence_dc": 0.9137249145667206, "population": 3392706, "taux_positivite": 4.9, "incidence_rea": 1.1495248925194226, "incidence_evol": 0.67}, "Corse": {"incidence_cas": 632, "incidence_hosp": 19.23521968724735, "incidence_dc": 1.5027515380661993, "population": 332723, "taux_positivite": 6.5, "incidence_rea": 2.404402460905919, "incidence_evol": 41.39}, "Pays de la Loire": {"incidence_cas": 393, "incidence_hosp": 7.93075793965714, "incidence_dc": 0.9946165072837337, "population": 3820568, "taux_positivite": 5.7, "incidence_rea": 1.8845365401165481, "incidence_evol": 6.22}, "Ile-de-France": {"incidence_cas": 505, "incidence_hosp": 11.440275953521242, "incidence_dc": 0.9894734741787492, "population": 12228726, "taux_positivite": 5.4, "incidence_rea": 2.649499220114998, "incidence_evol": 12.72}, "Guadeloupe": {"incidence_cas": 49, "incidence_hosp": 1.2359656104928536, "incidence_dc": 0.49438624419714144, "population": 404542, "taux_positivite": 1.5, "incidence_rea": 0.0, "incidence_evol": 32.43}, "Martinique": {"incidence_cas": 169, "incidence_hosp": 17.318255250403876, "incidence_dc": 5.428109854604201, "population": 386875, "taux_positivite": 2.4, "incidence_rea": 8.01292407108239, "incidence_evol": -2.87}, "Guyane": {"incidence_cas": 103, "incidence_hosp": 10.671504415334951, "incidence_dc": 1.524500630762136, "population": 262381, "taux_positivite": 3.6, "incidence_rea": 0.0, "incidence_evol": 14.44}, "La R\u00e9union": {"incidence_cas": 394, "incidence_hosp": 7.550273203731925, "incidence_dc": 0.4646321971527339, "population": 860896, "taux_positivite": 5.7, "incidence_rea": 1.6262126900345688, "incidence_evol": 26.28}, "Mayotte": {"incidence_cas": 30, "incidence_hosp": 1.1095823532022546, "incidence_dc": 0.0, "population": 270372, "taux_positivite": 1.1, "incidence_rea": 0.0, "incidence_evol": 25.0}}, "donnees_france": {"incidence_cas": 507.7941226100069, "incidence_hosp": 12.548611528615924, "incidence_dc": 1.3827014365418637, "population": "67114995", "incidence_rea": 2.67451409331104}, "date_donnees": "12/12", "date_update": "15/12"}