{"liste_regions": ["Auvergne-Rh\u00f4ne-Alpes", "Hauts-de-France", "Provence-Alpes-C\u00f4te d'Azur", "Grand Est", "Occitanie", "Normandie", "Nouvelle-Aquitaine", "Centre", "Bourgogne-Franche-Comt\u00e9", "Bretagne", "Corse", "Pays de la Loire", "Ile-de-France", "Guadeloupe", "Martinique", "Guyane", "La R\u00e9union", "Mayotte"], "donnees_regions": {"Auvergne-Rh\u00f4ne-Alpes": {"incidence_cas": 44, "incidence_hosp": 2.1563243443937488, "incidence_dc": 0.21067536698099845, "population": 8069287, "taux_positivite": 1.2, "incidence_rea": 0.4337434026079379, "incidence_evol": 15.79}, "Hauts-de-France": {"incidence_cas": 37, "incidence_hosp": 1.7495584000141273, "incidence_dc": 0.2452651962636627, "population": 6115829, "taux_positivite": 1.1, "incidence_rea": 0.4414773532745928, "incidence_evol": 15.62}, "Provence-Alpes-C\u00f4te d'Azur": {"incidence_cas": 69, "incidence_hosp": 3.614219044852262, "incidence_dc": 0.373207401370614, "population": 5091003, "taux_positivite": 1.2, "incidence_rea": 0.7856997923591874, "incidence_evol": -1.43}, "Grand Est": {"incidence_cas": 36, "incidence_hosp": 1.3730866565551156, "incidence_dc": 0.19364042592443942, "population": 5680632, "taux_positivite": 0.9, "incidence_rea": 0.316866151512719, "incidence_evol": 5.88}, "Occitanie": {"incidence_cas": 39, "incidence_hosp": 1.1330394646101043, "incidence_dc": 0.28748762534883243, "population": 5913298, "taux_positivite": 1.0, "incidence_rea": 0.3213096989192833, "incidence_evol": 8.33}, "Normandie": {"incidence_cas": 32, "incidence_hosp": 1.2842729395227115, "incidence_dc": 0.2043161494695223, "population": 3426063, "taux_positivite": 1.0, "incidence_rea": 0.2335041708223112, "incidence_evol": 28.0}, "Nouvelle-Aquitaine": {"incidence_cas": 44, "incidence_hosp": 1.8776354837530178, "incidence_dc": 0.16470486699587877, "population": 6071466, "taux_positivite": 1.4, "incidence_rea": 0.3458802206913454, "incidence_evol": 37.5}, "Centre": {"incidence_cas": 38, "incidence_hosp": 1.6242706835762057, "incidence_dc": 0.1888686841367681, "population": 2647342, "taux_positivite": 1.5, "incidence_rea": 0.5288323155829507, "incidence_evol": 35.71}, "Bourgogne-Franche-Comt\u00e9": {"incidence_cas": 31, "incidence_hosp": 1.85902465238821, "incidence_dc": 0.10327914735490054, "population": 2904749, "taux_positivite": 1.0, "incidence_rea": 0.3786902069679687, "incidence_evol": 3.33}, "Bretagne": {"incidence_cas": 34, "incidence_hosp": 2.0042998125979676, "incidence_dc": 0.26527497519678983, "population": 3392706, "taux_positivite": 1.2, "incidence_rea": 0.23579997795270208, "incidence_evol": 9.68}, "Corse": {"incidence_cas": 49, "incidence_hosp": 0.9016509228397195, "incidence_dc": 0.0, "population": 332723, "taux_positivite": 0.9, "incidence_rea": 0.30055030761323986, "incidence_evol": -10.91}, "Pays de la Loire": {"incidence_cas": 54, "incidence_hosp": 2.6435859798857133, "incidence_dc": 0.2879153047400282, "population": 3820568, "taux_positivite": 1.8, "incidence_rea": 0.7328753211564354, "incidence_evol": 28.57}, "Ile-de-France": {"incidence_cas": 70, "incidence_hosp": 2.584079486284998, "incidence_dc": 0.31892120242124977, "population": 12228726, "taux_positivite": 1.4, "incidence_rea": 0.6950846719437496, "incidence_evol": 6.06}, "Guadeloupe": {"incidence_cas": 47, "incidence_hosp": 3.9550899535771316, "incidence_dc": 1.2359656104928536, "population": 404542, "taux_positivite": 1.3, "incidence_rea": 1.4831587325914244, "incidence_evol": -17.54}, "Martinique": {"incidence_cas": 129, "incidence_hosp": 7.4959612277867524, "incidence_dc": 2.8432956381260097, "population": 386875, "taux_positivite": 2.2, "incidence_rea": 0.25848142164781907, "incidence_evol": -9.15}, "Guyane": {"incidence_cas": 238, "incidence_hosp": 25.15426040757524, "incidence_dc": 1.143375473071602, "population": 262381, "taux_positivite": 9.0, "incidence_rea": 2.286750946143204, "incidence_evol": -26.77}, "La R\u00e9union": {"incidence_cas": 29, "incidence_hosp": 1.6262126900345688, "incidence_dc": 0.3484741478645504, "population": 860896, "taux_positivite": 0.9, "incidence_rea": 0.4646321971527339, "incidence_evol": 3.57}, "Mayotte": {"incidence_cas": 14, "incidence_hosp": 1.4794431376030062, "incidence_dc": 0.36986078440075154, "population": 270372, "taux_positivite": 1.0, "incidence_rea": 0.7397215688015031, "incidence_evol": -22.22}}, "donnees_france": {"incidence_cas": 49.383896996490876, "incidence_hosp": 2.208150354477416, "incidence_dc": 0.27713627930688217, "population": "67114995", "incidence_rea": 0.497653318755369}, "date_donnees": "19/10", "date_update": "22/10"}