{"liste_regions": ["Auvergne-Rh\u00f4ne-Alpes", "Hauts-de-France", "Provence-Alpes-C\u00f4te d'Azur", "Grand Est", "Occitanie", "Normandie", "Nouvelle-Aquitaine", "Centre", "Bourgogne-Franche-Comt\u00e9", "Bretagne", "Corse", "Pays de la Loire", "Ile-de-France", "Guadeloupe", "Martinique", "Guyane", "La R\u00e9union", "Mayotte"], "donnees_regions": {"Auvergne-Rh\u00f4ne-Alpes": {"incidence_cas": 848, "incidence_hosp": 18.365934933284688, "incidence_dc": 1.5862615866804588, "population": 8069287, "taux_positivite": 31.1, "incidence_rea": 1.8465076282452217, "incidence_evol": -35.51}, "Hauts-de-France": {"incidence_cas": 755, "incidence_hosp": 18.934473151554762, "incidence_dc": 1.5696972560874412, "population": 6115829, "taux_positivite": 30.4, "incidence_rea": 1.8803665046880806, "incidence_evol": -36.07}, "Provence-Alpes-C\u00f4te d'Azur": {"incidence_cas": 825, "incidence_hosp": 20.192484663631117, "incidence_dc": 2.2588869030326637, "population": 5091003, "taux_positivite": 25.3, "incidence_rea": 1.748182037999192, "incidence_evol": -31.08}, "Grand Est": {"incidence_cas": 806, "incidence_hosp": 18.94155439042698, "incidence_dc": 1.637141782815715, "population": 5680632, "taux_positivite": 30.7, "incidence_rea": 1.7427638333199547, "incidence_evol": -27.12}, "Occitanie": {"incidence_cas": 888, "incidence_hosp": 16.031662872393714, "incidence_dc": 1.2683277588919077, "population": 5913298, "taux_positivite": 28.1, "incidence_rea": 1.860214046374798, "incidence_evol": -31.74}, "Normandie": {"incidence_cas": 863, "incidence_hosp": 22.708280612469764, "incidence_dc": 2.043161494695223, "population": 3426063, "taux_positivite": 36.3, "incidence_rea": 1.3134609608755006, "incidence_evol": -36.4}, "Nouvelle-Aquitaine": {"incidence_cas": 675, "incidence_hosp": 13.621092500559174, "incidence_dc": 1.4329323428641452, "population": 6071466, "taux_positivite": 30.0, "incidence_rea": 1.0376406620740362, "incidence_evol": -37.15}, "Centre": {"incidence_cas": 778, "incidence_hosp": 18.54690478223063, "incidence_dc": 1.2465333153026696, "population": 2647342, "taux_positivite": 36.2, "incidence_rea": 1.8886868413676814, "incidence_evol": -38.45}, "Bourgogne-Franche-Comt\u00e9": {"incidence_cas": 883, "incidence_hosp": 23.754203891627125, "incidence_dc": 2.100009329549644, "population": 2904749, "taux_positivite": 34.0, "incidence_rea": 1.6868927401300424, "incidence_evol": -36.38}, "Bretagne": {"incidence_cas": 854, "incidence_hosp": 19.777723150782887, "incidence_dc": 1.6800748429130024, "population": 3392706, "taux_positivite": 39.7, "incidence_rea": 1.9158748208657044, "incidence_evol": -36.36}, "Corse": {"incidence_cas": 1201, "incidence_hosp": 28.852829530871023, "incidence_dc": 3.3060533837456383, "population": 332723, "taux_positivite": 28.4, "incidence_rea": 3.606603691358878, "incidence_evol": -25.73}, "Pays de la Loire": {"incidence_cas": 762, "incidence_hosp": 14.212546406712299, "incidence_dc": 1.0731388631219232, "population": 3820568, "taux_positivite": 37.3, "incidence_rea": 1.8060141842783586, "incidence_evol": -37.02}, "Ile-de-France": {"incidence_cas": 705, "incidence_hosp": 12.30708742676874, "incidence_dc": 0.9404086738062493, "population": 12228726, "taux_positivite": 19.1, "incidence_rea": 1.341104543514999, "incidence_evol": -37.33}, "Guadeloupe": {"incidence_cas": 631, "incidence_hosp": 7.415793662957121, "incidence_dc": 0.49438624419714144, "population": 404542, "taux_positivite": 17.6, "incidence_rea": 0.9887724883942829, "incidence_evol": 4.3}, "Martinique": {"incidence_cas": 534, "incidence_hosp": 2.3263327948303716, "incidence_dc": 0.25848142164781907, "population": 386875, "taux_positivite": 15.8, "incidence_rea": 0.0, "incidence_evol": 17.36}, "Guyane": {"incidence_cas": 129, "incidence_hosp": 5.3357522076674755, "incidence_dc": 0.0, "population": 262381, "taux_positivite": 9.1, "incidence_rea": 0.381125157690534, "incidence_evol": -21.34}, "La R\u00e9union": {"incidence_cas": 1668, "incidence_hosp": 20.676132773296658, "incidence_dc": 1.2777385421700183, "population": 860896, "taux_positivite": 40.1, "incidence_rea": 1.8585287886109356, "incidence_evol": -8.9}, "Mayotte": {"incidence_cas": 18, "incidence_hosp": 0.7397215688015031, "incidence_dc": 0.0, "population": 270372, "taux_positivite": 2.4, "incidence_rea": 0.0, "incidence_evol": -35.71}}, "donnees_france": {"incidence_cas": 824.4476513780564, "incidence_hosp": 17.173509437049052, "incidence_dc": 1.4840200762884659, "population": "67114995", "incidence_rea": 1.638977995900916}, "date_donnees": "22/04", "date_update": "25/04"}