{"liste_regions": ["Auvergne-Rh\u00f4ne-Alpes", "Hauts-de-France", "Provence-Alpes-C\u00f4te d'Azur", "Grand Est", "Occitanie", "Normandie", "Nouvelle-Aquitaine", "Centre", "Bourgogne-Franche-Comt\u00e9", "Bretagne", "Corse", "Pays de la Loire", "Ile-de-France", "Guadeloupe", "Martinique", "Guyane", "La R\u00e9union", "Mayotte"], "donnees_regions": {"Auvergne-Rh\u00f4ne-Alpes": {"incidence_cas": 42, "incidence_hosp": 2.069575663872161, "incidence_dc": 0.14871202375129303, "population": 8069287, "taux_positivite": 1.1, "incidence_rea": 0.3841727280241736, "incidence_evol": 10.53}, "Hauts-de-France": {"incidence_cas": 34, "incidence_hosp": 1.3407830729080228, "incidence_dc": 0.22891418317941853, "population": 6115829, "taux_positivite": 0.9, "incidence_rea": 0.35972228785337196, "incidence_evol": 9.68}, "Provence-Alpes-C\u00f4te d'Azur": {"incidence_cas": 72, "incidence_hosp": 3.044586695391851, "incidence_dc": 0.43213488579755305, "population": 5091003, "taux_positivite": 1.1, "incidence_rea": 0.6482023286963295, "incidence_evol": 5.88}, "Grand Est": {"incidence_cas": 36, "incidence_hosp": 1.2322572558827962, "incidence_dc": 0.17603675084039944, "population": 5680632, "taux_positivite": 0.8, "incidence_rea": 0.3520735016807989, "incidence_evol": 12.5}, "Occitanie": {"incidence_cas": 38, "incidence_hosp": 1.0315732438987517, "incidence_dc": 0.3382207357045087, "population": 5913298, "taux_positivite": 0.9, "incidence_rea": 0.4396869564158613, "incidence_evol": 11.76}, "Normandie": {"incidence_cas": 30, "incidence_hosp": 1.0799567900531892, "incidence_dc": 0.0291880213527889, "population": 3426063, "taux_positivite": 0.9, "incidence_rea": 0.1167520854111556, "incidence_evol": 25.0}, "Nouvelle-Aquitaine": {"incidence_cas": 39, "incidence_hosp": 1.4823438029629088, "incidence_dc": 0.23058681379423027, "population": 6071466, "taux_positivite": 1.2, "incidence_rea": 0.29646876059258176, "incidence_evol": 34.48}, "Centre": {"incidence_cas": 33, "incidence_hosp": 1.6242706835762057, "incidence_dc": 0.07554747365470725, "population": 2647342, "taux_positivite": 1.2, "incidence_rea": 0.302189894618829, "incidence_evol": 17.86}, "Bourgogne-Franche-Comt\u00e9": {"incidence_cas": 33, "incidence_hosp": 2.100009329549644, "incidence_dc": 0.2409846771614346, "population": 2904749, "taux_positivite": 1.0, "incidence_rea": 0.5163957367745028, "incidence_evol": 13.79}, "Bretagne": {"incidence_cas": 34, "incidence_hosp": 1.5032248594484756, "incidence_dc": 0.26527497519678983, "population": 3392706, "taux_positivite": 1.1, "incidence_rea": 0.20632498070861433, "incidence_evol": 21.43}, "Corse": {"incidence_cas": 55, "incidence_hosp": 1.803301845679439, "incidence_dc": 0.0, "population": 332723, "taux_positivite": 0.9, "incidence_rea": 0.9016509228397195, "incidence_evol": 1.85}, "Pays de la Loire": {"incidence_cas": 47, "incidence_hosp": 2.381844793758415, "incidence_dc": 0.34026354196548786, "population": 3820568, "taux_positivite": 1.5, "incidence_rea": 0.5234823722545967, "incidence_evol": 23.68}, "Ile-de-France": {"incidence_cas": 70, "incidence_hosp": 2.355110417879998, "incidence_dc": 0.37616346952249974, "population": 12228726, "taux_positivite": 1.3, "incidence_rea": 0.6623748050287495, "incidence_evol": 9.38}, "Guadeloupe": {"incidence_cas": 51, "incidence_hosp": 10.382111128139972, "incidence_dc": 1.2359656104928536, "population": 404542, "taux_positivite": 1.4, "incidence_rea": 1.9775449767885658, "incidence_evol": -25.0}, "Martinique": {"incidence_cas": 125, "incidence_hosp": 12.924071082390952, "incidence_dc": 3.8772213247172855, "population": 386875, "taux_positivite": 2.2, "incidence_rea": 1.8093699515347335, "incidence_evol": -20.89}, "Guyane": {"incidence_cas": 264, "incidence_hosp": 28.203261669099515, "incidence_dc": 2.286750946143204, "population": 262381, "taux_positivite": 9.5, "incidence_rea": 3.81125157690534, "incidence_evol": -28.65}, "La R\u00e9union": {"incidence_cas": 29, "incidence_hosp": 1.3938965914582016, "incidence_dc": 0.23231609857636695, "population": 860896, "taux_positivite": 0.8, "incidence_rea": 0.3484741478645504, "incidence_evol": 3.57}, "Mayotte": {"incidence_cas": 19, "incidence_hosp": 1.1095823532022546, "incidence_dc": 0.36986078440075154, "population": 270372, "taux_positivite": 1.2, "incidence_rea": 0.7397215688015031, "incidence_evol": -9.52}}, "donnees_france": {"incidence_cas": 48.1650933595391, "incidence_hosp": 2.060642334846334, "incidence_dc": 0.29650601925843845, "population": "67114995", "incidence_rea": 0.4738136388149921}, "date_donnees": "16/10", "date_update": "19/10"}