{"liste_regions": ["Auvergne-Rh\u00f4ne-Alpes", "Hauts-de-France", "Provence-Alpes-C\u00f4te d'Azur", "Grand Est", "Occitanie", "Normandie", "Nouvelle-Aquitaine", "Centre", "Bourgogne-Franche-Comt\u00e9", "Bretagne", "Corse", "Pays de la Loire", "Ile-de-France", "Guadeloupe", "Martinique", "Guyane", "La R\u00e9union", "Mayotte"], "donnees_regions": {"Auvergne-Rh\u00f4ne-Alpes": {"incidence_cas": 41, "incidence_hosp": 1.8093296223073985, "incidence_dc": 0.22306803562693955, "population": 8069287, "taux_positivite": 1.0, "incidence_rea": 0.3965653966701147, "incidence_evol": 5.13}, "Hauts-de-France": {"incidence_cas": 34, "incidence_hosp": 1.1445709158970925, "incidence_dc": 0.21256317009517434, "population": 6115829, "taux_positivite": 0.8, "incidence_rea": 0.29431823551639524, "incidence_evol": 9.68}, "Provence-Alpes-C\u00f4te d'Azur": {"incidence_cas": 74, "incidence_hosp": 2.9070892317289934, "incidence_dc": 0.5107048650334718, "population": 5091003, "taux_positivite": 1.1, "incidence_rea": 0.7071298131232686, "incidence_evol": 8.82}, "Grand Est": {"incidence_cas": 36, "incidence_hosp": 1.267464606050876, "incidence_dc": 0.1584330757563595, "population": 5680632, "taux_positivite": 0.7, "incidence_rea": 0.38728085184887884, "incidence_evol": 12.5}, "Occitanie": {"incidence_cas": 38, "incidence_hosp": 1.319060869247584, "incidence_dc": 0.270576588563607, "population": 5913298, "taux_positivite": 0.8, "incidence_rea": 0.40586488284541045, "incidence_evol": 11.76}, "Normandie": {"incidence_cas": 29, "incidence_hosp": 1.1091448114059783, "incidence_dc": 0.1459401067639445, "population": 3426063, "taux_positivite": 0.8, "incidence_rea": 0.0583760427055778, "incidence_evol": 26.09}, "Nouvelle-Aquitaine": {"incidence_cas": 38, "incidence_hosp": 1.2517569891686784, "incidence_dc": 0.21411632709464237, "population": 6071466, "taux_positivite": 1.1, "incidence_rea": 0.3129392472921696, "incidence_evol": 35.71}, "Centre": {"incidence_cas": 32, "incidence_hosp": 1.586496946748852, "incidence_dc": 0.07554747365470725, "population": 2647342, "taux_positivite": 1.1, "incidence_rea": 0.302189894618829, "incidence_evol": 14.29}, "Bourgogne-Franche-Comt\u00e9": {"incidence_cas": 33, "incidence_hosp": 1.9278774172914768, "incidence_dc": 0.20655829470980108, "population": 2904749, "taux_positivite": 0.9, "incidence_rea": 0.5163957367745028, "incidence_evol": 13.79}, "Bretagne": {"incidence_cas": 33, "incidence_hosp": 1.326374875983949, "incidence_dc": 0.20632498070861433, "population": 3392706, "taux_positivite": 1.1, "incidence_rea": 0.23579997795270208, "incidence_evol": 17.86}, "Corse": {"incidence_cas": 56, "incidence_hosp": 1.2022012304529595, "incidence_dc": 0.0, "population": 332723, "taux_positivite": 0.9, "incidence_rea": 0.9016509228397195, "incidence_evol": 3.7}, "Pays de la Loire": {"incidence_cas": 47, "incidence_hosp": 2.1462777262438464, "incidence_dc": 0.2879153047400282, "population": 3820568, "taux_positivite": 1.4, "incidence_rea": 0.5496564908673265, "incidence_evol": 27.03}, "Ile-de-France": {"incidence_cas": 72, "incidence_hosp": 2.3878202847949983, "incidence_dc": 0.42522826989499973, "population": 12228726, "taux_positivite": 1.2, "incidence_rea": 0.6541973382999996, "incidence_evol": 16.13}, "Guadeloupe": {"incidence_cas": 51, "incidence_hosp": 11.123690494435683, "incidence_dc": 1.9775449767885658, "population": 404542, "taux_positivite": 1.4, "incidence_rea": 2.2247380988871366, "incidence_evol": -28.17}, "Martinique": {"incidence_cas": 126, "incidence_hosp": 16.54281098546042, "incidence_dc": 4.135702746365105, "population": 386875, "taux_positivite": 2.3, "incidence_rea": 2.8432956381260097, "incidence_evol": -19.23}, "Guyane": {"incidence_cas": 272, "incidence_hosp": 30.871137772933256, "incidence_dc": 3.049001261524272, "population": 262381, "taux_positivite": 9.6, "incidence_rea": 4.192376734595874, "incidence_evol": -28.23}, "La R\u00e9union": {"incidence_cas": 29, "incidence_hosp": 1.2777385421700183, "incidence_dc": 0.23231609857636695, "population": 860896, "taux_positivite": 0.7, "incidence_rea": 0.3484741478645504, "incidence_evol": 0.0}, "Mayotte": {"incidence_cas": 18, "incidence_hosp": 0.36986078440075154, "incidence_dc": 0.36986078440075154, "population": 270372, "taux_positivite": 1.1, "incidence_rea": 0.36986078440075154, "incidence_evol": -18.18}}, "donnees_france": {"incidence_cas": 48.35730077905839, "incidence_hosp": 2.0129629749655797, "incidence_dc": 0.31736573920626826, "population": "67114995", "incidence_rea": 0.4812635387963599}, "date_donnees": "15/10", "date_update": "18/10"}