{"liste_regions": ["Auvergne-Rh\u00f4ne-Alpes", "Hauts-de-France", "Provence-Alpes-C\u00f4te d'Azur", "Grand Est", "Occitanie", "Normandie", "Nouvelle-Aquitaine", "Centre", "Bourgogne-Franche-Comt\u00e9", "Bretagne", "Corse", "Pays de la Loire", "Ile-de-France", "Guadeloupe", "Martinique", "Guyane", "La R\u00e9union", "Mayotte"], "donnees_regions": {"Auvergne-Rh\u00f4ne-Alpes": {"incidence_cas": 662, "incidence_hosp": 9.505176851436811, "incidence_dc": 1.3012302078238138, "population": 8069287, "taux_positivite": 24.5, "incidence_rea": 1.040984166259051, "incidence_evol": 51.83}, "Hauts-de-France": {"incidence_cas": 1058, "incidence_hosp": 12.263259813183135, "incidence_dc": 0.8502526803806973, "population": 6115829, "taux_positivite": 25.8, "incidence_rea": 1.3244320598237787, "incidence_evol": 32.58}, "Provence-Alpes-C\u00f4te d'Azur": {"incidence_cas": 890, "incidence_hosp": 15.969348279700483, "incidence_dc": 1.8463945120440903, "population": 5091003, "taux_positivite": 21.4, "incidence_rea": 1.0410522248759233, "incidence_evol": 31.46}, "Grand Est": {"incidence_cas": 1294, "incidence_hosp": 15.825703900551911, "incidence_dc": 1.5843307575635952, "population": 5680632, "taux_positivite": 27.1, "incidence_rea": 1.3554829814710758, "incidence_evol": 30.58}, "Occitanie": {"incidence_cas": 818, "incidence_hosp": 9.605468894008048, "incidence_dc": 1.0315732438987517, "population": 5913298, "taux_positivite": 26.2, "incidence_rea": 0.9639290967578499, "incidence_evol": 40.55}, "Normandie": {"incidence_cas": 1105, "incidence_hosp": 14.33131848421935, "incidence_dc": 0.9632047046420337, "population": 3426063, "taux_positivite": 29.1, "incidence_rea": 0.875640640583667, "incidence_evol": 38.82}, "Nouvelle-Aquitaine": {"incidence_cas": 974, "incidence_hosp": 10.508170514337065, "incidence_dc": 1.185875042370327, "population": 6071466, "taux_positivite": 32.1, "incidence_rea": 0.8070538482798059, "incidence_evol": 25.84}, "Centre": {"incidence_cas": 932, "incidence_hosp": 9.48120794366576, "incidence_dc": 1.0198908943385478, "population": 2647342, "taux_positivite": 31.0, "incidence_rea": 0.6421535260650116, "incidence_evol": 39.31}, "Bourgogne-Franche-Comt\u00e9": {"incidence_cas": 767, "incidence_hosp": 13.908258510459941, "incidence_dc": 1.1704970033555395, "population": 2904749, "taux_positivite": 27.4, "incidence_rea": 1.136070620903906, "incidence_evol": 52.79}, "Bretagne": {"incidence_cas": 1320, "incidence_hosp": 14.943823602752492, "incidence_dc": 1.208474887007598, "population": 3392706, "taux_positivite": 37.0, "incidence_rea": 0.7368749311021939, "incidence_evol": 32.4}, "Corse": {"incidence_cas": 1189, "incidence_hosp": 12.923663227369314, "incidence_dc": 1.803301845679439, "population": 332723, "taux_positivite": 25.0, "incidence_rea": 2.404402460905919, "incidence_evol": 86.95}, "Pays de la Loire": {"incidence_cas": 902, "incidence_hosp": 9.29181210751909, "incidence_dc": 1.0731388631219232, "population": 3820568, "taux_positivite": 30.6, "incidence_rea": 0.9160941514455442, "incidence_evol": 37.71}, "Ile-de-France": {"incidence_cas": 671, "incidence_hosp": 7.040798853453745, "incidence_dc": 0.5969550711987496, "population": 12228726, "taux_positivite": 17.6, "incidence_rea": 0.8177466728749995, "incidence_evol": 64.06}, "Guadeloupe": {"incidence_cas": 962, "incidence_hosp": 12.359656104928536, "incidence_dc": 1.7303518546899952, "population": 404542, "taux_positivite": 14.5, "incidence_rea": 1.4831587325914244, "incidence_evol": -10.59}, "Martinique": {"incidence_cas": 1726, "incidence_hosp": 10.339256865912763, "incidence_dc": 1.2924071082390953, "population": 386875, "taux_positivite": 17.3, "incidence_rea": 0.5169628432956381, "incidence_evol": -48.92}, "Guyane": {"incidence_cas": 102, "incidence_hosp": 8.003628311501213, "incidence_dc": 0.0, "population": 262381, "taux_positivite": 8.1, "incidence_rea": 1.143375473071602, "incidence_evol": 4.08}, "La R\u00e9union": {"incidence_cas": 1098, "incidence_hosp": 12.42891127383563, "incidence_dc": 1.8585287886109356, "population": 860896, "taux_positivite": 34.0, "incidence_rea": 0.8131063450172844, "incidence_evol": 4.97}, "Mayotte": {"incidence_cas": 17, "incidence_hosp": 0.0, "incidence_dc": 0.0, "population": 270372, "taux_positivite": 1.6, "incidence_rea": 0.0, "incidence_evol": 13.33}}, "donnees_france": {"incidence_cas": 928.1144995987856, "incidence_hosp": 11.271698671809482, "incidence_dc": 1.127914857179085, "population": "67114995", "incidence_rea": 0.9938166575144646}, "date_donnees": "19/03", "date_update": "22/03"}