{"liste_regions": ["Auvergne-Rh\u00f4ne-Alpes", "Hauts-de-France", "Provence-Alpes-C\u00f4te d'Azur", "Grand Est", "Occitanie", "Normandie", "Nouvelle-Aquitaine", "Centre", "Bourgogne-Franche-Comt\u00e9", "Bretagne", "Corse", "Pays de la Loire", "Ile-de-France", "Guadeloupe", "Martinique", "Guyane", "La R\u00e9union", "Mayotte"], "donnees_regions": {"Auvergne-Rh\u00f4ne-Alpes": {"incidence_cas": 1197, "incidence_hosp": 14.871202375129302, "incidence_dc": 0.9542354857374636, "population": 8069287, "taux_positivite": 30.4, "incidence_rea": 1.474727568866989, "incidence_evol": 27.21}, "Hauts-de-France": {"incidence_cas": 1585, "incidence_hosp": 16.18750295340174, "incidence_dc": 1.2590280074868019, "population": 6115829, "taux_positivite": 28.9, "incidence_rea": 1.7495584000141273, "incidence_evol": 16.97}, "Provence-Alpes-C\u00f4te d'Azur": {"incidence_cas": 1338, "incidence_hosp": 18.07109522426131, "incidence_dc": 1.3553321418195983, "population": 5091003, "taux_positivite": 24.9, "incidence_rea": 1.5321145951004151, "incidence_evol": 22.19}, "Grand Est": {"incidence_cas": 1647, "incidence_hosp": 19.29362789210778, "incidence_dc": 1.672349132983795, "population": 5680632, "taux_positivite": 29.2, "incidence_rea": 1.619538107731675, "incidence_evol": 3.91}, "Occitanie": {"incidence_cas": 1363, "incidence_hosp": 11.973014043939608, "incidence_dc": 0.930107023187399, "population": 5913298, "taux_positivite": 29.7, "incidence_rea": 1.200683611751006, "incidence_evol": 22.79}, "Normandie": {"incidence_cas": 1787, "incidence_hosp": 19.760290455838085, "incidence_dc": 1.2842729395227115, "population": 3426063, "taux_positivite": 33.8, "incidence_rea": 0.6129484484085669, "incidence_evol": 18.27}, "Nouvelle-Aquitaine": {"incidence_cas": 1150, "incidence_hosp": 12.31992405129173, "incidence_dc": 1.0705816354732118, "population": 6071466, "taux_positivite": 33.2, "incidence_rea": 0.8564653083785695, "incidence_evol": 2.95}, "Centre": {"incidence_cas": 1497, "incidence_hosp": 15.185042204596158, "incidence_dc": 1.0576646311659015, "population": 2647342, "taux_positivite": 36.1, "incidence_rea": 1.3976282626120842, "incidence_evol": 19.0}, "Bourgogne-Franche-Comt\u00e9": {"incidence_cas": 1377, "incidence_hosp": 18.14270355201086, "incidence_dc": 1.4803344454202412, "population": 2904749, "taux_positivite": 33.7, "incidence_rea": 1.4459080629686076, "incidence_evol": 27.15}, "Bretagne": {"incidence_cas": 1851, "incidence_hosp": 20.691448065349604, "incidence_dc": 1.5326998566925636, "population": 3392706, "taux_positivite": 40.5, "incidence_rea": 1.1200498952753348, "incidence_evol": 8.25}, "Corse": {"incidence_cas": 1972, "incidence_hosp": 18.934669379634112, "incidence_dc": 1.2022012304529595, "population": 332723, "taux_positivite": 27.1, "incidence_rea": 1.803301845679439, "incidence_evol": 19.3}, "Pays de la Loire": {"incidence_cas": 1466, "incidence_hosp": 14.34341699977595, "incidence_dc": 0.9946165072837337, "population": 3820568, "taux_positivite": 35.6, "incidence_rea": 1.1516612189601128, "incidence_evol": 19.19}, "Ile-de-France": {"incidence_cas": 1393, "incidence_hosp": 11.971811290889992, "incidence_dc": 0.6869072052149995, "population": 12228726, "taux_positivite": 22.9, "incidence_rea": 1.422879210802499, "incidence_evol": 28.39}, "Guadeloupe": {"incidence_cas": 934, "incidence_hosp": 10.134918006041401, "incidence_dc": 1.4831587325914244, "population": 404542, "taux_positivite": 14.3, "incidence_rea": 3.2135105872814194, "incidence_evol": 2.19}, "Martinique": {"incidence_cas": 844, "incidence_hosp": 8.01292407108239, "incidence_dc": 1.2924071082390953, "population": 386875, "taux_positivite": 11.1, "incidence_rea": 0.5169628432956381, "incidence_evol": -29.25}, "Guyane": {"incidence_cas": 147, "incidence_hosp": 4.192376734595874, "incidence_dc": 0.0, "population": 262381, "taux_positivite": 10.4, "incidence_rea": 0.0, "incidence_evol": 15.75}, "La R\u00e9union": {"incidence_cas": 1527, "incidence_hosp": 12.893543470988364, "incidence_dc": 0.6969482957291008, "population": 860896, "taux_positivite": 36.0, "incidence_rea": 0.6969482957291008, "incidence_evol": 20.81}, "Mayotte": {"incidence_cas": 19, "incidence_hosp": 0.0, "incidence_dc": 0.0, "population": 270372, "taux_positivite": 2.1, "incidence_rea": 0.0, "incidence_evol": 35.71}}, "donnees_france": {"incidence_cas": 1459.837700948946, "incidence_hosp": 15.255905181844982, "incidence_dc": 1.1145050372126228, "population": "67114995", "incidence_rea": 1.343961956638751}, "date_donnees": "31/03", "date_update": "03/04"}