{"liste_regions": ["Auvergne-Rh\u00f4ne-Alpes", "Hauts-de-France", "Provence-Alpes-C\u00f4te d'Azur", "Grand Est", "Occitanie", "Normandie", "Nouvelle-Aquitaine", "Centre", "Bourgogne-Franche-Comt\u00e9", "Bretagne", "Corse", "Pays de la Loire", "Ile-de-France", "Guadeloupe", "Martinique", "Guyane", "La R\u00e9union", "Mayotte"], "donnees_regions": {"Auvergne-Rh\u00f4ne-Alpes": {"incidence_cas": 90, "incidence_hosp": 2.9866331436718014, "incidence_dc": 0.3098167161485271, "population": 8069287, "taux_positivite": 3.6, "incidence_rea": 0.731167450110524, "incidence_evol": 40.62}, "Hauts-de-France": {"incidence_cas": 90, "incidence_hosp": 2.910480328995464, "incidence_dc": 0.27796722243215105, "population": 6115829, "taux_positivite": 3.7, "incidence_rea": 0.6540405233697673, "incidence_evol": 40.62}, "Provence-Alpes-C\u00f4te d'Azur": {"incidence_cas": 112, "incidence_hosp": 4.851696217817982, "incidence_dc": 0.5303473598424514, "population": 5091003, "taux_positivite": 3.0, "incidence_rea": 1.0017672352579639, "incidence_evol": 34.94}, "Grand Est": {"incidence_cas": 86, "incidence_hosp": 3.06303946462295, "incidence_dc": 0.1232257255882796, "population": 5680632, "taux_positivite": 3.0, "incidence_rea": 0.8097690538658375, "incidence_evol": 32.31}, "Occitanie": {"incidence_cas": 81, "incidence_hosp": 2.9763424741996767, "incidence_dc": 0.270576588563607, "population": 5913298, "taux_positivite": 3.2, "incidence_rea": 0.9808401335430753, "incidence_evol": 32.79}, "Normandie": {"incidence_cas": 53, "incidence_hosp": 2.4226057722814787, "incidence_dc": 0.291880213527889, "population": 3426063, "taux_positivite": 2.6, "incidence_rea": 0.5253843843502002, "incidence_evol": 32.5}, "Nouvelle-Aquitaine": {"incidence_cas": 84, "incidence_hosp": 2.5858664118352963, "incidence_dc": 0.29646876059258176, "population": 6071466, "taux_positivite": 3.7, "incidence_rea": 0.7247014147818664, "incidence_evol": 27.27}, "Centre": {"incidence_cas": 70, "incidence_hosp": 3.0596726830156435, "incidence_dc": 0.302189894618829, "population": 2647342, "taux_positivite": 3.7, "incidence_rea": 0.7554747365470724, "incidence_evol": 14.75}, "Bourgogne-Franche-Comt\u00e9": {"incidence_cas": 67, "incidence_hosp": 3.4770646276149852, "incidence_dc": 0.2409846771614346, "population": 2904749, "taux_positivite": 3.0, "incidence_rea": 0.6885276490326703, "incidence_evol": 15.52}, "Bretagne": {"incidence_cas": 80, "incidence_hosp": 2.3579997795270207, "incidence_dc": 0.2947499724408776, "population": 3392706, "taux_positivite": 3.7, "incidence_rea": 0.47159995590540416, "incidence_evol": 26.98}, "Corse": {"incidence_cas": 148, "incidence_hosp": 4.508254614198598, "incidence_dc": 1.2022012304529595, "population": 332723, "taux_positivite": 3.4, "incidence_rea": 0.6011006152264797, "incidence_evol": 38.32}, "Pays de la Loire": {"incidence_cas": 114, "incidence_hosp": 4.868386061967749, "incidence_dc": 1.0469647445091934, "population": 3820568, "taux_positivite": 4.7, "incidence_rea": 0.9946165072837337, "incidence_evol": 32.56}, "Ile-de-France": {"incidence_cas": 91, "incidence_hosp": 3.2546317580424975, "incidence_dc": 0.3107437356924998, "population": 12228726, "taux_positivite": 2.7, "incidence_rea": 0.8013917394174994, "incidence_evol": 13.75}, "Guadeloupe": {"incidence_cas": 56, "incidence_hosp": 4.696669319872844, "incidence_dc": 0.24719312209857072, "population": 404542, "taux_positivite": 1.3, "incidence_rea": 0.7415793662957122, "incidence_evol": 21.74}, "Martinique": {"incidence_cas": 105, "incidence_hosp": 6.462035541195476, "incidence_dc": 0.7754442649434572, "population": 386875, "taux_positivite": 1.8, "incidence_rea": 2.3263327948303716, "incidence_evol": 20.69}, "Guyane": {"incidence_cas": 104, "incidence_hosp": 10.290379257644418, "incidence_dc": 2.286750946143204, "population": 262381, "taux_positivite": 5.5, "incidence_rea": 1.524500630762136, "incidence_evol": -24.09}, "La R\u00e9union": {"incidence_cas": 147, "incidence_hosp": 3.3685834293573205, "incidence_dc": 0.23231609857636695, "population": 860896, "taux_positivite": 4.5, "incidence_rea": 1.0454224435936512, "incidence_evol": 79.27}, "Mayotte": {"incidence_cas": 38, "incidence_hosp": 1.8493039220037577, "incidence_dc": 0.0, "population": 270372, "taux_positivite": 2.7, "incidence_rea": 0.36986078440075154, "incidence_evol": 5.56}}, "donnees_france": {"incidence_cas": 89.37943003646205, "incidence_hosp": 3.3107355517198505, "incidence_dc": 0.35610521910938087, "population": "67114995", "incidence_rea": 0.7986292780026282}, "date_donnees": "11/11", "date_update": "14/11"}