{"liste_regions": ["Auvergne-Rh\u00f4ne-Alpes", "Hauts-de-France", "Provence-Alpes-C\u00f4te d'Azur", "Grand Est", "Occitanie", "Normandie", "Nouvelle-Aquitaine", "Centre", "Bourgogne-Franche-Comt\u00e9", "Bretagne", "Corse", "Pays de la Loire", "Ile-de-France", "Guadeloupe", "Martinique", "Guyane", "La R\u00e9union", "Mayotte"], "donnees_regions": {"Auvergne-Rh\u00f4ne-Alpes": {"incidence_cas": 368, "incidence_hosp": 4.275470682849675, "incidence_dc": 0.3222093847944682, "population": 8069287, "taux_positivite": 22.3, "incidence_rea": 0.4585287398998201, "incidence_evol": 60.0}, "Hauts-de-France": {"incidence_cas": 375, "incidence_hosp": 5.215973173873894, "incidence_dc": 0.6213384972012789, "population": 6115829, "taux_positivite": 19.7, "incidence_rea": 0.6867425495382556, "incidence_evol": 43.68}, "Provence-Alpes-C\u00f4te d'Azur": {"incidence_cas": 385, "incidence_hosp": 7.051655636423707, "incidence_dc": 0.33392241175265464, "population": 5091003, "taux_positivite": 16.9, "incidence_rea": 0.9821247404489842, "incidence_evol": 59.75}, "Grand Est": {"incidence_cas": 332, "incidence_hosp": 4.436126121178066, "incidence_dc": 0.4576955521850386, "population": 5680632, "taux_positivite": 17.9, "incidence_rea": 0.5281102525211984, "incidence_evol": 41.88}, "Occitanie": {"incidence_cas": 446, "incidence_hosp": 4.565979932010867, "incidence_dc": 0.270576588563607, "population": 5913298, "taux_positivite": 23.2, "incidence_rea": 0.6764414714090174, "incidence_evol": 59.86}, "Normandie": {"incidence_cas": 377, "incidence_hosp": 5.078715715385269, "incidence_dc": 0.35025625623346685, "population": 3426063, "taux_positivite": 24.9, "incidence_rea": 0.4086322989390446, "incidence_evol": 41.73}, "Nouvelle-Aquitaine": {"incidence_cas": 403, "incidence_hosp": 5.1552623369710044, "incidence_dc": 0.3788211940905212, "population": 6071466, "taux_positivite": 25.4, "incidence_rea": 0.3129392472921696, "incidence_evol": 53.82}, "Centre": {"incidence_cas": 400, "incidence_hosp": 5.09945447169274, "incidence_dc": 0.26441615779147537, "population": 2647342, "taux_positivite": 26.0, "incidence_rea": 0.604379789237658, "incidence_evol": 49.25}, "Bourgogne-Franche-Comt\u00e9": {"incidence_cas": 351, "incidence_hosp": 8.296758170843678, "incidence_dc": 0.5852485016777698, "population": 2904749, "taux_positivite": 22.3, "incidence_rea": 0.7573804139359374, "incidence_evol": 54.63}, "Bretagne": {"incidence_cas": 464, "incidence_hosp": 7.044524341336974, "incidence_dc": 0.32422496968496534, "population": 3392706, "taux_positivite": 30.2, "incidence_rea": 0.47159995590540416, "incidence_evol": 45.91}, "Corse": {"incidence_cas": 370, "incidence_hosp": 7.513757690330996, "incidence_dc": 0.30055030761323986, "population": 332723, "taux_positivite": 18.4, "incidence_rea": 0.0, "incidence_evol": 49.8}, "Pays de la Loire": {"incidence_cas": 420, "incidence_hosp": 6.046221399540592, "incidence_dc": 0.26174118612729835, "population": 3820568, "taux_positivite": 28.9, "incidence_rea": 0.49730825364186687, "incidence_evol": 47.37}, "Ile-de-France": {"incidence_cas": 608, "incidence_hosp": 6.182164846934996, "incidence_dc": 0.2862113355062498, "population": 12228726, "taux_positivite": 21.2, "incidence_rea": 0.6950846719437496, "incidence_evol": 57.11}, "Guadeloupe": {"incidence_cas": 592, "incidence_hosp": 7.910179907154263, "incidence_dc": 1.2359656104928536, "population": 404542, "taux_positivite": 17.5, "incidence_rea": 1.2359656104928536, "incidence_evol": 6.28}, "Martinique": {"incidence_cas": 1981, "incidence_hosp": 18.610662358642973, "incidence_dc": 2.3263327948303716, "population": 386875, "taux_positivite": 32.8, "incidence_rea": 3.360258481421648, "incidence_evol": -12.85}, "Guyane": {"incidence_cas": 422, "incidence_hosp": 17.531757253764564, "incidence_dc": 0.381125157690534, "population": 262381, "taux_positivite": 21.9, "incidence_rea": 0.381125157690534, "incidence_evol": 53.45}, "La R\u00e9union": {"incidence_cas": 170, "incidence_hosp": 6.040218562985541, "incidence_dc": 0.9292643943054678, "population": 860896, "taux_positivite": 11.3, "incidence_rea": 0.5807902464409174, "incidence_evol": -6.59}, "Mayotte": {"incidence_cas": 19, "incidence_hosp": 0.0, "incidence_dc": 0.0, "population": 270372, "taux_positivite": 2.2, "incidence_rea": 0.0, "incidence_evol": -26.92}}, "donnees_france": {"incidence_cas": 459.35040299116463, "incidence_hosp": 5.752812765612215, "incidence_dc": 0.39037475902367275, "population": "67114995", "incidence_rea": 0.6168517184572538}, "date_donnees": "17/06", "date_update": "20/06"}