{"liste_regions": ["Auvergne-Rh\u00f4ne-Alpes", "Hauts-de-France", "Provence-Alpes-C\u00f4te d'Azur", "Grand Est", "Occitanie", "Normandie", "Nouvelle-Aquitaine", "Centre", "Bourgogne-Franche-Comt\u00e9", "Bretagne", "Corse", "Pays de la Loire", "Ile-de-France", "Guadeloupe", "Martinique", "Guyane", "La R\u00e9union", "Mayotte"], "donnees_regions": {"Auvergne-Rh\u00f4ne-Alpes": {"incidence_cas": 179, "incidence_hosp": 3.878905286179559, "incidence_dc": 0.5452774204214077, "population": 8069287, "taux_positivite": 14.1, "incidence_rea": 0.4957067458376434, "incidence_evol": 19.33}, "Hauts-de-France": {"incidence_cas": 194, "incidence_hosp": 4.856250886020521, "incidence_dc": 0.35972228785337196, "population": 6115829, "taux_positivite": 13.2, "incidence_rea": 0.7030935626224998, "incidence_evol": 12.14}, "Provence-Alpes-C\u00f4te d'Azur": {"incidence_cas": 196, "incidence_hosp": 4.576701290492267, "incidence_dc": 0.8642697715951061, "population": 5091003, "taux_positivite": 10.5, "incidence_rea": 0.4714198754155124, "incidence_evol": 10.11}, "Grand Est": {"incidence_cas": 184, "incidence_hosp": 4.207278345085546, "incidence_dc": 0.5281102525211984, "population": 5680632, "taux_positivite": 12.4, "incidence_rea": 0.633732303025438, "incidence_evol": 23.49}, "Occitanie": {"incidence_cas": 211, "incidence_hosp": 3.7880722398904974, "incidence_dc": 0.388953846060185, "population": 5913298, "taux_positivite": 14.4, "incidence_rea": 0.659530434623792, "incidence_evol": 28.66}, "Normandie": {"incidence_cas": 207, "incidence_hosp": 3.911194861273713, "incidence_dc": 0.6421364697613557, "population": 3426063, "taux_positivite": 17.0, "incidence_rea": 0.2335041708223112, "incidence_evol": 18.29}, "Nouvelle-Aquitaine": {"incidence_cas": 196, "incidence_hosp": 3.4093907468146907, "incidence_dc": 0.3129392472921696, "population": 6071466, "taux_positivite": 16.0, "incidence_rea": 0.3788211940905212, "incidence_evol": 30.67}, "Centre": {"incidence_cas": 204, "incidence_hosp": 4.343979735145666, "incidence_dc": 0.5288323155829507, "population": 2647342, "taux_positivite": 17.4, "incidence_rea": 0.5288323155829507, "incidence_evol": 18.6}, "Bourgogne-Franche-Comt\u00e9": {"incidence_cas": 174, "incidence_hosp": 5.1295309852933935, "incidence_dc": 0.4819693543228692, "population": 2904749, "taux_positivite": 14.2, "incidence_rea": 0.6885276490326703, "incidence_evol": 20.0}, "Bretagne": {"incidence_cas": 252, "incidence_hosp": 4.86337454527448, "incidence_dc": 0.3831749641731409, "population": 3392706, "taux_positivite": 21.1, "incidence_rea": 0.7663499283462818, "incidence_evol": 17.21}, "Corse": {"incidence_cas": 189, "incidence_hosp": 6.3115564598780365, "incidence_dc": 0.6011006152264797, "population": 332723, "taux_positivite": 12.3, "incidence_rea": 0.9016509228397195, "incidence_evol": 0.0}, "Pays de la Loire": {"incidence_cas": 223, "incidence_hosp": 3.5596801313312576, "incidence_dc": 0.3664376605782177, "population": 3820568, "taux_positivite": 20.0, "incidence_rea": 0.34026354196548786, "incidence_evol": 16.15}, "Ile-de-France": {"incidence_cas": 254, "incidence_hosp": 3.2300993578562474, "incidence_dc": 0.4415832033524997, "population": 12228726, "taux_positivite": 13.3, "incidence_rea": 0.31892120242124977, "incidence_evol": 42.7}, "Guadeloupe": {"incidence_cas": 602, "incidence_hosp": 5.191055564069986, "incidence_dc": 0.24719312209857072, "population": 404542, "taux_positivite": 16.5, "incidence_rea": 0.7415793662957122, "incidence_evol": 33.48}, "Martinique": {"incidence_cas": 2167, "incidence_hosp": 8.788368336025849, "incidence_dc": 1.2924071082390953, "population": 386875, "taux_positivite": 33.2, "incidence_rea": 1.0339256865912763, "incidence_evol": 50.7}, "Guyane": {"incidence_cas": 275, "incidence_hosp": 12.196005046097088, "incidence_dc": 0.0, "population": 262381, "taux_positivite": 16.7, "incidence_rea": 0.762250315381068, "incidence_evol": 34.15}, "La R\u00e9union": {"incidence_cas": 233, "incidence_hosp": 9.757276140207411, "incidence_dc": 1.0454224435936512, "population": 860896, "taux_positivite": 15.6, "incidence_rea": 0.9292643943054678, "incidence_evol": -15.88}, "Mayotte": {"incidence_cas": 33, "incidence_hosp": 0.0, "incidence_dc": 0.0, "population": 270372, "taux_positivite": 3.9, "incidence_rea": 0.0, "incidence_evol": 22.22}}, "donnees_france": {"incidence_cas": 233.29361791653267, "incidence_hosp": 4.170454009569695, "incidence_dc": 0.4916933987702748, "population": "67114995", "incidence_rea": 0.5140430987143781}, "date_donnees": "03/06", "date_update": "03/06"}