{"liste_regions": ["Auvergne-Rh\u00f4ne-Alpes", "Hauts-de-France", "Provence-Alpes-C\u00f4te d'Azur", "Grand Est", "Occitanie", "Normandie", "Nouvelle-Aquitaine", "Centre", "Bourgogne-Franche-Comt\u00e9", "Bretagne", "Corse", "Pays de la Loire", "Ile-de-France", "Guadeloupe", "Martinique", "Guyane", "La R\u00e9union", "Mayotte"], "donnees_regions": {"Auvergne-Rh\u00f4ne-Alpes": {"incidence_cas": 415, "incidence_hosp": 9.158182129350461, "incidence_dc": 1.3012302078238138, "population": 8069287, "taux_positivite": 18.5, "incidence_rea": 1.0161988289671688, "incidence_evol": 7.51}, "Hauts-de-France": {"incidence_cas": 755, "incidence_hosp": 10.415595334663543, "incidence_dc": 0.9483587588861624, "population": 6115829, "taux_positivite": 22.7, "incidence_rea": 1.193623955149825, "incidence_evol": 34.58}, "Provence-Alpes-C\u00f4te d'Azur": {"incidence_cas": 654, "incidence_hosp": 14.771156096352723, "incidence_dc": 1.9642494808979685, "population": 5091003, "taux_positivite": 17.8, "incidence_rea": 1.119622204111842, "incidence_evol": 13.74}, "Grand Est": {"incidence_cas": 955, "incidence_hosp": 13.818884940971357, "incidence_dc": 1.3554829814710758, "population": 5680632, "taux_positivite": 24.7, "incidence_rea": 1.267464606050876, "incidence_evol": 27.33}, "Occitanie": {"incidence_cas": 571, "incidence_hosp": 11.499505013953296, "incidence_dc": 1.3697939796032603, "population": 5913298, "taux_positivite": 21.6, "incidence_rea": 1.2345056853214567, "incidence_evol": 0.35}, "Normandie": {"incidence_cas": 758, "incidence_hosp": 11.733584583821138, "incidence_dc": 0.904828661936456, "population": 3426063, "taux_positivite": 24.3, "incidence_rea": 0.6713244911141447, "incidence_evol": 26.97}, "Nouvelle-Aquitaine": {"incidence_cas": 745, "incidence_hosp": 10.326995160641598, "incidence_dc": 1.0211701753744482, "population": 6071466, "taux_positivite": 29.1, "incidence_rea": 0.7082309280822786, "incidence_evol": 8.13}, "Centre": {"incidence_cas": 645, "incidence_hosp": 8.763506943946041, "incidence_dc": 1.0198908943385478, "population": 2647342, "taux_positivite": 26.2, "incidence_rea": 0.9065696838564871, "incidence_evol": 27.47}, "Bourgogne-Franche-Comt\u00e9": {"incidence_cas": 475, "incidence_hosp": 11.429558973942328, "incidence_dc": 1.2737761507104401, "population": 2904749, "taux_positivite": 21.9, "incidence_rea": 0.8606595612908378, "incidence_evol": 7.47}, "Bretagne": {"incidence_cas": 951, "incidence_hosp": 11.789998897635103, "incidence_dc": 1.208474887007598, "population": 3392706, "taux_positivite": 32.1, "incidence_rea": 0.8252999228344573, "incidence_evol": 23.51}, "Corse": {"incidence_cas": 584, "incidence_hosp": 11.721461996916354, "incidence_dc": 1.803301845679439, "population": 332723, "taux_positivite": 16.4, "incidence_rea": 1.803301845679439, "incidence_evol": 18.94}, "Pays de la Loire": {"incidence_cas": 625, "incidence_hosp": 7.119360262662515, "incidence_dc": 0.9946165072837337, "population": 3820568, "taux_positivite": 25.8, "incidence_rea": 0.7328753211564354, "incidence_evol": 20.89}, "Ile-de-France": {"incidence_cas": 389, "incidence_hosp": 6.353891648238746, "incidence_dc": 0.8177466728749995, "population": 12228726, "taux_positivite": 12.9, "incidence_rea": 1.0385382745512493, "incidence_evol": 29.67}, "Guadeloupe": {"incidence_cas": 1071, "incidence_hosp": 12.854042349125677, "incidence_dc": 1.2359656104928536, "population": 404542, "taux_positivite": 16.5, "incidence_rea": 2.2247380988871366, "incidence_evol": 139.6}, "Martinique": {"incidence_cas": 3700, "incidence_hosp": 10.597738287560581, "incidence_dc": 1.2924071082390953, "population": 386875, "taux_positivite": 27.6, "incidence_rea": 1.2924071082390953, "incidence_evol": 187.27}, "Guyane": {"incidence_cas": 102, "incidence_hosp": 3.049001261524272, "incidence_dc": 0.0, "population": 262381, "taux_positivite": 6.2, "incidence_rea": 0.0, "incidence_evol": 126.67}, "La R\u00e9union": {"incidence_cas": 1034, "incidence_hosp": 9.873434189495596, "incidence_dc": 1.5100546407463853, "population": 860896, "taux_positivite": 29.2, "incidence_rea": 1.3938965914582016, "incidence_evol": 8.96}, "Mayotte": {"incidence_cas": 15, "incidence_hosp": 0.0, "incidence_dc": 0.0, "population": 270372, "taux_positivite": 1.6, "incidence_rea": 0.0, "incidence_evol": -11.76}}, "donnees_france": {"incidence_cas": 656.2110300388161, "incidence_hosp": 10.221262774436621, "incidence_dc": 1.1711242770710182, "population": "67114995", "incidence_rea": 1.0236162574399357}, "date_donnees": "11/03", "date_update": "14/03"}