{"liste_regions": ["Auvergne-Rh\u00f4ne-Alpes", "Hauts-de-France", "Provence-Alpes-C\u00f4te d'Azur", "Grand Est", "Occitanie", "Normandie", "Nouvelle-Aquitaine", "Centre", "Bourgogne-Franche-Comt\u00e9", "Bretagne", "Corse", "Pays de la Loire", "Ile-de-France", "Guadeloupe", "Martinique", "Guyane", "La R\u00e9union", "Mayotte"], "donnees_regions": {"Auvergne-Rh\u00f4ne-Alpes": {"incidence_cas": 907, "incidence_hosp": 15.565191819302003, "incidence_dc": 1.2764448705319318, "population": 8069287, "taux_positivite": 31.2, "incidence_rea": 1.5366909120966945, "incidence_evol": -32.31}, "Hauts-de-France": {"incidence_cas": 808, "incidence_hosp": 15.893184717885342, "incidence_dc": 1.3244320598237787, "population": 6115829, "taux_positivite": 30.7, "incidence_rea": 1.4388891514134878, "incidence_evol": -34.15}, "Provence-Alpes-C\u00f4te d'Azur": {"incidence_cas": 876, "incidence_hosp": 18.267520172351105, "incidence_dc": 1.9249644912800092, "population": 5091003, "taux_positivite": 25.5, "incidence_rea": 1.3553321418195983, "incidence_evol": -28.84}, "Grand Est": {"incidence_cas": 788, "incidence_hosp": 15.984136976308271, "incidence_dc": 1.4082940067231955, "population": 5680632, "taux_positivite": 30.9, "incidence_rea": 1.6019344326476348, "incidence_evol": -35.41}, "Occitanie": {"incidence_cas": 942, "incidence_hosp": 14.239092973159819, "incidence_dc": 1.1330394646101043, "population": 5913298, "taux_positivite": 29.2, "incidence_rea": 1.5727264210259655, "incidence_evol": -29.75}, "Normandie": {"incidence_cas": 919, "incidence_hosp": 19.059777943371152, "incidence_dc": 1.7804693025201228, "population": 3426063, "taux_positivite": 36.5, "incidence_rea": 0.9632047046420337, "incidence_evol": -34.96}, "Nouvelle-Aquitaine": {"incidence_cas": 714, "incidence_hosp": 12.105807724197089, "incidence_dc": 1.2188160157695027, "population": 6071466, "taux_positivite": 30.2, "incidence_rea": 0.9552882285760969, "incidence_evol": -35.62}, "Centre": {"incidence_cas": 836, "incidence_hosp": 16.167159362107352, "incidence_dc": 1.1332121048206087, "population": 2647342, "taux_positivite": 36.7, "incidence_rea": 1.6242706835762057, "incidence_evol": -36.81}, "Bourgogne-Franche-Comt\u00e9": {"incidence_cas": 935, "incidence_hosp": 20.96566691304481, "incidence_dc": 1.7557455050333093, "population": 2904749, "taux_positivite": 33.9, "incidence_rea": 1.6180399752267751, "incidence_evol": -34.34}, "Bretagne": {"incidence_cas": 904, "incidence_hosp": 19.512448175586094, "incidence_dc": 1.4442748649603, "population": 3392706, "taux_positivite": 40.0, "incidence_rea": 1.9453498181097921, "incidence_evol": -35.84}, "Corse": {"incidence_cas": 1284, "incidence_hosp": 25.54677614712539, "incidence_dc": 3.0055030761323986, "population": 332723, "taux_positivite": 28.9, "incidence_rea": 2.7049527685191586, "incidence_evol": -21.8}, "Pays de la Loire": {"incidence_cas": 814, "incidence_hosp": 12.223313392144833, "incidence_dc": 0.8375717956073546, "population": 3820568, "taux_positivite": 37.6, "incidence_rea": 1.5442729981510601, "incidence_evol": -35.65}, "Ile-de-France": {"incidence_cas": 756, "incidence_hosp": 10.679771547747492, "incidence_dc": 0.7850368059599994, "population": 12228726, "taux_positivite": 20.0, "incidence_rea": 1.1530228087537493, "incidence_evol": -34.55}, "Guadeloupe": {"incidence_cas": 587, "incidence_hosp": 7.415793662957121, "incidence_dc": 0.49438624419714144, "population": 404542, "taux_positivite": 17.7, "incidence_rea": 0.9887724883942829, "incidence_evol": -10.93}, "Martinique": {"incidence_cas": 472, "incidence_hosp": 2.3263327948303716, "incidence_dc": 0.25848142164781907, "population": 386875, "taux_positivite": 15.4, "incidence_rea": 0.0, "incidence_evol": -8.88}, "Guyane": {"incidence_cas": 126, "incidence_hosp": 4.573501892286408, "incidence_dc": 0.0, "population": 262381, "taux_positivite": 8.8, "incidence_rea": 0.381125157690534, "incidence_evol": -25.44}, "La R\u00e9union": {"incidence_cas": 1694, "incidence_hosp": 14.635914210311116, "incidence_dc": 1.0454224435936512, "population": 860896, "taux_positivite": 40.4, "incidence_rea": 1.1615804928818347, "incidence_evol": -7.83}, "Mayotte": {"incidence_cas": 18, "incidence_hosp": 0.7397215688015031, "incidence_dc": 0.0, "population": 270372, "taux_positivite": 2.4, "incidence_rea": 0.0, "incidence_evol": -35.71}}, "donnees_france": {"incidence_cas": 870.3703248432039, "incidence_hosp": 14.947479322616354, "incidence_dc": 1.2575431168548847, "population": "67114995", "incidence_rea": 1.3946212765120523}, "date_donnees": "21/04", "date_update": "24/04"}