{"liste_regions": ["Auvergne-Rh\u00f4ne-Alpes", "Hauts-de-France", "Provence-Alpes-C\u00f4te d'Azur", "Grand Est", "Occitanie", "Normandie", "Nouvelle-Aquitaine", "Centre", "Bourgogne-Franche-Comt\u00e9", "Bretagne", "Corse", "Pays de la Loire", "Ile-de-France", "Guadeloupe", "Martinique", "Guyane", "La R\u00e9union", "Mayotte"], "donnees_regions": {"Auvergne-Rh\u00f4ne-Alpes": {"incidence_cas": 994, "incidence_hosp": 10.96751175165786, "incidence_dc": 0.9294501484455814, "population": 8069287, "taux_positivite": 28.8, "incidence_rea": 0.8922721425077582, "incidence_evol": 55.31}, "Hauts-de-France": {"incidence_cas": 1421, "incidence_hosp": 15.075634063673135, "incidence_dc": 1.0464648373916274, "population": 6115829, "taux_positivite": 28.4, "incidence_rea": 1.5206442168347087, "incidence_evol": 37.29}, "Provence-Alpes-C\u00f4te d'Azur": {"incidence_cas": 1133, "incidence_hosp": 15.871135805655586, "incidence_dc": 1.3553321418195983, "population": 5091003, "taux_positivite": 23.4, "incidence_rea": 1.4535446158644967, "incidence_evol": 30.23}, "Grand Est": {"incidence_cas": 1628, "incidence_hosp": 17.762108159796306, "incidence_dc": 1.637141782815715, "population": 5680632, "taux_positivite": 29.4, "incidence_rea": 1.5843307575635952, "incidence_evol": 28.9}, "Occitanie": {"incidence_cas": 1162, "incidence_hosp": 10.07897792399436, "incidence_dc": 0.930107023187399, "population": 5913298, "taux_positivite": 29.2, "incidence_rea": 1.0653953174692024, "incidence_evol": 47.09}, "Normandie": {"incidence_cas": 1589, "incidence_hosp": 14.885890889922338, "incidence_dc": 1.3426489822282894, "population": 3426063, "taux_positivite": 33.1, "incidence_rea": 1.0215807473476115, "incidence_evol": 47.4}, "Nouvelle-Aquitaine": {"incidence_cas": 1129, "incidence_hosp": 10.458759054238302, "incidence_dc": 1.1529340689711514, "population": 6071466, "taux_positivite": 33.4, "incidence_rea": 0.9058767684773332, "incidence_evol": 16.87}, "Centre": {"incidence_cas": 1316, "incidence_hosp": 11.785405890134331, "incidence_dc": 0.793248473374426, "population": 2647342, "taux_positivite": 34.9, "incidence_rea": 0.793248473374426, "incidence_evol": 45.09}, "Bourgogne-Franche-Comt\u00e9": {"incidence_cas": 1144, "incidence_hosp": 13.150878096524004, "incidence_dc": 1.3082025331620735, "population": 2904749, "taux_positivite": 31.8, "incidence_rea": 1.1016442384522724, "incidence_evol": 55.65}, "Bretagne": {"incidence_cas": 1770, "incidence_hosp": 16.122823492516, "incidence_dc": 0.7663499283462818, "population": 3392706, "taux_positivite": 40.5, "incidence_rea": 0.7368749311021939, "incidence_evol": 36.68}, "Corse": {"incidence_cas": 1709, "incidence_hosp": 17.732468149181148, "incidence_dc": 2.404402460905919, "population": 332723, "taux_positivite": 26.6, "incidence_rea": 1.803301845679439, "incidence_evol": 51.64}, "Pays de la Loire": {"incidence_cas": 1284, "incidence_hosp": 10.679040393993773, "incidence_dc": 0.8375717956073546, "population": 3820568, "taux_positivite": 34.6, "incidence_rea": 0.8637459142200846, "incidence_evol": 46.41}, "Ile-de-France": {"incidence_cas": 1156, "incidence_hosp": 8.897083800879994, "incidence_dc": 0.6296649381137496, "population": 12228726, "taux_positivite": 21.8, "incidence_rea": 0.9812960074499993, "incidence_evol": 82.91}, "Guadeloupe": {"incidence_cas": 935, "incidence_hosp": 9.393338639745688, "incidence_dc": 2.2247380988871366, "population": 404542, "taux_positivite": 14.2, "incidence_rea": 1.7303518546899952, "incidence_evol": -3.41}, "Martinique": {"incidence_cas": 1133, "incidence_hosp": 11.890145395799676, "incidence_dc": 1.0339256865912763, "population": 386875, "taux_positivite": 13.7, "incidence_rea": 0.5169628432956381, "incidence_evol": -38.95}, "Guyane": {"incidence_cas": 134, "incidence_hosp": 5.3357522076674755, "incidence_dc": 0.0, "population": 262381, "taux_positivite": 10.0, "incidence_rea": 0.381125157690534, "incidence_evol": 28.85}, "La R\u00e9union": {"incidence_cas": 1285, "incidence_hosp": 12.42891127383563, "incidence_dc": 1.0454224435936512, "population": 860896, "taux_positivite": 35.9, "incidence_rea": 0.5807902464409174, "incidence_evol": 17.78}, "Mayotte": {"incidence_cas": 14, "incidence_hosp": 0.0, "incidence_dc": 0.0, "population": 270372, "taux_positivite": 1.5, "incidence_rea": 0.0, "incidence_evol": -17.65}}, "donnees_france": {"incidence_cas": 1289.0040444762008, "incidence_hosp": 12.465172648824604, "incidence_dc": 1.0370260774063977, "population": "67114995", "incidence_rea": 1.093645317264793}, "date_donnees": "25/03", "date_update": "28/03"}