{"liste_regions": ["Auvergne-Rh\u00f4ne-Alpes", "Hauts-de-France", "Provence-Alpes-C\u00f4te d'Azur", "Grand Est", "Occitanie", "Normandie", "Nouvelle-Aquitaine", "Centre", "Bourgogne-Franche-Comt\u00e9", "Bretagne", "Corse", "Pays de la Loire", "Ile-de-France", "Guadeloupe", "Martinique", "Guyane", "La R\u00e9union", "Mayotte"], "donnees_regions": {"Auvergne-Rh\u00f4ne-Alpes": {"incidence_cas": 668, "incidence_hosp": 9.72824488706375, "incidence_dc": 1.2392668645941085, "population": 8069287, "taux_positivite": 24.6, "incidence_rea": 1.0781621721968744, "incidence_evol": 51.13}, "Hauts-de-France": {"incidence_cas": 1067, "incidence_hosp": 13.015406415058367, "incidence_dc": 0.89930571963343, "population": 6115829, "taux_positivite": 25.9, "incidence_rea": 1.3407830729080228, "incidence_evol": 31.57}, "Provence-Alpes-C\u00f4te d'Azur": {"incidence_cas": 894, "incidence_hosp": 15.930063290082526, "incidence_dc": 1.610684574336334, "population": 5091003, "taux_positivite": 21.5, "incidence_rea": 1.0410522248759233, "incidence_evol": 30.89}, "Grand Est": {"incidence_cas": 1300, "incidence_hosp": 15.72008185004767, "incidence_dc": 1.4787087070593554, "population": 5680632, "taux_positivite": 27.2, "incidence_rea": 1.4611050319753156, "incidence_evol": 30.13}, "Occitanie": {"incidence_cas": 826, "incidence_hosp": 9.30107023187399, "incidence_dc": 0.9131959864021736, "population": 5913298, "taux_positivite": 26.3, "incidence_rea": 0.8793739128317226, "incidence_evol": 41.2}, "Normandie": {"incidence_cas": 1115, "incidence_hosp": 13.922686185280304, "incidence_dc": 0.9340166832892448, "population": 3426063, "taux_positivite": 29.2, "incidence_rea": 0.904828661936456, "incidence_evol": 38.34}, "Nouvelle-Aquitaine": {"incidence_cas": 975, "incidence_hosp": 10.672875381332943, "incidence_dc": 1.0705816354732118, "population": 6071466, "taux_positivite": 32.1, "incidence_rea": 0.9717587152756847, "incidence_evol": 24.68}, "Centre": {"incidence_cas": 940, "incidence_hosp": 9.367886733183699, "incidence_dc": 0.9443434206838407, "population": 2647342, "taux_positivite": 31.0, "incidence_rea": 0.6421535260650116, "incidence_evol": 39.26}, "Bourgogne-Franche-Comt\u00e9": {"incidence_cas": 775, "incidence_hosp": 14.527933394589343, "incidence_dc": 1.204923385807173, "population": 2904749, "taux_positivite": 27.6, "incidence_rea": 1.2737761507104401, "incidence_evol": 52.86}, "Bretagne": {"incidence_cas": 1330, "incidence_hosp": 14.442748649603002, "incidence_dc": 0.9137249145667206, "population": 3392706, "taux_positivite": 37.1, "incidence_rea": 0.7663499283462818, "incidence_evol": 32.21}, "Corse": {"incidence_cas": 1233, "incidence_hosp": 12.623112919756073, "incidence_dc": 1.803301845679439, "population": 332723, "taux_positivite": 25.6, "incidence_rea": 2.7049527685191586, "incidence_evol": 90.28}, "Pays de la Loire": {"incidence_cas": 911, "incidence_hosp": 9.52737917503366, "incidence_dc": 0.9422682700582741, "population": 3820568, "taux_positivite": 30.7, "incidence_rea": 0.7852235583818952, "incidence_evol": 37.41}, "Ile-de-France": {"incidence_cas": 691, "incidence_hosp": 7.147105920927494, "incidence_dc": 0.5806001377412496, "population": 12228726, "taux_positivite": 17.9, "incidence_rea": 0.7605044057737494, "incidence_evol": 66.51}, "Guadeloupe": {"incidence_cas": 961, "incidence_hosp": 11.123690494435683, "incidence_dc": 1.9775449767885658, "population": 404542, "taux_positivite": 14.6, "incidence_rea": 1.9775449767885658, "incidence_evol": -10.19}, "Martinique": {"incidence_cas": 1670, "incidence_hosp": 11.373182552504039, "incidence_dc": 0.5169628432956381, "population": 386875, "taux_positivite": 17.1, "incidence_rea": 0.5169628432956381, "incidence_evol": -47.78}, "Guyane": {"incidence_cas": 106, "incidence_hosp": 7.62250315381068, "incidence_dc": 0.0, "population": 262381, "taux_positivite": 8.5, "incidence_rea": 1.143375473071602, "incidence_evol": 11.58}, "La R\u00e9union": {"incidence_cas": 1106, "incidence_hosp": 13.474333717429282, "incidence_dc": 1.9746868378991191, "population": 860896, "taux_positivite": 34.3, "incidence_rea": 0.8131063450172844, "incidence_evol": 6.14}, "Mayotte": {"incidence_cas": 16, "incidence_hosp": 0.0, "incidence_dc": 0.0, "population": 270372, "taux_positivite": 1.6, "incidence_rea": 0.0, "incidence_evol": 6.67}}, "donnees_france": {"incidence_cas": 937.1050388963002, "incidence_hosp": 11.361097471585895, "incidence_dc": 1.0474559373803127, "population": "67114995", "incidence_rea": 1.0116964174697471}, "date_donnees": "20/03", "date_update": "23/03"}