{"liste_regions": ["Auvergne-Rh\u00f4ne-Alpes", "Hauts-de-France", "Provence-Alpes-C\u00f4te d'Azur", "Grand Est", "Occitanie", "Normandie", "Nouvelle-Aquitaine", "Centre", "Bourgogne-Franche-Comt\u00e9", "Bretagne", "Corse", "Pays de la Loire", "Ile-de-France", "Guadeloupe", "Martinique", "Guyane", "La R\u00e9union", "Mayotte"], "donnees_regions": {"Auvergne-Rh\u00f4ne-Alpes": {"incidence_cas": 189, "incidence_hosp": 4.758784760041377, "incidence_dc": 0.5328847517754667, "population": 8069287, "taux_positivite": 5.3, "incidence_rea": 1.02859149761311, "incidence_evol": 110.0}, "Hauts-de-France": {"incidence_cas": 166, "incidence_hosp": 4.610985689756859, "incidence_dc": 0.4414773532745928, "population": 6115829, "taux_positivite": 4.4, "incidence_rea": 0.9483587588861624, "incidence_evol": 84.44}, "Provence-Alpes-C\u00f4te d'Azur": {"incidence_cas": 220, "incidence_hosp": 6.933800667569829, "incidence_dc": 0.4517773806065328, "population": 5091003, "taux_positivite": 4.5, "incidence_rea": 1.0214097300669436, "incidence_evol": 96.43}, "Grand Est": {"incidence_cas": 181, "incidence_hosp": 4.700181247438665, "incidence_dc": 0.40488452693291876, "population": 5680632, "taux_positivite": 4.4, "incidence_rea": 1.0562205050423967, "incidence_evol": 110.47}, "Occitanie": {"incidence_cas": 167, "incidence_hosp": 4.7181792630778965, "incidence_dc": 0.42277591963063593, "population": 5913298, "taux_positivite": 4.6, "incidence_rea": 1.2514167221066823, "incidence_evol": 103.66}, "Normandie": {"incidence_cas": 106, "incidence_hosp": 3.7944427758625574, "incidence_dc": 0.583760427055778, "population": 3426063, "taux_positivite": 3.3, "incidence_rea": 0.583760427055778, "incidence_evol": 100.0}, "Nouvelle-Aquitaine": {"incidence_cas": 176, "incidence_hosp": 4.6940887093825445, "incidence_dc": 0.3458802206913454, "population": 6071466, "taux_positivite": 5.0, "incidence_rea": 1.0870521221727998, "incidence_evol": 107.06}, "Centre": {"incidence_cas": 146, "incidence_hosp": 5.023906998038032, "incidence_dc": 0.49105857875559716, "population": 2647342, "taux_positivite": 5.1, "incidence_rea": 1.4731757362667914, "incidence_evol": 108.57}, "Bourgogne-Franche-Comt\u00e9": {"incidence_cas": 147, "incidence_hosp": 4.854119925680326, "incidence_dc": 0.6196748841294033, "population": 2904749, "taux_positivite": 4.4, "incidence_rea": 0.7229540314843038, "incidence_evol": 119.4}, "Bretagne": {"incidence_cas": 137, "incidence_hosp": 3.861224638975496, "incidence_dc": 0.32422496968496534, "population": 3392706, "taux_positivite": 4.3, "incidence_rea": 0.6189749421258429, "incidence_evol": 71.25}, "Corse": {"incidence_cas": 284, "incidence_hosp": 5.710455844651556, "incidence_dc": 0.9016509228397195, "population": 332723, "taux_positivite": 5.2, "incidence_rea": 0.9016509228397195, "incidence_evol": 91.89}, "Pays de la Loire": {"incidence_cas": 189, "incidence_hosp": 5.234823722545967, "incidence_dc": 0.6020047280927863, "population": 3820568, "taux_positivite": 5.2, "incidence_rea": 1.5180988795383303, "incidence_evol": 64.35}, "Ile-de-France": {"incidence_cas": 162, "incidence_hosp": 4.587558834828746, "incidence_dc": 0.46611560353874965, "population": 12228726, "taux_positivite": 3.8, "incidence_rea": 1.0140058743649993, "incidence_evol": 76.09}, "Guadeloupe": {"incidence_cas": 54, "incidence_hosp": 3.4607037093799904, "incidence_dc": 0.49438624419714144, "population": 404542, "taux_positivite": 1.3, "incidence_rea": 0.9887724883942829, "incidence_evol": -5.26}, "Martinique": {"incidence_cas": 156, "incidence_hosp": 15.250403877221325, "incidence_dc": 1.8093699515347335, "population": 386875, "taux_positivite": 2.4, "incidence_rea": 2.8432956381260097, "incidence_evol": 47.17}, "Guyane": {"incidence_cas": 85, "incidence_hosp": 11.052629573025486, "incidence_dc": 0.762250315381068, "population": 262381, "taux_positivite": 3.9, "incidence_rea": 0.762250315381068, "incidence_evol": -19.05}, "La R\u00e9union": {"incidence_cas": 223, "incidence_hosp": 5.34327026725644, "incidence_dc": 0.3484741478645504, "population": 860896, "taux_positivite": 4.8, "incidence_rea": 0.5807902464409174, "incidence_evol": 50.68}, "Mayotte": {"incidence_cas": 33, "incidence_hosp": 0.7397215688015031, "incidence_dc": 0.0, "population": 270372, "taux_positivite": 2.5, "incidence_rea": 0.0, "incidence_evol": -13.16}}, "donnees_france": {"incidence_cas": 171.48477773111657, "incidence_hosp": 4.939283687646851, "incidence_dc": 0.4782835788038127, "population": "67114995", "incidence_rea": 1.0444759773877657}, "date_donnees": "18/11", "date_update": "21/11"}