{"liste_regions": ["Auvergne-Rh\u00f4ne-Alpes", "Hauts-de-France", "Provence-Alpes-C\u00f4te d'Azur", "Grand Est", "Occitanie", "Normandie", "Nouvelle-Aquitaine", "Centre", "Bourgogne-Franche-Comt\u00e9", "Bretagne", "Corse", "Pays de la Loire", "Ile-de-France", "Guadeloupe", "Martinique", "Guyane", "La R\u00e9union", "Mayotte"], "donnees_regions": {"Auvergne-Rh\u00f4ne-Alpes": {"incidence_cas": 1210, "incidence_hosp": 13.966537563975603, "incidence_dc": 1.1029475094887564, "population": 8069287, "taux_positivite": 31.7, "incidence_rea": 1.0905548408428154, "incidence_evol": 5.03}, "Hauts-de-France": {"incidence_cas": 1509, "incidence_hosp": 17.740849196404934, "incidence_dc": 1.275379020571046, "population": 6115829, "taux_positivite": 29.0, "incidence_rea": 1.99482359627779, "incidence_evol": -4.07}, "Provence-Alpes-C\u00f4te d'Azur": {"incidence_cas": 1307, "incidence_hosp": 19.77999227264254, "incidence_dc": 1.3749746366285778, "population": 5091003, "taux_positivite": 25.3, "incidence_rea": 1.2374771729657201, "incidence_evol": 0.46}, "Grand Est": {"incidence_cas": 1490, "incidence_hosp": 20.719525573915014, "incidence_dc": 1.302671956218956, "population": 5680632, "taux_positivite": 28.7, "incidence_rea": 1.8131785336561141, "incidence_evol": -11.52}, "Occitanie": {"incidence_cas": 1315, "incidence_hosp": 15.253755180273343, "incidence_dc": 0.659530434623792, "population": 5913298, "taux_positivite": 30.1, "incidence_rea": 1.5896374578111911, "incidence_evol": -0.38}, "Normandie": {"incidence_cas": 1699, "incidence_hosp": 24.050929594698054, "incidence_dc": 1.6053411744033894, "population": 3426063, "taux_positivite": 34.9, "incidence_rea": 0.904828661936456, "incidence_evol": -3.74}, "Nouvelle-Aquitaine": {"incidence_cas": 1093, "incidence_hosp": 13.86814980105299, "incidence_dc": 0.9552882285760969, "population": 6071466, "taux_positivite": 33.5, "incidence_rea": 1.202345529069915, "incidence_evol": -5.94}, "Centre": {"incidence_cas": 1467, "incidence_hosp": 14.618436152185854, "incidence_dc": 0.9065696838564871, "population": 2647342, "taux_positivite": 36.7, "incidence_rea": 1.586496946748852, "incidence_evol": 0.27}, "Bourgogne-Franche-Comt\u00e9": {"incidence_cas": 1365, "incidence_hosp": 20.621403088528474, "incidence_dc": 1.1704970033555395, "population": 2904749, "taux_positivite": 34.5, "incidence_rea": 2.134435712001278, "incidence_evol": 2.71}, "Bretagne": {"incidence_cas": 1676, "incidence_hosp": 22.78417286967984, "incidence_dc": 1.3558498732280369, "population": 3392706, "taux_positivite": 39.6, "incidence_rea": 1.2674248814957736, "incidence_evol": -10.47}, "Corse": {"incidence_cas": 1929, "incidence_hosp": 24.04402460905919, "incidence_dc": 2.404402460905919, "population": 332723, "taux_positivite": 28.8, "incidence_rea": 2.103852153292679, "incidence_evol": 2.44}, "Pays de la Loire": {"incidence_cas": 1426, "incidence_hosp": 14.13402405087411, "incidence_dc": 0.8113976769946248, "population": 3820568, "taux_positivite": 35.6, "incidence_rea": 1.099312981734653, "incidence_evol": -1.18}, "Ile-de-France": {"incidence_cas": 1310, "incidence_hosp": 12.119005692007491, "incidence_dc": 0.7686818725024995, "population": 12228726, "taux_positivite": 23.4, "incidence_rea": 1.349282010243749, "incidence_evol": -4.38}, "Guadeloupe": {"incidence_cas": 739, "incidence_hosp": 4.449476197774273, "incidence_dc": 0.24719312209857072, "population": 404542, "taux_positivite": 13.9, "incidence_rea": 0.7415793662957122, "incidence_evol": -21.8}, "Martinique": {"incidence_cas": 653, "incidence_hosp": 8.27140549273021, "incidence_dc": 0.25848142164781907, "population": 386875, "taux_positivite": 10.5, "incidence_rea": 0.0, "incidence_evol": -31.41}, "Guyane": {"incidence_cas": 156, "incidence_hosp": 6.860252838429612, "incidence_dc": 0.0, "population": 262381, "taux_positivite": 10.7, "incidence_rea": 0.381125157690534, "incidence_evol": 9.09}, "La R\u00e9union": {"incidence_cas": 1513, "incidence_hosp": 12.42891127383563, "incidence_dc": 0.5807902464409174, "population": 860896, "taux_positivite": 36.4, "incidence_rea": 1.1615804928818347, "incidence_evol": 2.51}, "Mayotte": {"incidence_cas": 23, "incidence_hosp": 0.0, "incidence_dc": 0.0, "population": 270372, "taux_positivite": 2.6, "incidence_rea": 0.0, "incidence_evol": 43.75}}, "donnees_france": {"incidence_cas": 1395.001221411102, "incidence_hosp": 16.38977995900916, "incidence_dc": 1.0534158573654069, "population": "67114995", "incidence_rea": 1.4139910164636085}, "date_donnees": "05/04", "date_update": "08/04"}