{"liste_regions": ["Auvergne-Rh\u00f4ne-Alpes", "Hauts-de-France", "Provence-Alpes-C\u00f4te d'Azur", "Grand Est", "Occitanie", "Normandie", "Nouvelle-Aquitaine", "Centre", "Bourgogne-Franche-Comt\u00e9", "Bretagne", "Corse", "Pays de la Loire", "Ile-de-France", "Guadeloupe", "Martinique", "Guyane", "La R\u00e9union", "Mayotte"], "donnees_regions": {"Auvergne-Rh\u00f4ne-Alpes": {"incidence_cas": 797, "incidence_hosp": 15.577584487947943, "incidence_dc": 1.177303521364403, "population": 8069287, "taux_positivite": 31.1, "incidence_rea": 1.5862615866804588, "incidence_evol": -38.22}, "Hauts-de-France": {"incidence_cas": 719, "incidence_hosp": 17.855306287994644, "incidence_dc": 1.8149624523511039, "population": 6115829, "taux_positivite": 29.7, "incidence_rea": 1.8967175177723248, "incidence_evol": -36.48}, "Provence-Alpes-C\u00f4te d'Azur": {"incidence_cas": 774, "incidence_hosp": 18.346090151587028, "incidence_dc": 1.689254553572253, "population": 5091003, "taux_positivite": 24.8, "incidence_rea": 1.4535446158644967, "incidence_evol": -33.85}, "Grand Est": {"incidence_cas": 735, "incidence_hosp": 17.867730210300547, "incidence_dc": 1.531519732311475, "population": 5680632, "taux_positivite": 29.7, "incidence_rea": 1.4611050319753156, "incidence_evol": -33.84}, "Occitanie": {"incidence_cas": 836, "incidence_hosp": 12.091391301436186, "incidence_dc": 1.2683277588919077, "population": 5913298, "taux_positivite": 26.8, "incidence_rea": 1.4205270899589366, "incidence_evol": -34.17}, "Normandie": {"incidence_cas": 818, "incidence_hosp": 20.694307139127332, "incidence_dc": 1.3134609608755006, "population": 3426063, "taux_positivite": 35.6, "incidence_rea": 1.196708875464345, "incidence_evol": -37.75}, "Nouvelle-Aquitaine": {"incidence_cas": 642, "incidence_hosp": 11.578752149810276, "incidence_dc": 1.334109422666618, "population": 6071466, "taux_positivite": 29.9, "incidence_rea": 1.0705816354732118, "incidence_evol": -38.15}, "Centre": {"incidence_cas": 739, "incidence_hosp": 14.240698783912316, "incidence_dc": 1.1709858416479624, "population": 2647342, "taux_positivite": 35.7, "incidence_rea": 1.322080788957377, "incidence_evol": -39.57}, "Bourgogne-Franche-Comt\u00e9": {"incidence_cas": 832, "incidence_hosp": 21.998458386593814, "incidence_dc": 2.134435712001278, "population": 2904749, "taux_positivite": 34.0, "incidence_rea": 1.7901718874849428, "incidence_evol": -39.0}, "Bretagne": {"incidence_cas": 826, "incidence_hosp": 17.183923393303164, "incidence_dc": 1.4737498622043879, "population": 3392706, "taux_positivite": 39.1, "incidence_rea": 1.4147998677162124, "incidence_evol": -36.31}, "Corse": {"incidence_cas": 1141, "incidence_hosp": 20.737971225313547, "incidence_dc": 1.5027515380661993, "population": 332723, "taux_positivite": 27.4, "incidence_rea": 4.508254614198598, "incidence_evol": -27.42}, "Pays de la Loire": {"incidence_cas": 729, "incidence_hosp": 13.872282864746813, "incidence_dc": 1.1778353375728425, "population": 3820568, "taux_positivite": 36.6, "incidence_rea": 1.7798400656656288, "incidence_evol": -36.66}, "Ile-de-France": {"incidence_cas": 657, "incidence_hosp": 12.33979729368374, "incidence_dc": 0.9649410739924993, "population": 12228726, "taux_positivite": 17.7, "incidence_rea": 1.422879210802499, "incidence_evol": -38.77}, "Guadeloupe": {"incidence_cas": 623, "incidence_hosp": 6.67421429666141, "incidence_dc": 0.24719312209857072, "population": 404542, "taux_positivite": 16.7, "incidence_rea": 1.7303518546899952, "incidence_evol": -2.04}, "Martinique": {"incidence_cas": 530, "incidence_hosp": 3.618739903069467, "incidence_dc": 1.2924071082390953, "population": 386875, "taux_positivite": 15.5, "incidence_rea": 0.25848142164781907, "incidence_evol": 9.73}, "Guyane": {"incidence_cas": 128, "incidence_hosp": 4.192376734595874, "incidence_dc": 0.381125157690534, "population": 262381, "taux_positivite": 9.3, "incidence_rea": 0.381125157690534, "incidence_evol": -23.81}, "La R\u00e9union": {"incidence_cas": 1658, "incidence_hosp": 14.171282013158384, "incidence_dc": 1.1615804928818347, "population": 860896, "taux_positivite": 39.8, "incidence_rea": 1.6262126900345688, "incidence_evol": -9.6}, "Mayotte": {"incidence_cas": 19, "incidence_hosp": 0.0, "incidence_dc": 0.0, "population": 270372, "taux_positivite": 2.6, "incidence_rea": 0.0, "incidence_evol": -20.83}}, "donnees_france": {"incidence_cas": 777.4924217754915, "incidence_hosp": 15.35573384159531, "incidence_dc": 1.3529018366163925, "population": "67114995", "incidence_rea": 1.4989198762512013}, "date_donnees": "24/04", "date_update": "27/04"}