{"liste_regions": ["Auvergne-Rh\u00f4ne-Alpes", "Hauts-de-France", "Provence-Alpes-C\u00f4te d'Azur", "Grand Est", "Occitanie", "Normandie", "Nouvelle-Aquitaine", "Centre", "Bourgogne-Franche-Comt\u00e9", "Bretagne", "Corse", "Pays de la Loire", "Ile-de-France", "Guadeloupe", "Martinique", "Guyane", "La R\u00e9union", "Mayotte"], "donnees_regions": {"Auvergne-Rh\u00f4ne-Alpes": {"incidence_cas": 451, "incidence_hosp": 5.948480950051721, "incidence_dc": 0.4957067458376434, "population": 8069287, "taux_positivite": 24.9, "incidence_rea": 0.5948480950051721, "incidence_evol": 46.91}, "Hauts-de-France": {"incidence_cas": 448, "incidence_hosp": 5.461238370137556, "incidence_dc": 0.5886364710327905, "population": 6115829, "taux_positivite": 21.6, "incidence_rea": 0.5395834317800579, "incidence_evol": 35.35}, "Provence-Alpes-C\u00f4te d'Azur": {"incidence_cas": 512, "incidence_hosp": 9.546252477164126, "incidence_dc": 0.3142799169436749, "population": 5091003, "taux_positivite": 20.1, "incidence_rea": 0.8249847819771466, "incidence_evol": 61.01}, "Grand Est": {"incidence_cas": 395, "incidence_hosp": 4.9818400487833046, "incidence_dc": 0.38728085184887884, "population": 5680632, "taux_positivite": 20.1, "incidence_rea": 0.5985249528573581, "incidence_evol": 33.45}, "Occitanie": {"incidence_cas": 579, "incidence_hosp": 6.899703008371978, "incidence_dc": 0.270576588563607, "population": 5913298, "taux_positivite": 26.6, "incidence_rea": 0.6933525081942429, "incidence_evol": 51.17}, "Normandie": {"incidence_cas": 444, "incidence_hosp": 7.092689188727702, "incidence_dc": 0.3794442775862557, "population": 3426063, "taux_positivite": 27.0, "incidence_rea": 0.5545724057029892, "incidence_evol": 29.82}, "Nouvelle-Aquitaine": {"incidence_cas": 501, "incidence_hosp": 7.395248528114956, "incidence_dc": 0.2799982738929939, "population": 6071466, "taux_positivite": 28.7, "incidence_rea": 0.42823265418928474, "incidence_evol": 41.53}, "Centre": {"incidence_cas": 496, "incidence_hosp": 6.1571191028586405, "incidence_dc": 0.26441615779147537, "population": 2647342, "taux_positivite": 28.8, "incidence_rea": 0.604379789237658, "incidence_evol": 42.12}, "Bourgogne-Franche-Comt\u00e9": {"incidence_cas": 431, "incidence_hosp": 9.054138584779615, "incidence_dc": 0.5163957367745028, "population": 2904749, "taux_positivite": 25.1, "incidence_rea": 0.6885276490326703, "incidence_evol": 43.19}, "Bretagne": {"incidence_cas": 580, "incidence_hosp": 7.987724253147782, "incidence_dc": 0.47159995590540416, "population": 3392706, "taux_positivite": 33.4, "incidence_rea": 0.5600249476376674, "incidence_evol": 41.81}, "Corse": {"incidence_cas": 502, "incidence_hosp": 8.415408613170715, "incidence_dc": 0.30055030761323986, "population": 332723, "taux_positivite": 21.7, "incidence_rea": 0.30055030761323986, "incidence_evol": 64.59}, "Pays de la Loire": {"incidence_cas": 531, "incidence_hosp": 6.2294402298297005, "incidence_dc": 0.4187858978036773, "population": 3820568, "taux_positivite": 32.1, "incidence_rea": 0.3926117791909476, "incidence_evol": 43.51}, "Ile-de-France": {"incidence_cas": 755, "incidence_hosp": 8.913438734337493, "incidence_dc": 0.43340573662374965, "population": 12228726, "taux_positivite": 23.5, "incidence_rea": 1.0058284076362494, "incidence_evol": 46.03}, "Guadeloupe": {"incidence_cas": 636, "incidence_hosp": 7.6629867850556925, "incidence_dc": 0.9887724883942829, "population": 404542, "taux_positivite": 18.4, "incidence_rea": 1.2359656104928536, "incidence_evol": 5.12}, "Martinique": {"incidence_cas": 1715, "incidence_hosp": 19.38610662358643, "incidence_dc": 3.618739903069467, "population": 386875, "taux_positivite": 31.1, "incidence_rea": 3.618739903069467, "incidence_evol": -27.3}, "Guyane": {"incidence_cas": 445, "incidence_hosp": 22.86750946143204, "incidence_dc": 0.381125157690534, "population": 262381, "taux_positivite": 21.6, "incidence_rea": 1.524500630762136, "incidence_evol": 29.74}, "La R\u00e9union": {"incidence_cas": 177, "incidence_hosp": 5.807902464409174, "incidence_dc": 0.5807902464409174, "population": 860896, "taux_positivite": 11.6, "incidence_rea": 0.8131063450172844, "incidence_evol": -1.67}, "Mayotte": {"incidence_cas": 20, "incidence_hosp": 0.0, "incidence_dc": 0.0, "population": 270372, "taux_positivite": 2.4, "incidence_rea": 0.0, "incidence_evol": -28.57}}, "donnees_france": {"incidence_cas": 565.7260348451192, "incidence_hosp": 7.378380941546669, "incidence_dc": 0.4350741589118795, "population": "67114995", "incidence_rea": 0.6958206582597525}, "date_donnees": "21/06", "date_update": "24/06"}