{"liste_regions": ["Auvergne-Rh\u00f4ne-Alpes", "Hauts-de-France", "Provence-Alpes-C\u00f4te d'Azur", "Grand Est", "Occitanie", "Normandie", "Nouvelle-Aquitaine", "Centre", "Bourgogne-Franche-Comt\u00e9", "Bretagne", "Corse", "Pays de la Loire", "Ile-de-France", "Guadeloupe", "Martinique", "Guyane", "La R\u00e9union", "Mayotte"], "donnees_regions": {"Auvergne-Rh\u00f4ne-Alpes": {"incidence_cas": 216, "incidence_hosp": 6.0104442932814255, "incidence_dc": 0.6196334322970543, "population": 8069287, "taux_positivite": 5.6, "incidence_rea": 1.2640522018859908, "incidence_evol": 98.17}, "Hauts-de-France": {"incidence_cas": 191, "incidence_hosp": 4.88895291218901, "incidence_dc": 0.5722854579485462, "population": 6115829, "taux_positivite": 4.7, "incidence_rea": 1.1609219289813368, "incidence_evol": 83.65}, "Provence-Alpes-C\u00f4te d'Azur": {"incidence_cas": 240, "incidence_hosp": 8.289132809389427, "incidence_dc": 0.33392241175265464, "population": 5091003, "taux_positivite": 4.7, "incidence_rea": 1.3553321418195983, "incidence_evol": 77.78}, "Grand Est": {"incidence_cas": 203, "incidence_hosp": 4.999443723867344, "incidence_dc": 0.42248820201695864, "population": 5680632, "taux_positivite": 4.5, "incidence_rea": 1.1794462306306763, "incidence_evol": 95.19}, "Occitanie": {"incidence_cas": 187, "incidence_hosp": 5.9019518380436775, "incidence_dc": 0.541153177127214, "population": 5913298, "taux_positivite": 4.8, "incidence_rea": 1.4205270899589366, "incidence_evol": 90.82}, "Normandie": {"incidence_cas": 119, "incidence_hosp": 4.378203202918335, "incidence_dc": 0.7880765765253004, "population": 3426063, "taux_positivite": 3.3, "incidence_rea": 0.6713244911141447, "incidence_evol": 88.89}, "Nouvelle-Aquitaine": {"incidence_cas": 192, "incidence_hosp": 3.9199758345019142, "incidence_dc": 0.5105850876872241, "population": 6071466, "taux_positivite": 5.1, "incidence_rea": 1.0541111487736239, "incidence_evol": 86.41}, "Centre": {"incidence_cas": 157, "incidence_hosp": 5.137228208520093, "incidence_dc": 0.6799272628923653, "population": 2647342, "taux_positivite": 5.1, "incidence_rea": 1.208759578475316, "incidence_evol": 84.71}, "Bourgogne-Franche-Comt\u00e9": {"incidence_cas": 172, "incidence_hosp": 5.9557641641325985, "incidence_dc": 0.4819693543228692, "population": 2904749, "taux_positivite": 4.8, "incidence_rea": 0.7573804139359374, "incidence_evol": 117.72}, "Bretagne": {"incidence_cas": 141, "incidence_hosp": 3.625424661022794, "incidence_dc": 0.41264996141722865, "population": 3392706, "taux_positivite": 4.2, "incidence_rea": 0.7368749311021939, "incidence_evol": 50.0}, "Corse": {"incidence_cas": 299, "incidence_hosp": 6.011006152264797, "incidence_dc": 0.6011006152264797, "population": 332723, "taux_positivite": 5.0, "incidence_rea": 0.9016509228397195, "incidence_evol": 61.62}, "Pays de la Loire": {"incidence_cas": 198, "incidence_hosp": 5.627435501736914, "incidence_dc": 0.6805270839309757, "population": 3820568, "taux_positivite": 5.1, "incidence_rea": 1.3610541678619514, "incidence_evol": 51.15}, "Ile-de-France": {"incidence_cas": 185, "incidence_hosp": 5.0127871047237464, "incidence_dc": 0.5969550711987496, "population": 12228726, "taux_positivite": 4.1, "incidence_rea": 1.218442542583749, "incidence_evol": 83.17}, "Guadeloupe": {"incidence_cas": 44, "incidence_hosp": 2.966317465182849, "incidence_dc": 0.49438624419714144, "population": 404542, "taux_positivite": 1.5, "incidence_rea": 0.9887724883942829, "incidence_evol": -29.03}, "Martinique": {"incidence_cas": 162, "incidence_hosp": 16.54281098546042, "incidence_dc": 2.8432956381260097, "population": 386875, "taux_positivite": 2.4, "incidence_rea": 5.686591276252019, "incidence_evol": 35.0}, "Guyane": {"incidence_cas": 78, "incidence_hosp": 11.052629573025486, "incidence_dc": 0.762250315381068, "population": 262381, "taux_positivite": 3.7, "incidence_rea": 0.762250315381068, "incidence_evol": -22.77}, "La R\u00e9union": {"incidence_cas": 220, "incidence_hosp": 5.110954168680073, "incidence_dc": 0.23231609857636695, "population": 860896, "taux_positivite": 4.7, "incidence_rea": 1.2777385421700183, "incidence_evol": 27.91}, "Mayotte": {"incidence_cas": 36, "incidence_hosp": 1.8493039220037577, "incidence_dc": 0.36986078440075154, "population": 270372, "taux_positivite": 2.6, "incidence_rea": 0.0, "incidence_evol": 20.0}}, "donnees_france": {"incidence_cas": 190.833657962725, "incidence_hosp": 5.454816766357504, "incidence_dc": 0.5676823785802264, "population": "67114995", "incidence_rea": 1.1949639570113952}, "date_donnees": "20/11", "date_update": "23/11"}