{"liste_regions": ["Auvergne-Rh\u00f4ne-Alpes", "Hauts-de-France", "Provence-Alpes-C\u00f4te d'Azur", "Grand Est", "Occitanie", "Normandie", "Nouvelle-Aquitaine", "Centre", "Bourgogne-Franche-Comt\u00e9", "Bretagne", "Corse", "Pays de la Loire", "Ile-de-France", "Guadeloupe", "Martinique", "Guyane", "La R\u00e9union", "Mayotte"], "donnees_regions": {"Auvergne-Rh\u00f4ne-Alpes": {"incidence_cas": 1347, "incidence_hosp": 18.006547542552397, "incidence_dc": 0.9914134916752868, "population": 8069287, "taux_positivite": 33.8, "incidence_rea": 1.2764448705319318, "incidence_evol": 9.51}, "Hauts-de-France": {"incidence_cas": 1275, "incidence_hosp": 18.5420488375329, "incidence_dc": 1.275379020571046, "population": 6115829, "taux_positivite": 29.8, "incidence_rea": 2.354545884131162, "incidence_evol": -14.89}, "Provence-Alpes-C\u00f4te d'Azur": {"incidence_cas": 1251, "incidence_hosp": 19.740707283024584, "incidence_dc": 1.6499695639542933, "population": 5091003, "taux_positivite": 25.3, "incidence_rea": 1.4535446158644967, "incidence_evol": -4.5}, "Grand Est": {"incidence_cas": 1258, "incidence_hosp": 20.138604296141697, "incidence_dc": 1.637141782815715, "population": 5680632, "taux_positivite": 30.0, "incidence_rea": 1.5139160572274353, "incidence_evol": -14.25}, "Occitanie": {"incidence_cas": 1363, "incidence_hosp": 16.065484945964165, "incidence_dc": 1.0146622071135263, "population": 5913298, "taux_positivite": 31.5, "incidence_rea": 2.164612708508856, "incidence_evol": 4.28}, "Normandie": {"incidence_cas": 1483, "incidence_hosp": 19.84785451989645, "incidence_dc": 0.904828661936456, "population": 3426063, "taux_positivite": 36.0, "incidence_rea": 1.2842729395227115, "incidence_evol": -12.14}, "Nouvelle-Aquitaine": {"incidence_cas": 1131, "incidence_hosp": 15.021083870024142, "incidence_dc": 1.2352865024690907, "population": 6071466, "taux_positivite": 34.4, "incidence_rea": 1.3011684492674422, "incidence_evol": 3.76}, "Centre": {"incidence_cas": 1375, "incidence_hosp": 17.678108835201495, "incidence_dc": 1.1332121048206087, "population": 2647342, "taux_positivite": 37.7, "incidence_rea": 1.6242706835762057, "incidence_evol": -6.91}, "Bourgogne-Franche-Comt\u00e9": {"incidence_cas": 1443, "incidence_hosp": 21.723047326980748, "incidence_dc": 1.6180399752267751, "population": 2904749, "taux_positivite": 37.1, "incidence_rea": 1.7557455050333093, "incidence_evol": 4.57}, "Bretagne": {"incidence_cas": 1479, "incidence_hosp": 22.106247933065816, "incidence_dc": 1.3558498732280369, "population": 3392706, "taux_positivite": 39.7, "incidence_rea": 1.6505998456689146, "incidence_evol": -10.63}, "Corse": {"incidence_cas": 1672, "incidence_hosp": 25.246225839512146, "incidence_dc": 2.103852153292679, "population": 332723, "taux_positivite": 28.2, "incidence_rea": 3.606603691358878, "incidence_evol": -11.58}, "Pays de la Loire": {"incidence_cas": 1318, "incidence_hosp": 15.390381744285143, "incidence_dc": 1.099312981734653, "population": 3820568, "taux_positivite": 36.5, "incidence_rea": 1.7274918284401692, "incidence_evol": -7.83}, "Ile-de-France": {"incidence_cas": 1183, "incidence_hosp": 15.300040249491238, "incidence_dc": 0.9649410739924993, "population": 12228726, "taux_positivite": 23.2, "incidence_rea": 1.8481074806974989, "incidence_evol": -8.58}, "Guadeloupe": {"incidence_cas": 661, "incidence_hosp": 3.7078968314785605, "incidence_dc": 0.49438624419714144, "population": 404542, "taux_positivite": 16.1, "incidence_rea": 0.49438624419714144, "incidence_evol": -12.22}, "Martinique": {"incidence_cas": 512, "incidence_hosp": 1.8093699515347335, "incidence_dc": 0.7754442649434572, "population": 386875, "taux_positivite": 12.0, "incidence_rea": 0.0, "incidence_evol": -20.0}, "Guyane": {"incidence_cas": 173, "incidence_hosp": 6.479127680739078, "incidence_dc": 0.381125157690534, "population": 262381, "taux_positivite": 10.5, "incidence_rea": 0.0, "incidence_evol": 11.61}, "La R\u00e9union": {"incidence_cas": 1809, "incidence_hosp": 17.77218154109207, "incidence_dc": 0.9292643943054678, "population": 860896, "taux_positivite": 38.8, "incidence_rea": 1.5100546407463853, "incidence_evol": 17.47}, "Mayotte": {"incidence_cas": 29, "incidence_hosp": 0.0, "incidence_dc": 0.0, "population": 270372, "taux_positivite": 3.6, "incidence_rea": 0.0, "incidence_evol": 20.83}}, "donnees_france": {"incidence_cas": 1326.9746947012363, "incidence_hosp": 17.67414271579697, "incidence_dc": 1.1994338970002159, "population": "67114995", "incidence_rea": 1.6792074558003023}, "date_donnees": "13/04", "date_update": "16/04"}