{"liste_regions": ["Auvergne-Rh\u00f4ne-Alpes", "Hauts-de-France", "Provence-Alpes-C\u00f4te d'Azur", "Grand Est", "Occitanie", "Normandie", "Nouvelle-Aquitaine", "Centre", "Bourgogne-Franche-Comt\u00e9", "Bretagne", "Corse", "Pays de la Loire", "Ile-de-France", "Guadeloupe", "Martinique", "Guyane", "La R\u00e9union", "Mayotte"], "donnees_regions": {"Auvergne-Rh\u00f4ne-Alpes": {"incidence_cas": 595, "incidence_hosp": 12.429846651878908, "incidence_dc": 1.164910852718462, "population": 8069287, "taux_positivite": 7.7, "incidence_rea": 2.775957776690803, "incidence_evol": 52.96}, "Hauts-de-France": {"incidence_cas": 409, "incidence_hosp": 7.586870071089299, "incidence_dc": 0.8339016672964532, "population": 6115829, "taux_positivite": 5.7, "incidence_rea": 2.1419827140359877, "incidence_evol": 36.33}, "Provence-Alpes-C\u00f4te d'Azur": {"incidence_cas": 579, "incidence_hosp": 19.210359923182132, "incidence_dc": 1.610684574336334, "population": 5091003, "taux_positivite": 6.5, "incidence_rea": 3.594576550043282, "incidence_evol": 40.88}, "Grand Est": {"incidence_cas": 447, "incidence_hosp": 12.46340195950028, "incidence_dc": 1.1090315302945164, "population": 5680632, "taux_positivite": 5.7, "incidence_rea": 2.534929212101752, "incidence_evol": 44.66}, "Occitanie": {"incidence_cas": 489, "incidence_hosp": 12.514167221066824, "incidence_dc": 1.1499505013953297, "population": 5913298, "taux_positivite": 6.5, "incidence_rea": 2.874876253488324, "incidence_evol": 49.09}, "Normandie": {"incidence_cas": 237, "incidence_hosp": 7.530509509019536, "incidence_dc": 0.8464526192308781, "population": 3426063, "taux_positivite": 4.2, "incidence_rea": 1.2842729395227115, "incidence_evol": 32.4}, "Nouvelle-Aquitaine": {"incidence_cas": 423, "incidence_hosp": 8.169361402995586, "incidence_dc": 0.9388177418765089, "population": 6071466, "taux_positivite": 6.2, "incidence_rea": 1.7952830502550785, "incidence_evol": 41.0}, "Centre": {"incidence_cas": 309, "incidence_hosp": 8.00803220739897, "incidence_dc": 1.0576646311659015, "population": 2647342, "taux_positivite": 5.9, "incidence_rea": 1.586496946748852, "incidence_evol": 47.14}, "Bourgogne-Franche-Comt\u00e9": {"incidence_cas": 482, "incidence_hosp": 14.218095952524642, "incidence_dc": 1.2737761507104401, "population": 2904749, "taux_positivite": 7.2, "incidence_rea": 2.6508314487757807, "incidence_evol": 57.0}, "Bretagne": {"incidence_cas": 295, "incidence_hosp": 5.924474446061639, "incidence_dc": 0.5305499503935797, "population": 3392706, "taux_positivite": 5.1, "incidence_rea": 0.6779249366140184, "incidence_evol": 37.85}, "Corse": {"incidence_cas": 440, "incidence_hosp": 12.923663227369314, "incidence_dc": 3.3060533837456383, "population": 332723, "taux_positivite": 5.5, "incidence_rea": 3.3060533837456383, "incidence_evol": 14.58}, "Pays de la Loire": {"incidence_cas": 367, "incidence_hosp": 9.370334463357281, "incidence_dc": 1.0731388631219232, "population": 3820568, "taux_positivite": 5.7, "incidence_rea": 2.120103607631117, "incidence_evol": 38.49}, "Ile-de-France": {"incidence_cas": 440, "incidence_hosp": 10.115526343463744, "incidence_dc": 1.0876030749237493, "population": 12228726, "taux_positivite": 5.2, "incidence_rea": 2.5759020195562483, "incidence_evol": 43.79}, "Guadeloupe": {"incidence_cas": 35, "incidence_hosp": 2.966317465182849, "incidence_dc": 2.7191243430842778, "population": 404542, "taux_positivite": 1.4, "incidence_rea": 1.4831587325914244, "incidence_evol": -16.67}, "Martinique": {"incidence_cas": 175, "incidence_hosp": 11.890145395799676, "incidence_dc": 4.135702746365105, "population": 386875, "taux_positivite": 4.0, "incidence_rea": 5.945072697899838, "incidence_evol": 19.05}, "Guyane": {"incidence_cas": 89, "incidence_hosp": 8.003628311501213, "incidence_dc": 0.762250315381068, "population": 262381, "taux_positivite": 3.3, "incidence_rea": 0.762250315381068, "incidence_evol": 0.0}, "La R\u00e9union": {"incidence_cas": 307, "incidence_hosp": 6.388692710850091, "incidence_dc": 0.8131063450172844, "population": 860896, "taux_positivite": 4.8, "incidence_rea": 0.8131063450172844, "incidence_evol": 20.39}, "Mayotte": {"incidence_cas": 26, "incidence_hosp": 0.7397215688015031, "incidence_dc": 0.0, "population": 270372, "taux_positivite": 1.3, "incidence_rea": 0.36986078440075154, "incidence_evol": 18.18}}, "donnees_france": {"incidence_cas": 443.9618895896513, "incidence_hosp": 10.79788503299449, "incidence_dc": 1.1145050372126228, "population": "67114995", "incidence_rea": 2.373538134063781}, "date_donnees": "04/12", "date_update": "07/12"}