{"liste_regions": ["Auvergne-Rh\u00f4ne-Alpes", "Hauts-de-France", "Provence-Alpes-C\u00f4te d'Azur", "Grand Est", "Occitanie", "Normandie", "Nouvelle-Aquitaine", "Centre", "Bourgogne-Franche-Comt\u00e9", "Bretagne", "Corse", "Pays de la Loire", "Ile-de-France", "Guadeloupe", "Martinique", "Guyane", "La R\u00e9union", "Mayotte"], "donnees_regions": {"Auvergne-Rh\u00f4ne-Alpes": {"incidence_cas": 229, "incidence_hosp": 4.089580653160558, "incidence_dc": 0.4337434026079379, "population": 8069287, "taux_positivite": 18.1, "incidence_rea": 0.4337434026079379, "incidence_evol": 27.22}, "Hauts-de-France": {"incidence_cas": 260, "incidence_hosp": 5.199622160789649, "incidence_dc": 0.6540405233697673, "population": 6115829, "taux_positivite": 17.2, "incidence_rea": 0.6703915364540114, "incidence_evol": 33.33}, "Provence-Alpes-C\u00f4te d'Azur": {"incidence_cas": 239, "incidence_hosp": 5.735608484222068, "incidence_dc": 0.4517773806065328, "population": 5091003, "taux_positivite": 13.1, "incidence_rea": 0.5303473598424514, "incidence_evol": 20.71}, "Grand Est": {"incidence_cas": 233, "incidence_hosp": 5.668383377060863, "incidence_dc": 0.4929029023531184, "population": 5680632, "taux_positivite": 15.8, "incidence_rea": 0.7041470033615977, "incidence_evol": 26.63}, "Occitanie": {"incidence_cas": 277, "incidence_hosp": 4.430691637729065, "incidence_dc": 0.3720428092749596, "population": 5913298, "taux_positivite": 18.3, "incidence_rea": 0.5242421403419885, "incidence_evol": 30.66}, "Normandie": {"incidence_cas": 265, "incidence_hosp": 7.647261594430692, "incidence_dc": 0.6421364697613557, "population": 3426063, "taux_positivite": 21.3, "incidence_rea": 0.4961963629974113, "incidence_evol": 26.79}, "Nouvelle-Aquitaine": {"incidence_cas": 260, "incidence_hosp": 5.534083531061526, "incidence_dc": 0.49411460098763627, "population": 6071466, "taux_positivite": 20.7, "incidence_rea": 0.49411460098763627, "incidence_evol": 31.31}, "Centre": {"incidence_cas": 267, "incidence_hosp": 4.3817534719730205, "incidence_dc": 0.6421535260650116, "population": 2647342, "taux_positivite": 21.7, "incidence_rea": 0.6799272628923653, "incidence_evol": 30.24}, "Bourgogne-Franche-Comt\u00e9": {"incidence_cas": 226, "incidence_hosp": 5.9557641641325985, "incidence_dc": 0.6196748841294033, "population": 2904749, "taux_positivite": 18.0, "incidence_rea": 0.7918067963875709, "incidence_evol": 29.14}, "Bretagne": {"incidence_cas": 316, "incidence_hosp": 6.513974390943394, "incidence_dc": 0.6189749421258429, "population": 3392706, "taux_positivite": 25.5, "incidence_rea": 0.3831749641731409, "incidence_evol": 24.41}, "Corse": {"incidence_cas": 242, "incidence_hosp": 3.3060533837456383, "incidence_dc": 0.0, "population": 332723, "taux_positivite": 16.1, "incidence_rea": 0.30055030761323986, "incidence_evol": 25.39}, "Pays de la Loire": {"incidence_cas": 283, "incidence_hosp": 4.554296638614991, "incidence_dc": 0.23556706751456852, "population": 3820568, "taux_positivite": 24.7, "incidence_rea": 0.47113413502913704, "incidence_evol": 26.34}, "Ile-de-France": {"incidence_cas": 385, "incidence_hosp": 5.364418174059996, "incidence_dc": 0.2862113355062498, "population": 12228726, "taux_positivite": 17.8, "incidence_rea": 0.7441494723162494, "incidence_evol": 50.39}, "Guadeloupe": {"incidence_cas": 550, "incidence_hosp": 5.685441808267127, "incidence_dc": 0.49438624419714144, "population": 404542, "taux_positivite": 17.5, "incidence_rea": 1.2359656104928536, "incidence_evol": -9.24}, "Martinique": {"incidence_cas": 2228, "incidence_hosp": 11.631663974151857, "incidence_dc": 3.101777059773829, "population": 386875, "taux_positivite": 35.9, "incidence_rea": 1.8093699515347335, "incidence_evol": -0.13}, "Guyane": {"incidence_cas": 269, "incidence_hosp": 11.43375473071602, "incidence_dc": 0.381125157690534, "population": 262381, "taux_positivite": 18.7, "incidence_rea": 0.762250315381068, "incidence_evol": -4.61}, "La R\u00e9union": {"incidence_cas": 177, "incidence_hosp": 6.853324908002826, "incidence_dc": 0.4646321971527339, "population": 860896, "taux_positivite": 13.0, "incidence_rea": 0.5807902464409174, "incidence_evol": -25.32}, "Mayotte": {"incidence_cas": 26, "incidence_hosp": 0.0, "incidence_dc": 0.0, "population": 270372, "taux_positivite": 3.2, "incidence_rea": 0.0, "incidence_evol": -21.21}}, "donnees_france": {"incidence_cas": 305.54274793583755, "incidence_hosp": 5.4086273864730225, "incidence_dc": 0.47530361881126565, "population": "67114995", "incidence_rea": 0.6019519184945182}, "date_donnees": "10/06", "date_update": "13/06"}