{"liste_regions": ["Auvergne-Rh\u00f4ne-Alpes", "Hauts-de-France", "Provence-Alpes-C\u00f4te d'Azur", "Grand Est", "Occitanie", "Normandie", "Nouvelle-Aquitaine", "Centre", "Bourgogne-Franche-Comt\u00e9", "Bretagne", "Corse", "Pays de la Loire", "Ile-de-France", "Guadeloupe", "Martinique", "Guyane", "La R\u00e9union", "Mayotte"], "donnees_regions": {"Auvergne-Rh\u00f4ne-Alpes": {"incidence_cas": 51, "incidence_hosp": 1.9580416460586916, "incidence_dc": 0.3593873907322915, "population": 8069287, "taux_positivite": 1.1, "incidence_rea": 0.5080994144835844, "incidence_evol": -12.07}, "Hauts-de-France": {"incidence_cas": 32, "incidence_hosp": 1.8803665046880806, "incidence_dc": 0.3433712747691278, "population": 6115829, "taux_positivite": 0.7, "incidence_rea": 0.4905303925273254, "incidence_evol": -25.58}, "Provence-Alpes-C\u00f4te d'Azur": {"incidence_cas": 93, "incidence_hosp": 4.96955118667186, "incidence_dc": 1.296404657392659, "population": 5091003, "taux_positivite": 1.1, "incidence_rea": 0.9821247404489842, "incidence_evol": -21.85}, "Grand Est": {"incidence_cas": 43, "incidence_hosp": 1.5139160572274353, "incidence_dc": 0.33446982659675895, "population": 5680632, "taux_positivite": 0.8, "incidence_rea": 0.2640551262605992, "incidence_evol": -21.82}, "Occitanie": {"incidence_cas": 50, "incidence_hosp": 1.5727264210259655, "incidence_dc": 0.4396869564158613, "population": 5913298, "taux_positivite": 1.0, "incidence_rea": 0.3213096989192833, "incidence_evol": -10.71}, "Normandie": {"incidence_cas": 26, "incidence_hosp": 1.0799567900531892, "incidence_dc": 0.35025625623346685, "population": 3426063, "taux_positivite": 0.7, "incidence_rea": 0.2335041708223112, "incidence_evol": -18.75}, "Nouvelle-Aquitaine": {"incidence_cas": 38, "incidence_hosp": 1.169404555670739, "incidence_dc": 0.3458802206913454, "population": 6071466, "taux_positivite": 1.0, "incidence_rea": 0.395291680790109, "incidence_evol": -7.32}, "Centre": {"incidence_cas": 34, "incidence_hosp": 1.208759578475316, "incidence_dc": 0.33996363144618263, "population": 2647342, "taux_positivite": 1.0, "incidence_rea": 0.45328484192824353, "incidence_evol": -24.44}, "Bourgogne-Franche-Comt\u00e9": {"incidence_cas": 37, "incidence_hosp": 2.272141241807812, "incidence_dc": 0.3786902069679687, "population": 2904749, "taux_positivite": 1.0, "incidence_rea": 0.30983744206470165, "incidence_evol": -7.5}, "Bretagne": {"incidence_cas": 31, "incidence_hosp": 1.0021499062989838, "incidence_dc": 0.11789998897635104, "population": 3392706, "taux_positivite": 0.9, "incidence_rea": 0.1473749862204388, "incidence_evol": -26.19}, "Corse": {"incidence_cas": 50, "incidence_hosp": 3.606603691358878, "incidence_dc": 0.30055030761323986, "population": 332723, "taux_positivite": 0.8, "incidence_rea": 0.6011006152264797, "incidence_evol": -18.03}, "Pays de la Loire": {"incidence_cas": 41, "incidence_hosp": 1.3610541678619514, "incidence_dc": 0.10469647445091933, "population": 3820568, "taux_positivite": 1.2, "incidence_rea": 0.4187858978036773, "incidence_evol": 0.0}, "Ile-de-France": {"incidence_cas": 66, "incidence_hosp": 2.4695949520824985, "incidence_dc": 0.36798600279374977, "population": 12228726, "taux_positivite": 1.1, "incidence_rea": 0.7196170721299995, "incidence_evol": -16.46}, "Guadeloupe": {"incidence_cas": 96, "incidence_hosp": 11.123690494435683, "incidence_dc": 4.449476197774273, "population": 404542, "taux_positivite": 2.6, "incidence_rea": 3.2135105872814194, "incidence_evol": -30.94}, "Martinique": {"incidence_cas": 132, "incidence_hosp": 24.297253634894993, "incidence_dc": 5.686591276252019, "population": 386875, "taux_positivite": 3.5, "incidence_rea": 9.822294022617125, "incidence_evol": -28.65}, "Guyane": {"incidence_cas": 538, "incidence_hosp": 44.59164344979248, "incidence_dc": 5.71687736535801, "population": 262381, "taux_positivite": 13.5, "incidence_rea": 10.290379257644418, "incidence_evol": 6.75}, "La R\u00e9union": {"incidence_cas": 38, "incidence_hosp": 1.3938965914582016, "incidence_dc": 0.11615804928818348, "population": 860896, "taux_positivite": 0.9, "incidence_rea": 0.23231609857636695, "incidence_evol": -34.48}, "Mayotte": {"incidence_cas": 36, "incidence_hosp": 1.4794431376030062, "incidence_dc": 0.0, "population": 270372, "taux_positivite": 1.8, "incidence_rea": 0.0, "incidence_evol": 2.86}}, "donnees_france": {"incidence_cas": 52.72890208812502, "incidence_hosp": 2.3586383341010455, "incidence_dc": 0.48275351879263345, "population": "67114995", "incidence_rea": 0.5945020185131505}, "date_donnees": "29/09", "date_update": "02/10"}