{"liste_regions": ["Auvergne-Rh\u00f4ne-Alpes", "Hauts-de-France", "Provence-Alpes-C\u00f4te d'Azur", "Grand Est", "Occitanie", "Normandie", "Nouvelle-Aquitaine", "Centre", "Bourgogne-Franche-Comt\u00e9", "Bretagne", "Corse", "Pays de la Loire", "Ile-de-France", "Guadeloupe", "Martinique", "Guyane", "La R\u00e9union", "Mayotte"], "donnees_regions": {"Auvergne-Rh\u00f4ne-Alpes": {"incidence_cas": 305, "incidence_hosp": 7.621491217253767, "incidence_dc": 0.5576700890673488, "population": 8069287, "taux_positivite": 6.4, "incidence_rea": 1.437549562929166, "incidence_evol": 94.27}, "Hauts-de-France": {"incidence_cas": 247, "incidence_hosp": 5.9027157234121495, "incidence_dc": 0.7194445757067439, "population": 6115829, "taux_positivite": 5.0, "incidence_rea": 1.5860482691716855, "incidence_evol": 80.29}, "Provence-Alpes-C\u00f4te d'Azur": {"incidence_cas": 333, "incidence_hosp": 10.508734722804132, "incidence_dc": 0.4714198754155124, "population": 5091003, "taux_positivite": 5.6, "incidence_rea": 1.5910420795273543, "incidence_evol": 77.13}, "Grand Est": {"incidence_cas": 261, "incidence_hosp": 6.583774481430939, "incidence_dc": 0.5985249528573581, "population": 5680632, "taux_positivite": 4.9, "incidence_rea": 1.531519732311475, "incidence_evol": 76.35}, "Occitanie": {"incidence_cas": 256, "incidence_hosp": 8.523162539753619, "incidence_dc": 0.5749752506976649, "population": 5913298, "taux_positivite": 5.4, "incidence_rea": 2.012413377441827, "incidence_evol": 82.86}, "Normandie": {"incidence_cas": 151, "incidence_hosp": 4.086322989390446, "incidence_dc": 0.7880765765253004, "population": 3426063, "taux_positivite": 3.7, "incidence_rea": 0.7297005338197226, "incidence_evol": 73.56}, "Nouvelle-Aquitaine": {"incidence_cas": 245, "incidence_hosp": 4.578795302485429, "incidence_dc": 0.7576423881810423, "population": 6071466, "taux_positivite": 5.5, "incidence_rea": 1.0046996886748605, "incidence_evol": 66.67}, "Centre": {"incidence_cas": 189, "incidence_hosp": 5.061680734865385, "incidence_dc": 0.793248473374426, "population": 2647342, "taux_positivite": 5.3, "incidence_rea": 1.0198908943385478, "incidence_evol": 56.2}, "Bourgogne-Franche-Comt\u00e9": {"incidence_cas": 241, "incidence_hosp": 7.849215198972441, "incidence_dc": 0.8606595612908378, "population": 2904749, "taux_positivite": 5.6, "incidence_rea": 0.9983650910973718, "incidence_evol": 104.24}, "Bretagne": {"incidence_cas": 172, "incidence_hosp": 3.9201746334636716, "incidence_dc": 0.41264996141722865, "population": 3392706, "taux_positivite": 4.4, "incidence_rea": 0.8842499173226328, "incidence_evol": 45.76}, "Corse": {"incidence_cas": 350, "incidence_hosp": 9.918160151236915, "incidence_dc": 0.0, "population": 332723, "taux_positivite": 5.0, "incidence_rea": 2.404402460905919, "incidence_evol": 43.44}, "Pays de la Loire": {"incidence_cas": 225, "incidence_hosp": 6.595877890407918, "incidence_dc": 0.8113976769946248, "population": 3820568, "taux_positivite": 5.1, "incidence_rea": 1.2825318120237619, "incidence_evol": 35.54}, "Ile-de-France": {"incidence_cas": 249, "incidence_hosp": 6.0595028460037454, "incidence_dc": 0.6378424048424995, "population": 12228726, "taux_positivite": 4.6, "incidence_rea": 1.5618961451912488, "incidence_evol": 80.43}, "Guadeloupe": {"incidence_cas": 43, "incidence_hosp": 2.471931220985707, "incidence_dc": 0.24719312209857072, "population": 404542, "taux_positivite": 2.1, "incidence_rea": 0.9887724883942829, "incidence_evol": -18.87}, "Martinique": {"incidence_cas": 159, "incidence_hosp": 12.924071082390952, "incidence_dc": 1.8093699515347335, "population": 386875, "taux_positivite": 2.4, "incidence_rea": 5.169628432956381, "incidence_evol": 15.22}, "Guyane": {"incidence_cas": 74, "incidence_hosp": 9.909254099953884, "incidence_dc": 1.90562578845267, "population": 262381, "taux_positivite": 3.5, "incidence_rea": 1.143375473071602, "incidence_evol": -6.33}, "La R\u00e9union": {"incidence_cas": 242, "incidence_hosp": 5.110954168680073, "incidence_dc": 0.3484741478645504, "population": 860896, "taux_positivite": 4.8, "incidence_rea": 1.6262126900345688, "incidence_evol": 22.84}, "Mayotte": {"incidence_cas": 25, "incidence_hosp": 1.4794431376030062, "incidence_dc": 0.36986078440075154, "population": 270372, "taux_positivite": 1.7, "incidence_rea": 0.0, "incidence_evol": -24.24}}, "donnees_france": {"incidence_cas": 250.9066714524824, "incidence_hosp": 6.648290743372624, "incidence_dc": 0.6555911983603664, "population": "67114995", "incidence_rea": 1.4318707764188912}, "date_donnees": "24/11", "date_update": "27/11"}