{"liste_regions": ["Auvergne-Rh\u00f4ne-Alpes", "Hauts-de-France", "Provence-Alpes-C\u00f4te d'Azur", "Grand Est", "Occitanie", "Normandie", "Nouvelle-Aquitaine", "Centre", "Bourgogne-Franche-Comt\u00e9", "Bretagne", "Corse", "Pays de la Loire", "Ile-de-France", "Guadeloupe", "Martinique", "Guyane", "La R\u00e9union", "Mayotte"], "donnees_regions": {"Auvergne-Rh\u00f4ne-Alpes": {"incidence_cas": 109, "incidence_hosp": 3.65583725055262, "incidence_dc": 0.37178005937823255, "population": 8069287, "taux_positivite": 4.0, "incidence_rea": 0.8179161306321117, "incidence_evol": 51.39}, "Hauts-de-France": {"incidence_cas": 104, "incidence_hosp": 3.613573891617964, "incidence_dc": 0.32702026168488363, "population": 6115829, "taux_positivite": 3.8, "incidence_rea": 0.8339016672964532, "incidence_evol": 42.47}, "Provence-Alpes-C\u00f4te d'Azur": {"incidence_cas": 135, "incidence_hosp": 5.421328567278393, "incidence_dc": 0.5892748442693905, "population": 5091003, "taux_positivite": 3.4, "incidence_rea": 0.805342287168167, "incidence_evol": 50.0}, "Grand Est": {"incidence_cas": 104, "incidence_hosp": 3.8199974932366683, "incidence_dc": 0.2464514511765592, "population": 5680632, "taux_positivite": 3.4, "incidence_rea": 0.9329947794541171, "incidence_evol": 44.44}, "Occitanie": {"incidence_cas": 97, "incidence_hosp": 3.720428092749596, "incidence_dc": 0.23675451499315608, "population": 5913298, "taux_positivite": 3.5, "incidence_rea": 1.2514167221066823, "incidence_evol": 44.78}, "Normandie": {"incidence_cas": 63, "incidence_hosp": 2.5101698363398453, "incidence_dc": 0.32106823488067787, "population": 3426063, "taux_positivite": 2.8, "incidence_rea": 0.4670083416446224, "incidence_evol": 36.96}, "Nouvelle-Aquitaine": {"incidence_cas": 102, "incidence_hosp": 3.475272693613042, "incidence_dc": 0.26352778719340597, "population": 6071466, "taux_positivite": 4.1, "incidence_rea": 0.9058767684773332, "incidence_evol": 41.67}, "Centre": {"incidence_cas": 84, "incidence_hosp": 3.777373682735363, "incidence_dc": 0.26441615779147537, "population": 2647342, "taux_positivite": 4.1, "incidence_rea": 1.0954383679932551, "incidence_evol": 27.27}, "Bourgogne-Franche-Comt\u00e9": {"incidence_cas": 79, "incidence_hosp": 3.373785480260085, "incidence_dc": 0.4819693543228692, "population": 2904749, "taux_positivite": 3.3, "incidence_rea": 0.6885276490326703, "incidence_evol": 27.42}, "Bretagne": {"incidence_cas": 94, "incidence_hosp": 3.15382470511739, "incidence_dc": 0.20632498070861433, "population": 3392706, "taux_positivite": 4.0, "incidence_rea": 0.5894999448817552, "incidence_evol": 42.42}, "Corse": {"incidence_cas": 182, "incidence_hosp": 4.808804921811838, "incidence_dc": 0.6011006152264797, "population": 332723, "taux_positivite": 4.1, "incidence_rea": 0.6011006152264797, "incidence_evol": 63.96}, "Pays de la Loire": {"incidence_cas": 130, "incidence_hosp": 4.999256655031399, "incidence_dc": 0.7328753211564354, "population": 3820568, "taux_positivite": 4.9, "incidence_rea": 1.1516612189601128, "incidence_evol": 39.78}, "Ile-de-France": {"incidence_cas": 100, "incidence_hosp": 3.8270544290549973, "incidence_dc": 0.4170508031662497, "population": 12228726, "taux_positivite": 2.8, "incidence_rea": 0.8586340065187493, "incidence_evol": 19.05}, "Guadeloupe": {"incidence_cas": 60, "incidence_hosp": 5.191055564069986, "incidence_dc": 0.0, "population": 404542, "taux_positivite": 1.4, "incidence_rea": 0.7415793662957122, "incidence_evol": 22.45}, "Martinique": {"incidence_cas": 118, "incidence_hosp": 5.169628432956381, "incidence_dc": 0.25848142164781907, "population": 386875, "taux_positivite": 1.9, "incidence_rea": 1.8093699515347335, "incidence_evol": 24.21}, "Guyane": {"incidence_cas": 100, "incidence_hosp": 8.384753469191748, "incidence_dc": 1.90562578845267, "population": 262381, "taux_positivite": 5.1, "incidence_rea": 1.143375473071602, "incidence_evol": -26.47}, "La R\u00e9union": {"incidence_cas": 171, "incidence_hosp": 4.414005872950972, "incidence_dc": 0.3484741478645504, "population": 860896, "taux_positivite": 4.6, "incidence_rea": 0.6969482957291008, "incidence_evol": 69.31}, "Mayotte": {"incidence_cas": 30, "incidence_hosp": 0.36986078440075154, "incidence_dc": 0.0, "population": 270372, "taux_positivite": 2.1, "incidence_rea": 0.0, "incidence_evol": -31.82}}, "donnees_france": {"incidence_cas": 104.62341537833684, "incidence_hosp": 3.8858678302814442, "incidence_dc": 0.3769649390572107, "population": "67114995", "incidence_rea": 0.8865380977827683}, "date_donnees": "13/11", "date_update": "16/11"}