{"liste_regions": ["Auvergne-Rh\u00f4ne-Alpes", "Hauts-de-France", "Provence-Alpes-C\u00f4te d'Azur", "Grand Est", "Occitanie", "Normandie", "Nouvelle-Aquitaine", "Centre", "Bourgogne-Franche-Comt\u00e9", "Bretagne", "Corse", "Pays de la Loire", "Ile-de-France", "Guadeloupe", "Martinique", "Guyane", "La R\u00e9union", "Mayotte"], "donnees_regions": {"Auvergne-Rh\u00f4ne-Alpes": {"incidence_cas": 452, "incidence_hosp": 12.305919965419497, "incidence_dc": 1.6854029358479876, "population": 8069287, "taux_positivite": 19.7, "incidence_rea": 1.3012302078238138, "incidence_evol": -34.21}, "Hauts-de-France": {"incidence_cas": 574, "incidence_hosp": 11.57651726364488, "incidence_dc": 1.455240164497732, "population": 6115829, "taux_positivite": 19.0, "incidence_rea": 1.5369952299189529, "incidence_evol": -26.22}, "Provence-Alpes-C\u00f4te d'Azur": {"incidence_cas": 598, "incidence_hosp": 13.415823954533124, "incidence_dc": 2.1606744289877655, "population": 5091003, "taux_positivite": 16.3, "incidence_rea": 1.2178346781567404, "incidence_evol": -24.02}, "Grand Est": {"incidence_cas": 771, "incidence_hosp": 13.713262890467117, "incidence_dc": 2.3940998114294323, "population": 5680632, "taux_positivite": 22.1, "incidence_rea": 1.6547454578997547, "incidence_evol": -23.21}, "Occitanie": {"incidence_cas": 693, "incidence_hosp": 12.108302338221412, "incidence_dc": 1.9955023406566013, "population": 5913298, "taux_positivite": 21.6, "incidence_rea": 1.437438126744162, "incidence_evol": -35.05}, "Normandie": {"incidence_cas": 566, "incidence_hosp": 10.799567900531892, "incidence_dc": 1.2258968968171338, "population": 3426063, "taux_positivite": 20.7, "incidence_rea": 1.1383328327587672, "incidence_evol": -24.03}, "Nouvelle-Aquitaine": {"incidence_cas": 822, "incidence_hosp": 13.192859846369888, "incidence_dc": 2.009399377349721, "population": 6071466, "taux_positivite": 29.9, "incidence_rea": 1.334109422666618, "incidence_evol": -32.84}, "Centre": {"incidence_cas": 521, "incidence_hosp": 9.06569683856487, "incidence_dc": 1.586496946748852, "population": 2647342, "taux_positivite": 22.4, "incidence_rea": 1.1709858416479624, "incidence_evol": -27.13}, "Bourgogne-Franche-Comt\u00e9": {"incidence_cas": 531, "incidence_hosp": 12.186939387878263, "incidence_dc": 1.9967301821947436, "population": 2904749, "taux_positivite": 23.0, "incidence_rea": 1.411481680516974, "incidence_evol": -36.79}, "Bretagne": {"incidence_cas": 716, "incidence_hosp": 11.848948892123278, "incidence_dc": 1.326374875983949, "population": 3392706, "taux_positivite": 27.0, "incidence_rea": 0.9726749090548961, "incidence_evol": -19.37}, "Corse": {"incidence_cas": 604, "incidence_hosp": 10.819811074076634, "incidence_dc": 2.103852153292679, "population": 332723, "taux_positivite": 14.4, "incidence_rea": 2.103852153292679, "incidence_evol": -37.54}, "Pays de la Loire": {"incidence_cas": 548, "incidence_hosp": 8.715981498039035, "incidence_dc": 1.099312981734653, "population": 3820568, "taux_positivite": 23.5, "incidence_rea": 1.4134024050874112, "incidence_evol": -28.27}, "Ile-de-France": {"incidence_cas": 330, "incidence_hosp": 7.376074989332495, "incidence_dc": 1.1203129418387492, "population": 12228726, "taux_positivite": 10.1, "incidence_rea": 1.292039743142499, "incidence_evol": -36.05}, "Guadeloupe": {"incidence_cas": 458, "incidence_hosp": 4.202283075675703, "incidence_dc": 0.7415793662957122, "population": 404542, "taux_positivite": 8.5, "incidence_rea": 0.24719312209857072, "incidence_evol": -26.13}, "Martinique": {"incidence_cas": 888, "incidence_hosp": 11.11470113085622, "incidence_dc": 3.618739903069467, "population": 386875, "taux_positivite": 9.4, "incidence_rea": 1.5508885298869144, "incidence_evol": -35.56}, "Guyane": {"incidence_cas": 56, "incidence_hosp": 4.192376734595874, "incidence_dc": 0.0, "population": 262381, "taux_positivite": 2.9, "incidence_rea": 0.762250315381068, "incidence_evol": -29.11}, "La R\u00e9union": {"incidence_cas": 1119, "incidence_hosp": 15.565178604616586, "incidence_dc": 3.0201092814927706, "population": 860896, "taux_positivite": 32.0, "incidence_rea": 2.67163513362822, "incidence_evol": -28.08}, "Mayotte": {"incidence_cas": 10, "incidence_hosp": 0.0, "incidence_dc": 0.0, "population": 270372, "taux_positivite": 0.8, "incidence_rea": 0.0, "incidence_evol": -33.33}}, "donnees_france": {"incidence_cas": 584.7083799976443, "incidence_hosp": 11.207629531969719, "incidence_dc": 1.6792074558003023, "population": "67114995", "incidence_rea": 1.364821676586581}, "date_donnees": "27/02", "date_update": "02/03"}