{"liste_regions": ["Auvergne-Rh\u00f4ne-Alpes", "Hauts-de-France", "Provence-Alpes-C\u00f4te d'Azur", "Grand Est", "Occitanie", "Normandie", "Nouvelle-Aquitaine", "Centre", "Bourgogne-Franche-Comt\u00e9", "Bretagne", "Corse", "Pays de la Loire", "Ile-de-France", "Guadeloupe", "Martinique", "Guyane", "La R\u00e9union", "Mayotte"], "donnees_regions": {"Auvergne-Rh\u00f4ne-Alpes": {"incidence_cas": 1033, "incidence_hosp": 11.921747237395323, "incidence_dc": 0.8303087992780527, "population": 8069287, "taux_positivite": 29.1, "incidence_rea": 0.9170574797996403, "incidence_evol": 55.34}, "Hauts-de-France": {"incidence_cas": 1460, "incidence_hosp": 15.157389129094353, "incidence_dc": 1.0791668635601157, "population": 6115829, "taux_positivite": 28.6, "incidence_rea": 1.5860482691716855, "incidence_evol": 37.48}, "Provence-Alpes-C\u00f4te d'Azur": {"incidence_cas": 1168, "incidence_hosp": 16.047918258936402, "incidence_dc": 1.3749746366285778, "population": 5091003, "taux_positivite": 23.7, "incidence_rea": 1.433902121055517, "incidence_evol": 30.8}, "Grand Est": {"incidence_cas": 1655, "incidence_hosp": 18.07897431130902, "incidence_dc": 1.672349132983795, "population": 5680632, "taux_positivite": 29.5, "incidence_rea": 1.4435013568912753, "incidence_evol": 27.7}, "Occitanie": {"incidence_cas": 1201, "incidence_hosp": 10.062066887209134, "incidence_dc": 0.9131959864021736, "population": 5913298, "taux_positivite": 29.4, "incidence_rea": 1.1161284278248786, "incidence_evol": 46.29}, "Normandie": {"incidence_cas": 1636, "incidence_hosp": 14.535634633688872, "incidence_dc": 1.196708875464345, "population": 3426063, "taux_positivite": 33.4, "incidence_rea": 0.875640640583667, "incidence_evol": 47.12}, "Nouvelle-Aquitaine": {"incidence_cas": 1141, "incidence_hosp": 10.952873655225936, "incidence_dc": 0.9552882285760969, "population": 6071466, "taux_positivite": 33.5, "incidence_rea": 0.7576423881810423, "incidence_evol": 16.67}, "Centre": {"incidence_cas": 1356, "incidence_hosp": 12.314238205717281, "incidence_dc": 0.8687959470291334, "population": 2647342, "taux_positivite": 35.2, "incidence_rea": 0.9821171575111943, "incidence_evol": 44.87}, "Bourgogne-Franche-Comt\u00e9": {"incidence_cas": 1191, "incidence_hosp": 14.803344454202412, "incidence_dc": 1.4803344454202412, "population": 2904749, "taux_positivite": 32.3, "incidence_rea": 1.067217856000639, "incidence_evol": 54.68}, "Bretagne": {"incidence_cas": 1801, "incidence_hosp": 17.36077337676769, "incidence_dc": 0.854774920078545, "population": 3392706, "taux_positivite": 40.6, "incidence_rea": 0.8252999228344573, "incidence_evol": 35.62}, "Corse": {"incidence_cas": 1739, "incidence_hosp": 17.43191784156791, "incidence_dc": 1.803301845679439, "population": 332723, "taux_positivite": 26.5, "incidence_rea": 1.2022012304529595, "incidence_evol": 45.16}, "Pays de la Loire": {"incidence_cas": 1320, "incidence_hosp": 12.66827340856124, "incidence_dc": 0.8899200328328144, "population": 3820568, "taux_positivite": 34.8, "incidence_rea": 0.9946165072837337, "incidence_evol": 45.7}, "Ile-de-France": {"incidence_cas": 1217, "incidence_hosp": 9.232359936758744, "incidence_dc": 0.6623748050287495, "population": 12228726, "taux_positivite": 22.1, "incidence_rea": 1.0712481414662491, "incidence_evol": 80.3}, "Guadeloupe": {"incidence_cas": 944, "incidence_hosp": 7.168600540858551, "incidence_dc": 1.7303518546899952, "population": 404542, "taux_positivite": 14.4, "incidence_rea": 2.2247380988871366, "incidence_evol": -2.48}, "Martinique": {"incidence_cas": 1085, "incidence_hosp": 10.597738287560581, "incidence_dc": 1.2924071082390953, "population": 386875, "taux_positivite": 13.2, "incidence_rea": 0.5169628432956381, "incidence_evol": -37.79}, "Guyane": {"incidence_cas": 141, "incidence_hosp": 3.81125157690534, "incidence_dc": 0.0, "population": 262381, "taux_positivite": 10.5, "incidence_rea": 0.0, "incidence_evol": 35.58}, "La R\u00e9union": {"incidence_cas": 1323, "incidence_hosp": 12.661227372411998, "incidence_dc": 0.9292643943054678, "population": 860896, "taux_positivite": 35.7, "incidence_rea": 0.4646321971527339, "incidence_evol": 19.95}, "Mayotte": {"incidence_cas": 13, "incidence_hosp": 0.0, "incidence_dc": 0.0, "population": 270372, "taux_positivite": 1.4, "incidence_rea": 0.0, "incidence_evol": -23.53}}, "donnees_france": {"incidence_cas": 1329.4018721151658, "incidence_hosp": 12.956866047594877, "incidence_dc": 1.0236162574399357, "population": "67114995", "incidence_rea": 1.104075177238708}, "date_donnees": "26/03", "date_update": "29/03"}