{"liste_regions": ["Auvergne-Rh\u00f4ne-Alpes", "Hauts-de-France", "Provence-Alpes-C\u00f4te d'Azur", "Grand Est", "Occitanie", "Normandie", "Nouvelle-Aquitaine", "Centre", "Bourgogne-Franche-Comt\u00e9", "Bretagne", "Corse", "Pays de la Loire", "Ile-de-France", "Guadeloupe", "Martinique", "Guyane", "La R\u00e9union", "Mayotte"], "donnees_regions": {"Auvergne-Rh\u00f4ne-Alpes": {"incidence_cas": 248, "incidence_hosp": 7.286889163813357, "incidence_dc": 0.6939894441727007, "population": 8069287, "taux_positivite": 6.0, "incidence_rea": 1.3631935510535194, "incidence_evol": 96.83}, "Hauts-de-France": {"incidence_cas": 213, "incidence_hosp": 5.134218108452672, "incidence_dc": 0.6703915364540114, "population": 6115829, "taux_positivite": 4.9, "incidence_rea": 1.275379020571046, "incidence_evol": 85.22}, "Provence-Alpes-C\u00f4te d'Azur": {"incidence_cas": 273, "incidence_hosp": 9.38911251869229, "incidence_dc": 0.4124923909885733, "population": 5091003, "taux_positivite": 5.1, "incidence_rea": 1.5124721002914359, "incidence_evol": 73.89}, "Grand Est": {"incidence_cas": 225, "incidence_hosp": 6.038060553825701, "incidence_dc": 0.4576955521850386, "population": 5680632, "taux_positivite": 4.7, "incidence_rea": 1.3730866565551156, "incidence_evol": 85.95}, "Occitanie": {"incidence_cas": 214, "incidence_hosp": 7.728343810848024, "incidence_dc": 0.5749752506976649, "population": 5913298, "taux_positivite": 5.1, "incidence_rea": 1.6065484945964164, "incidence_evol": 87.72}, "Normandie": {"incidence_cas": 132, "incidence_hosp": 4.2030750748016015, "incidence_dc": 0.8172645978780892, "population": 3426063, "taux_positivite": 3.5, "incidence_rea": 0.583760427055778, "incidence_evol": 80.82}, "Nouvelle-Aquitaine": {"incidence_cas": 211, "incidence_hosp": 4.430560922189138, "incidence_dc": 0.790583361580218, "population": 6071466, "taux_positivite": 5.3, "incidence_rea": 0.9552882285760969, "incidence_evol": 75.83}, "Centre": {"incidence_cas": 172, "incidence_hosp": 5.061680734865385, "incidence_dc": 0.8687959470291334, "population": 2647342, "taux_positivite": 5.3, "incidence_rea": 1.0198908943385478, "incidence_evol": 81.05}, "Bourgogne-Franche-Comt\u00e9": {"incidence_cas": 196, "incidence_hosp": 7.05740840258487, "incidence_dc": 0.6196748841294033, "population": 2904749, "taux_positivite": 5.2, "incidence_rea": 0.8606595612908378, "incidence_evol": 110.75}, "Bretagne": {"incidence_cas": 151, "incidence_hosp": 3.743324649999145, "incidence_dc": 0.32422496968496534, "population": 3392706, "taux_positivite": 4.2, "incidence_rea": 0.7368749311021939, "incidence_evol": 49.5}, "Corse": {"incidence_cas": 325, "incidence_hosp": 8.715958920783955, "incidence_dc": 0.30055030761323986, "population": 332723, "taux_positivite": 5.1, "incidence_rea": 2.103852153292679, "incidence_evol": 57.77}, "Pays de la Loire": {"incidence_cas": 203, "incidence_hosp": 6.098569636766052, "incidence_dc": 0.6805270839309757, "population": 3820568, "taux_positivite": 5.0, "incidence_rea": 1.256357693411032, "incidence_evol": 38.1}, "Ile-de-France": {"incidence_cas": 208, "incidence_hosp": 5.5606773755499965, "incidence_dc": 0.6460198715712495, "population": 12228726, "taux_positivite": 4.3, "incidence_rea": 1.357459476972499, "incidence_evol": 79.31}, "Guadeloupe": {"incidence_cas": 44, "incidence_hosp": 2.2247380988871366, "incidence_dc": 0.0, "population": 404542, "taux_positivite": 1.7, "incidence_rea": 0.7415793662957122, "incidence_evol": -24.14}, "Martinique": {"incidence_cas": 163, "incidence_hosp": 18.093699515347335, "incidence_dc": 1.5508885298869144, "population": 386875, "taux_positivite": 2.4, "incidence_rea": 5.169628432956381, "incidence_evol": 27.34}, "Guyane": {"incidence_cas": 74, "incidence_hosp": 11.814879888406555, "incidence_dc": 1.524500630762136, "population": 262381, "taux_positivite": 3.5, "incidence_rea": 1.143375473071602, "incidence_evol": -13.95}, "La R\u00e9union": {"incidence_cas": 231, "incidence_hosp": 5.227112217968257, "incidence_dc": 0.4646321971527339, "population": 860896, "taux_positivite": 4.8, "incidence_rea": 1.3938965914582016, "incidence_evol": 26.23}, "Mayotte": {"incidence_cas": 31, "incidence_hosp": 2.2191647064045092, "incidence_dc": 0.36986078440075154, "population": 270372, "taux_positivite": 2.3, "incidence_rea": 0.0, "incidence_evol": 10.71}}, "donnees_france": {"incidence_cas": 212.94049116743585, "incidence_hosp": 6.201296744490557, "incidence_dc": 0.6362214584088101, "population": "67114995", "incidence_rea": 1.269462956825073}, "date_donnees": "22/11", "date_update": "25/11"}