{"liste_regions": ["Auvergne-Rh\u00f4ne-Alpes", "Hauts-de-France", "Provence-Alpes-C\u00f4te d'Azur", "Grand Est", "Occitanie", "Normandie", "Nouvelle-Aquitaine", "Centre", "Bourgogne-Franche-Comt\u00e9", "Bretagne", "Corse", "Pays de la Loire", "Ile-de-France", "Guadeloupe", "Martinique", "Guyane", "La R\u00e9union", "Mayotte"], "donnees_regions": {"Auvergne-Rh\u00f4ne-Alpes": {"incidence_cas": 752, "incidence_hosp": 13.706291522410842, "incidence_dc": 1.177303521364403, "population": 8069287, "taux_positivite": 29.4, "incidence_rea": 1.4003715569913426, "incidence_evol": -27.41}, "Hauts-de-France": {"incidence_cas": 704, "incidence_hosp": 15.108336089841623, "incidence_dc": 1.716856373845639, "population": 6115829, "taux_positivite": 27.5, "incidence_rea": 2.125631700951743, "incidence_evol": -24.22}, "Provence-Alpes-C\u00f4te d'Azur": {"incidence_cas": 751, "incidence_hosp": 15.713995847183748, "incidence_dc": 1.4142596262465372, "population": 5091003, "taux_positivite": 22.9, "incidence_rea": 1.2571196677746996, "incidence_evol": -23.13}, "Grand Est": {"incidence_cas": 729, "incidence_hosp": 15.87851492580403, "incidence_dc": 1.4611050319753156, "population": 5680632, "taux_positivite": 26.7, "incidence_rea": 1.4435013568912753, "incidence_evol": -18.46}, "Occitanie": {"incidence_cas": 750, "incidence_hosp": 11.313483609315817, "incidence_dc": 1.0992173910396534, "population": 5913298, "taux_positivite": 24.3, "incidence_rea": 1.352882942818035, "incidence_evol": -28.84}, "Normandie": {"incidence_cas": 783, "incidence_hosp": 18.242513345493062, "incidence_dc": 1.3426489822282894, "population": 3426063, "taux_positivite": 32.9, "incidence_rea": 0.9340166832892448, "incidence_evol": -25.85}, "Nouvelle-Aquitaine": {"incidence_cas": 617, "incidence_hosp": 10.639934407933767, "incidence_dc": 1.1529340689711514, "population": 6071466, "taux_positivite": 28.5, "incidence_rea": 0.9223472551769211, "incidence_evol": -24.57}, "Centre": {"incidence_cas": 740, "incidence_hosp": 12.087595784753159, "incidence_dc": 1.208759578475316, "population": 2647342, "taux_positivite": 33.7, "incidence_rea": 1.322080788957377, "incidence_evol": -23.63}, "Bourgogne-Franche-Comt\u00e9": {"incidence_cas": 800, "incidence_hosp": 19.829596292140906, "incidence_dc": 1.85902465238821, "population": 2904749, "taux_positivite": 32.3, "incidence_rea": 1.8934510348398434, "incidence_evol": -25.23}, "Bretagne": {"incidence_cas": 819, "incidence_hosp": 16.771273431885934, "incidence_dc": 1.326374875983949, "population": 3392706, "taux_positivite": 36.8, "incidence_rea": 1.326374875983949, "incidence_evol": -20.49}, "Corse": {"incidence_cas": 1053, "incidence_hosp": 14.426414765435512, "incidence_dc": 0.9016509228397195, "population": 332723, "taux_positivite": 25.3, "incidence_rea": 3.9071539989721176, "incidence_evol": -23.97}, "Pays de la Loire": {"incidence_cas": 708, "incidence_hosp": 13.924631101972272, "incidence_dc": 1.099312981734653, "population": 3820568, "taux_positivite": 34.1, "incidence_rea": 1.7274918284401692, "incidence_evol": -23.79}, "Ile-de-France": {"incidence_cas": 586, "incidence_hosp": 11.767374622671241, "incidence_dc": 1.1121354751099992, "population": 12228726, "taux_positivite": 15.9, "incidence_rea": 1.431056677531249, "incidence_evol": -32.72}, "Guadeloupe": {"incidence_cas": 690, "incidence_hosp": 8.404566151351405, "incidence_dc": 0.7415793662957122, "population": 404542, "taux_positivite": 16.9, "incidence_rea": 1.4831587325914244, "incidence_evol": 20.21}, "Martinique": {"incidence_cas": 574, "incidence_hosp": 3.101777059773829, "incidence_dc": 1.2924071082390953, "population": 386875, "taux_positivite": 16.2, "incidence_rea": 0.25848142164781907, "incidence_evol": 28.41}, "Guyane": {"incidence_cas": 151, "incidence_hosp": 5.71687736535801, "incidence_dc": 0.381125157690534, "population": 262381, "taux_positivite": 10.0, "incidence_rea": 0.0, "incidence_evol": 7.86}, "La R\u00e9union": {"incidence_cas": 1629, "incidence_hosp": 17.07523324536297, "incidence_dc": 1.1615804928818347, "population": 860896, "taux_positivite": 37.3, "incidence_rea": 1.742370739322752, "incidence_evol": -2.22}, "Mayotte": {"incidence_cas": 25, "incidence_hosp": 0.0, "incidence_dc": 0.0, "population": 270372, "taux_positivite": 3.1, "incidence_rea": 0.0, "incidence_evol": 25.0}}, "donnees_france": {"incidence_cas": 739.4383326706647, "incidence_hosp": 13.952172685105616, "incidence_dc": 1.2918126567691766, "population": "67114995", "incidence_rea": 1.442300636392806}, "date_donnees": "26/04", "date_update": "29/04"}