{"liste_regions": ["Auvergne-Rh\u00f4ne-Alpes", "Hauts-de-France", "Provence-Alpes-C\u00f4te d'Azur", "Grand Est", "Occitanie", "Normandie", "Nouvelle-Aquitaine", "Centre", "Bourgogne-Franche-Comt\u00e9", "Bretagne", "Corse", "Pays de la Loire", "Ile-de-France", "Guadeloupe", "Martinique", "Guyane", "La R\u00e9union", "Mayotte"], "donnees_regions": {"Auvergne-Rh\u00f4ne-Alpes": {"incidence_cas": 48, "incidence_hosp": 2.3793923800206884, "incidence_dc": 0.33460205344040933, "population": 8069287, "taux_positivite": 1.1, "incidence_rea": 0.37178005937823255, "incidence_evol": -9.43}, "Hauts-de-France": {"incidence_cas": 30, "incidence_hosp": 1.5696972560874412, "incidence_dc": 0.29431823551639524, "population": 6115829, "taux_positivite": 0.7, "incidence_rea": 0.3433712747691278, "incidence_evol": -21.05}, "Provence-Alpes-C\u00f4te d'Azur": {"incidence_cas": 85, "incidence_hosp": 4.242778878739611, "incidence_dc": 1.2571196677746996, "population": 5091003, "taux_positivite": 1.1, "incidence_rea": 0.9624822456400046, "incidence_evol": -16.67}, "Grand Est": {"incidence_cas": 37, "incidence_hosp": 1.4963123821433952, "incidence_dc": 0.33446982659675895, "population": 5680632, "taux_positivite": 0.7, "incidence_rea": 0.2288477760925193, "incidence_evol": -21.28}, "Occitanie": {"incidence_cas": 43, "incidence_hosp": 1.437438126744162, "incidence_dc": 0.23675451499315608, "population": 5913298, "taux_positivite": 0.8, "incidence_rea": 0.270576588563607, "incidence_evol": -20.37}, "Normandie": {"incidence_cas": 25, "incidence_hosp": 0.9632047046420337, "incidence_dc": 0.17512812811673342, "population": 3426063, "taux_positivite": 0.6, "incidence_rea": 0.2043161494695223, "incidence_evol": -19.35}, "Nouvelle-Aquitaine": {"incidence_cas": 31, "incidence_hosp": 1.2517569891686784, "incidence_dc": 0.1811753536954666, "population": 6071466, "taux_positivite": 0.8, "incidence_rea": 0.3788211940905212, "incidence_evol": -22.5}, "Centre": {"incidence_cas": 30, "incidence_hosp": 0.9443434206838407, "incidence_dc": 0.1888686841367681, "population": 2647342, "taux_positivite": 0.9, "incidence_rea": 0.1510949473094145, "incidence_evol": -23.08}, "Bourgogne-Franche-Comt\u00e9": {"incidence_cas": 34, "incidence_hosp": 1.5147608278718747, "incidence_dc": 0.34426382451633514, "population": 2904749, "taux_positivite": 0.9, "incidence_rea": 0.30983744206470165, "incidence_evol": -10.53}, "Bretagne": {"incidence_cas": 27, "incidence_hosp": 1.1200498952753348, "incidence_dc": 0.08842499173226327, "population": 3392706, "taux_positivite": 0.8, "incidence_rea": 0.41264996141722865, "incidence_evol": -27.03}, "Corse": {"incidence_cas": 45, "incidence_hosp": 0.9016509228397195, "incidence_dc": 0.6011006152264797, "population": 332723, "taux_positivite": 0.7, "incidence_rea": 0.6011006152264797, "incidence_evol": -16.67}, "Pays de la Loire": {"incidence_cas": 40, "incidence_hosp": 1.6489694726019795, "incidence_dc": 0.13087059306364918, "population": 3820568, "taux_positivite": 1.2, "incidence_rea": 0.4449600164164072, "incidence_evol": -2.44}, "Ile-de-France": {"incidence_cas": 63, "incidence_hosp": 2.3387554844224985, "incidence_dc": 0.38434093625124977, "population": 12228726, "taux_positivite": 1.0, "incidence_rea": 0.5887776044699995, "incidence_evol": -12.5}, "Guadeloupe": {"incidence_cas": 76, "incidence_hosp": 8.651759273449976, "incidence_dc": 4.696669319872844, "population": 404542, "taux_positivite": 2.1, "incidence_rea": 3.4607037093799904, "incidence_evol": -35.04}, "Martinique": {"incidence_cas": 134, "incidence_hosp": 17.318255250403876, "incidence_dc": 4.652665589660743, "population": 386875, "taux_positivite": 3.4, "incidence_rea": 8.01292407108239, "incidence_evol": -17.28}, "Guyane": {"incidence_cas": 494, "incidence_hosp": 34.30126419214806, "incidence_dc": 7.241377996120146, "population": 262381, "taux_positivite": 12.4, "incidence_rea": 7.62250315381068, "incidence_evol": -8.18}, "La R\u00e9union": {"incidence_cas": 32, "incidence_hosp": 0.9292643943054678, "incidence_dc": 0.23231609857636695, "population": 860896, "taux_positivite": 0.8, "incidence_rea": 0.23231609857636695, "incidence_evol": -33.33}, "Mayotte": {"incidence_cas": 34, "incidence_hosp": 0.7397215688015031, "incidence_dc": 0.0, "population": 270372, "taux_positivite": 1.8, "incidence_rea": 0.0, "incidence_evol": 6.25}}, "donnees_france": {"incidence_cas": 48.06824465978132, "incidence_hosp": 2.151531114619021, "incidence_dc": 0.43060421892305883, "population": "67114995", "incidence_rea": 0.5125531187181046}, "date_donnees": "03/10", "date_update": "06/10"}