{"liste_regions": ["Auvergne-Rh\u00f4ne-Alpes", "Hauts-de-France", "Provence-Alpes-C\u00f4te d'Azur", "Grand Est", "Occitanie", "Normandie", "Nouvelle-Aquitaine", "Centre", "Bourgogne-Franche-Comt\u00e9", "Bretagne", "Corse", "Pays de la Loire", "Ile-de-France", "Guadeloupe", "Martinique", "Guyane", "La R\u00e9union", "Mayotte"], "donnees_regions": {"Auvergne-Rh\u00f4ne-Alpes": {"incidence_cas": 548, "incidence_hosp": 6.778789749329773, "incidence_dc": 0.48331407719170233, "population": 8069287, "taux_positivite": 26.8, "incidence_rea": 0.6072407636511131, "incidence_evol": 48.11}, "Hauts-de-France": {"incidence_cas": 560, "incidence_hosp": 7.78308222810023, "incidence_dc": 0.5559344448643021, "population": 6115829, "taux_positivite": 23.5, "incidence_rea": 0.7357955887909882, "incidence_evol": 48.54}, "Provence-Alpes-C\u00f4te d'Azur": {"incidence_cas": 662, "incidence_hosp": 10.548019712422091, "incidence_dc": 0.43213488579755305, "population": 5091003, "taux_positivite": 22.1, "incidence_rea": 0.7071298131232686, "incidence_evol": 70.18}, "Grand Est": {"incidence_cas": 478, "incidence_hosp": 5.421931925884303, "incidence_dc": 0.33446982659675895, "population": 5680632, "taux_positivite": 21.6, "incidence_rea": 0.5809212777733181, "incidence_evol": 43.54}, "Occitanie": {"incidence_cas": 723, "incidence_hosp": 7.407034111928741, "incidence_dc": 0.4396869564158613, "population": 5913298, "taux_positivite": 28.1, "incidence_rea": 0.6933525081942429, "incidence_evol": 61.02}, "Normandie": {"incidence_cas": 551, "incidence_hosp": 8.376962128250414, "incidence_dc": 0.35025625623346685, "population": 3426063, "taux_positivite": 28.5, "incidence_rea": 0.5253843843502002, "incidence_evol": 45.0}, "Nouvelle-Aquitaine": {"incidence_cas": 624, "incidence_hosp": 7.90583361580218, "incidence_dc": 0.32940973399175755, "population": 6071466, "taux_positivite": 30.4, "incidence_rea": 0.5929375211851635, "incidence_evol": 53.69}, "Centre": {"incidence_cas": 609, "incidence_hosp": 5.62828678727569, "incidence_dc": 0.49105857875559716, "population": 2647342, "taux_positivite": 30.4, "incidence_rea": 0.6421535260650116, "incidence_evol": 50.74}, "Bourgogne-Franche-Comt\u00e9": {"incidence_cas": 518, "incidence_hosp": 9.363976026844316, "incidence_dc": 0.5163957367745028, "population": 2904749, "taux_positivite": 26.5, "incidence_rea": 0.5508221192261362, "incidence_evol": 46.74}, "Bretagne": {"incidence_cas": 731, "incidence_hosp": 8.842499173226328, "incidence_dc": 0.3831749641731409, "population": 3392706, "taux_positivite": 35.3, "incidence_rea": 0.5600249476376674, "incidence_evol": 56.87}, "Corse": {"incidence_cas": 634, "incidence_hosp": 10.819811074076634, "incidence_dc": 0.30055030761323986, "population": 332723, "taux_positivite": 23.5, "incidence_rea": 0.6011006152264797, "incidence_evol": 67.28}, "Pays de la Loire": {"incidence_cas": 663, "incidence_hosp": 6.648226127633379, "incidence_dc": 0.34026354196548786, "population": 3820568, "taux_positivite": 33.5, "incidence_rea": 0.6020047280927863, "incidence_evol": 56.74}, "Ile-de-France": {"incidence_cas": 907, "incidence_hosp": 9.927444608702492, "incidence_dc": 0.46611560353874965, "population": 12228726, "taux_positivite": 24.3, "incidence_rea": 1.144845342024999, "incidence_evol": 48.45}, "Guadeloupe": {"incidence_cas": 688, "incidence_hosp": 5.932634930365698, "incidence_dc": 0.7415793662957122, "population": 404542, "taux_positivite": 19.0, "incidence_rea": 0.9887724883942829, "incidence_evol": 15.05}, "Martinique": {"incidence_cas": 1517, "incidence_hosp": 14.216478190630049, "incidence_dc": 2.8432956381260097, "population": 386875, "taux_positivite": 29.5, "incidence_rea": 2.3263327948303716, "incidence_evol": -25.64}, "Guyane": {"incidence_cas": 454, "incidence_hosp": 16.769506938383497, "incidence_dc": 0.381125157690534, "population": 262381, "taux_positivite": 20.6, "incidence_rea": 1.524500630762136, "incidence_evol": 5.58}, "La R\u00e9union": {"incidence_cas": 203, "incidence_hosp": 5.110954168680073, "incidence_dc": 0.5807902464409174, "population": 860896, "taux_positivite": 12.8, "incidence_rea": 0.5807902464409174, "incidence_evol": 17.34}, "Mayotte": {"incidence_cas": 26, "incidence_hosp": 0.0, "incidence_dc": 0.0, "population": 270372, "taux_positivite": 2.7, "incidence_rea": 0.0, "incidence_evol": 30.0}}, "donnees_france": {"incidence_cas": 693.181903686352, "incidence_hosp": 8.142740679635006, "incidence_dc": 0.45295391886716224, "population": "67114995", "incidence_rea": 0.7405200581479594}, "date_donnees": "24/06", "date_update": "27/06"}