{"liste_regions": ["Auvergne-Rh\u00f4ne-Alpes", "Hauts-de-France", "Provence-Alpes-C\u00f4te d'Azur", "Grand Est", "Occitanie", "Normandie", "Nouvelle-Aquitaine", "Centre", "Bourgogne-Franche-Comt\u00e9", "Bretagne", "Corse", "Pays de la Loire", "Ile-de-France", "Guadeloupe", "Martinique", "Guyane", "La R\u00e9union", "Mayotte"], "donnees_regions": {"Auvergne-Rh\u00f4ne-Alpes": {"incidence_cas": 601, "incidence_hosp": 9.195360135288285, "incidence_dc": 1.2888375391778728, "population": 8069287, "taux_positivite": 23.2, "incidence_rea": 0.9666281543834047, "incidence_evol": 51.01}, "Hauts-de-France": {"incidence_cas": 1003, "incidence_hosp": 12.475822983278308, "incidence_dc": 0.9320077458019183, "population": 6115829, "taux_positivite": 25.2, "incidence_rea": 1.3898361121607554, "incidence_evol": 40.28}, "Provence-Alpes-C\u00f4te d'Azur": {"incidence_cas": 839, "incidence_hosp": 15.792565826419665, "incidence_dc": 2.0035344705159277, "population": 5091003, "taux_positivite": 20.7, "incidence_rea": 0.8642697715951061, "incidence_evol": 32.75}, "Grand Est": {"incidence_cas": 1221, "incidence_hosp": 14.047732717063877, "incidence_dc": 1.4435013568912753, "population": 5680632, "taux_positivite": 26.6, "incidence_rea": 1.1442388804625965, "incidence_evol": 34.62}, "Occitanie": {"incidence_cas": 746, "incidence_hosp": 10.112799997564812, "incidence_dc": 1.1837725749657804, "population": 5913298, "taux_positivite": 25.0, "incidence_rea": 1.1668615381805552, "incidence_evol": 32.74}, "Normandie": {"incidence_cas": 1032, "incidence_hosp": 14.448070569630504, "incidence_dc": 0.9923927259948226, "population": 3426063, "taux_positivite": 28.0, "incidence_rea": 0.6129484484085669, "incidence_evol": 42.94}, "Nouvelle-Aquitaine": {"incidence_cas": 936, "incidence_hosp": 11.414047282814398, "incidence_dc": 1.0046996886748605, "population": 6071466, "taux_positivite": 31.7, "incidence_rea": 0.8399948216789817, "incidence_evol": 29.64}, "Centre": {"incidence_cas": 862, "incidence_hosp": 9.556755417320467, "incidence_dc": 1.0576646311659015, "population": 2647342, "taux_positivite": 30.1, "incidence_rea": 0.793248473374426, "incidence_evol": 38.81}, "Bourgogne-Franche-Comt\u00e9": {"incidence_cas": 692, "incidence_hosp": 13.426289156137072, "incidence_dc": 1.3770552980653405, "population": 2904749, "taux_positivite": 26.2, "incidence_rea": 0.8606595612908378, "incidence_evol": 52.42}, "Bretagne": {"incidence_cas": 1234, "incidence_hosp": 13.79429871023307, "incidence_dc": 1.1200498952753348, "population": 3392706, "taux_positivite": 35.9, "incidence_rea": 0.7368749311021939, "incidence_evol": 35.01}, "Corse": {"incidence_cas": 1033, "incidence_hosp": 11.120361381689873, "incidence_dc": 1.5027515380661993, "population": 332723, "taux_positivite": 22.8, "incidence_rea": 2.404402460905919, "incidence_evol": 87.82}, "Pays de la Loire": {"incidence_cas": 838, "incidence_hosp": 8.663633260813576, "incidence_dc": 0.9684423886710039, "population": 3820568, "taux_positivite": 29.5, "incidence_rea": 0.9160941514455442, "incidence_evol": 40.37}, "Ile-de-France": {"incidence_cas": 583, "incidence_hosp": 7.237058054943745, "incidence_dc": 0.6214874713849996, "population": 12228726, "taux_positivite": 16.2, "incidence_rea": 0.8995213401624994, "incidence_evol": 57.14}, "Guadeloupe": {"incidence_cas": 963, "incidence_hosp": 12.112462982829966, "incidence_dc": 2.471931220985707, "population": 404542, "taux_positivite": 14.4, "incidence_rea": 1.4831587325914244, "incidence_evol": -7.76}, "Martinique": {"incidence_cas": 2026, "incidence_hosp": 10.339256865912763, "incidence_dc": 1.5508885298869144, "population": 386875, "taux_positivite": 19.3, "incidence_rea": 0.7754442649434572, "incidence_evol": -47.28}, "Guyane": {"incidence_cas": 102, "incidence_hosp": 6.860252838429612, "incidence_dc": 0.0, "population": 262381, "taux_positivite": 7.2, "incidence_rea": 0.381125157690534, "incidence_evol": 3.03}, "La R\u00e9union": {"incidence_cas": 1058, "incidence_hosp": 12.661227372411998, "incidence_dc": 0.8131063450172844, "population": 860896, "taux_positivite": 32.4, "incidence_rea": 0.9292643943054678, "incidence_evol": 2.82}, "Mayotte": {"incidence_cas": 19, "incidence_hosp": 0.0, "incidence_dc": 0.0, "population": 270372, "taux_positivite": 1.7, "incidence_rea": 0.0, "incidence_evol": 35.71}}, "donnees_france": {"incidence_cas": 861.0430500665314, "incidence_hosp": 11.134620512152315, "incidence_dc": 1.127914857179085, "population": "67114995", "incidence_rea": 0.9759368975591818}, "date_donnees": "17/03", "date_update": "20/03"}