{"liste_regions": ["Auvergne-Rh\u00f4ne-Alpes", "Hauts-de-France", "Provence-Alpes-C\u00f4te d'Azur", "Grand Est", "Occitanie", "Normandie", "Nouvelle-Aquitaine", "Centre", "Bourgogne-Franche-Comt\u00e9", "Bretagne", "Corse", "Pays de la Loire", "Ile-de-France", "Guadeloupe", "Martinique", "Guyane", "La R\u00e9union", "Mayotte"], "donnees_regions": {"Auvergne-Rh\u00f4ne-Alpes": {"incidence_cas": 53, "incidence_hosp": 2.0323976579343377, "incidence_dc": 0.37178005937823255, "population": 8069287, "taux_positivite": 1.1, "incidence_rea": 0.5948480950051721, "incidence_evol": -14.52}, "Hauts-de-France": {"incidence_cas": 35, "incidence_hosp": 1.6841543476771503, "incidence_dc": 0.31066924860063944, "population": 6115829, "taux_positivite": 0.8, "incidence_rea": 0.5559344448643021, "incidence_evol": -25.53}, "Provence-Alpes-C\u00f4te d'Azur": {"incidence_cas": 98, "incidence_hosp": 5.283831103615535, "incidence_dc": 1.1392646989208217, "population": 5091003, "taux_positivite": 1.2, "incidence_rea": 1.119622204111842, "incidence_evol": -29.5}, "Grand Est": {"incidence_cas": 46, "incidence_hosp": 1.5491234073955154, "incidence_dc": 0.316866151512719, "population": 5680632, "taux_positivite": 0.9, "incidence_rea": 0.42248820201695864, "incidence_evol": -26.98}, "Occitanie": {"incidence_cas": 54, "incidence_hosp": 1.944769230300925, "incidence_dc": 0.541153177127214, "population": 5913298, "taux_positivite": 1.0, "incidence_rea": 0.5749752506976649, "incidence_evol": -11.48}, "Normandie": {"incidence_cas": 28, "incidence_hosp": 1.1091448114059783, "incidence_dc": 0.32106823488067787, "population": 3426063, "taux_positivite": 0.7, "incidence_rea": 0.17512812811673342, "incidence_evol": -12.5}, "Nouvelle-Aquitaine": {"incidence_cas": 38, "incidence_hosp": 1.2188160157695027, "incidence_dc": 0.32940973399175755, "population": 6071466, "taux_positivite": 1.0, "incidence_rea": 0.4776441142880484, "incidence_evol": -17.39}, "Centre": {"incidence_cas": 37, "incidence_hosp": 1.4354019994394378, "incidence_dc": 0.3777373682735362, "population": 2647342, "taux_positivite": 1.1, "incidence_rea": 0.5666060524103044, "incidence_evol": -26.0}, "Bourgogne-Franche-Comt\u00e9": {"incidence_cas": 39, "incidence_hosp": 2.3065676242594453, "incidence_dc": 0.34426382451633514, "population": 2904749, "taux_positivite": 1.0, "incidence_rea": 0.30983744206470165, "incidence_evol": -9.3}, "Bretagne": {"incidence_cas": 33, "incidence_hosp": 1.0316249035430716, "incidence_dc": 0.17684998346452654, "population": 3392706, "taux_positivite": 0.9, "incidence_rea": 0.17684998346452654, "incidence_evol": -31.25}, "Corse": {"incidence_cas": 51, "incidence_hosp": 3.606603691358878, "incidence_dc": 0.6011006152264797, "population": 332723, "taux_positivite": 0.8, "incidence_rea": 0.6011006152264797, "incidence_evol": -26.09}, "Pays de la Loire": {"incidence_cas": 41, "incidence_hosp": 1.5442729981510601, "incidence_dc": 0.13087059306364918, "population": 3820568, "taux_positivite": 1.2, "incidence_rea": 0.4187858978036773, "incidence_evol": -4.65}, "Ile-de-France": {"incidence_cas": 69, "incidence_hosp": 2.657676686843748, "incidence_dc": 0.37616346952249974, "population": 12228726, "taux_positivite": 1.1, "incidence_rea": 0.7114396054012495, "incidence_evol": -17.86}, "Guadeloupe": {"incidence_cas": 106, "incidence_hosp": 13.34842859332282, "incidence_dc": 4.943862441971414, "population": 404542, "taux_positivite": 2.9, "incidence_rea": 2.471931220985707, "incidence_evol": -34.97}, "Martinique": {"incidence_cas": 142, "incidence_hosp": 32.05169628432956, "incidence_dc": 5.169628432956381, "population": 386875, "taux_positivite": 3.9, "incidence_rea": 9.563812600969305, "incidence_evol": -32.38}, "Guyane": {"incidence_cas": 551, "incidence_hosp": 53.357522076674755, "incidence_dc": 5.3357522076674755, "population": 262381, "taux_positivite": 14.5, "incidence_rea": 10.671504415334951, "incidence_evol": 11.31}, "La R\u00e9union": {"incidence_cas": 42, "incidence_hosp": 1.3938965914582016, "incidence_dc": 0.23231609857636695, "population": 860896, "taux_positivite": 1.0, "incidence_rea": 0.23231609857636695, "incidence_evol": -33.33}, "Mayotte": {"incidence_cas": 28, "incidence_hosp": 1.1095823532022546, "incidence_dc": 0.36986078440075154, "population": 270372, "taux_positivite": 1.4, "incidence_rea": 0.0, "incidence_evol": -31.71}}, "donnees_france": {"incidence_cas": 55.30060756169318, "incidence_hosp": 2.562765593590523, "incidence_dc": 0.48275351879263345, "population": "67114995", "incidence_rea": 0.6615511183454607}, "date_donnees": "27/09", "date_update": "30/09"}