{"liste_regions": ["Auvergne-Rh\u00f4ne-Alpes", "Hauts-de-France", "Provence-Alpes-C\u00f4te d'Azur", "Grand Est", "Occitanie", "Normandie", "Nouvelle-Aquitaine", "Centre", "Bourgogne-Franche-Comt\u00e9", "Bretagne", "Corse", "Pays de la Loire", "Ile-de-France", "Guadeloupe", "Martinique", "Guyane", "La R\u00e9union", "Mayotte"], "donnees_regions": {"Auvergne-Rh\u00f4ne-Alpes": {"incidence_cas": 1337, "incidence_hosp": 17.857835518801103, "incidence_dc": 0.9790208230293458, "population": 8069287, "taux_positivite": 33.5, "incidence_rea": 1.1896961900103442, "incidence_evol": 7.05}, "Hauts-de-France": {"incidence_cas": 1223, "incidence_hosp": 18.525697824448656, "incidence_dc": 1.3080810467395345, "population": 6115829, "taux_positivite": 30.2, "incidence_rea": 2.38724791029965, "incidence_evol": -17.92}, "Provence-Alpes-C\u00f4te d'Azur": {"incidence_cas": 1226, "incidence_hosp": 19.603209819361727, "incidence_dc": 1.6499695639542933, "population": 5091003, "taux_positivite": 25.6, "incidence_rea": 1.3946171314375577, "incidence_evol": -6.48}, "Grand Est": {"incidence_cas": 1217, "incidence_hosp": 19.45206096786414, "incidence_dc": 1.5491234073955154, "population": 5680632, "taux_positivite": 30.5, "incidence_rea": 1.4611050319753156, "incidence_evol": -16.13}, "Occitanie": {"incidence_cas": 1338, "incidence_hosp": 16.01475183560849, "incidence_dc": 1.0653953174692024, "population": 5913298, "taux_positivite": 31.4, "incidence_rea": 2.164612708508856, "incidence_evol": 1.98}, "Normandie": {"incidence_cas": 1409, "incidence_hosp": 19.61435034907414, "incidence_dc": 0.9340166832892448, "population": 3426063, "taux_positivite": 36.4, "incidence_rea": 1.2258968968171338, "incidence_evol": -16.82}, "Nouvelle-Aquitaine": {"incidence_cas": 1105, "incidence_hosp": 14.988142896624966, "incidence_dc": 1.202345529069915, "population": 6071466, "taux_positivite": 33.7, "incidence_rea": 1.449402829563733, "incidence_evol": 0.64}, "Centre": {"incidence_cas": 1319, "incidence_hosp": 17.942524992992972, "incidence_dc": 1.1709858416479624, "population": 2647342, "taux_positivite": 37.8, "incidence_rea": 1.586496946748852, "incidence_evol": -11.18}, "Bourgogne-Franche-Comt\u00e9": {"incidence_cas": 1422, "incidence_hosp": 21.92960562169055, "incidence_dc": 1.6524663576784087, "population": 2904749, "taux_positivite": 36.6, "incidence_rea": 1.7557455050333093, "incidence_evol": 1.94}, "Bretagne": {"incidence_cas": 1402, "incidence_hosp": 21.369373001963627, "incidence_dc": 1.4147998677162124, "population": 3392706, "taux_positivite": 39.7, "incidence_rea": 1.5326998566925636, "incidence_evol": -15.08}, "Corse": {"incidence_cas": 1637, "incidence_hosp": 25.847326454738628, "incidence_dc": 2.103852153292679, "population": 332723, "taux_positivite": 28.2, "incidence_rea": 3.3060533837456383, "incidence_evol": -11.7}, "Pays de la Loire": {"incidence_cas": 1261, "incidence_hosp": 15.495078218736062, "incidence_dc": 1.0731388631219232, "population": 3820568, "taux_positivite": 36.9, "incidence_rea": 1.7798400656656288, "incidence_evol": -12.31}, "Ile-de-France": {"incidence_cas": 1151, "incidence_hosp": 15.18555571528874, "incidence_dc": 0.9731185407212494, "population": 12228726, "taux_positivite": 22.8, "incidence_rea": 1.8481074806974989, "incidence_evol": -10.64}, "Guadeloupe": {"incidence_cas": 654, "incidence_hosp": 3.7078968314785605, "incidence_dc": 0.49438624419714144, "population": 404542, "taux_positivite": 15.9, "incidence_rea": 0.49438624419714144, "incidence_evol": -12.92}, "Martinique": {"incidence_cas": 508, "incidence_hosp": 1.8093699515347335, "incidence_dc": 0.7754442649434572, "population": 386875, "taux_positivite": 12.4, "incidence_rea": 0.0, "incidence_evol": -19.11}, "Guyane": {"incidence_cas": 169, "incidence_hosp": 8.384753469191748, "incidence_dc": 0.0, "population": 262381, "taux_positivite": 9.9, "incidence_rea": 0.0, "incidence_evol": 4.97}, "La R\u00e9union": {"incidence_cas": 1829, "incidence_hosp": 17.888339590380255, "incidence_dc": 0.9292643943054678, "population": 860896, "taux_positivite": 38.8, "incidence_rea": 1.3938965914582016, "incidence_evol": 16.57}, "Mayotte": {"incidence_cas": 28, "incidence_hosp": 0.0, "incidence_dc": 0.0, "population": 270372, "taux_positivite": 3.4, "incidence_rea": 0.0, "incidence_evol": 12.0}}, "donnees_france": {"incidence_cas": 1291.1064062509429, "incidence_hosp": 17.546004436117443, "incidence_dc": 1.2009238769964894, "population": "67114995", "incidence_rea": 1.6657976358338402}, "date_donnees": "14/04", "date_update": "17/04"}