{"liste_regions": ["Auvergne-Rh\u00f4ne-Alpes", "Hauts-de-France", "Provence-Alpes-C\u00f4te d'Azur", "Grand Est", "Occitanie", "Normandie", "Nouvelle-Aquitaine", "Centre", "Bourgogne-Franche-Comt\u00e9", "Bretagne", "Corse", "Pays de la Loire", "Ile-de-France", "Guadeloupe", "Martinique", "Guyane", "La R\u00e9union", "Mayotte"], "donnees_regions": {"Auvergne-Rh\u00f4ne-Alpes": {"incidence_cas": 407, "incidence_hosp": 9.8026008989394, "incidence_dc": 1.6854029358479876, "population": 8069287, "taux_positivite": 18.3, "incidence_rea": 1.0533768349049923, "incidence_evol": -24.21}, "Hauts-de-France": {"incidence_cas": 543, "incidence_hosp": 9.990468994473195, "incidence_dc": 1.2426769944025577, "population": 6115829, "taux_positivite": 18.7, "incidence_rea": 1.6841543476771503, "incidence_evol": -18.83}, "Provence-Alpes-C\u00f4te d'Azur": {"incidence_cas": 570, "incidence_hosp": 12.197989276376385, "incidence_dc": 1.9249644912800092, "population": 5091003, "taux_positivite": 15.9, "incidence_rea": 1.2571196677746996, "incidence_evol": -15.68}, "Grand Est": {"incidence_cas": 738, "incidence_hosp": 13.220359988114, "incidence_dc": 2.0596299848326733, "population": 5680632, "taux_positivite": 21.7, "incidence_rea": 1.267464606050876, "incidence_evol": -14.78}, "Occitanie": {"incidence_cas": 601, "incidence_hosp": 9.605468894008048, "incidence_dc": 1.74183678887822, "population": 5913298, "taux_positivite": 21.2, "incidence_rea": 1.2514167221066823, "incidence_evol": -26.44}, "Normandie": {"incidence_cas": 571, "incidence_hosp": 11.295764263529305, "incidence_dc": 1.2842729395227115, "population": 3426063, "taux_positivite": 20.6, "incidence_rea": 1.1383328327587672, "incidence_evol": -9.79}, "Nouvelle-Aquitaine": {"incidence_cas": 721, "incidence_hosp": 11.08463754882264, "incidence_dc": 1.9270469438517812, "population": 6071466, "taux_positivite": 28.2, "incidence_rea": 1.3505799093662059, "incidence_evol": -26.28}, "Centre": {"incidence_cas": 485, "incidence_hosp": 8.687959470291332, "incidence_dc": 1.3976282626120842, "population": 2647342, "taux_positivite": 21.8, "incidence_rea": 1.208759578475316, "incidence_evol": -19.7}, "Bourgogne-Franche-Comt\u00e9": {"incidence_cas": 462, "incidence_hosp": 12.772187889556033, "incidence_dc": 2.340994006711079, "population": 2904749, "taux_positivite": 21.6, "incidence_rea": 1.204923385807173, "incidence_evol": -28.81}, "Bretagne": {"incidence_cas": 728, "incidence_hosp": 11.613148914170576, "incidence_dc": 1.70954984015709, "population": 3392706, "taux_positivite": 27.7, "incidence_rea": 1.0610999007871593, "incidence_evol": -7.5}, "Corse": {"incidence_cas": 501, "incidence_hosp": 8.415408613170715, "incidence_dc": 2.103852153292679, "population": 332723, "taux_positivite": 13.5, "incidence_rea": 1.5027515380661993, "incidence_evol": -32.39}, "Pays de la Loire": {"incidence_cas": 508, "incidence_hosp": 7.826061465206221, "incidence_dc": 0.9422682700582741, "population": 3820568, "taux_positivite": 22.5, "incidence_rea": 1.2040094561855725, "incidence_evol": -21.0}, "Ile-de-France": {"incidence_cas": 305, "incidence_hosp": 6.664635383931245, "incidence_dc": 1.1857326756687492, "population": 12228726, "taux_positivite": 10.3, "incidence_rea": 1.2020876091262491, "incidence_evol": -23.37}, "Guadeloupe": {"incidence_cas": 367, "incidence_hosp": 3.4607037093799904, "incidence_dc": 1.9775449767885658, "population": 404542, "taux_positivite": 8.0, "incidence_rea": 0.49438624419714144, "incidence_evol": -28.32}, "Martinique": {"incidence_cas": 668, "incidence_hosp": 8.01292407108239, "incidence_dc": 4.911147011308563, "population": 386875, "taux_positivite": 8.1, "incidence_rea": 1.5508885298869144, "incidence_evol": -39.38}, "Guyane": {"incidence_cas": 46, "incidence_hosp": 4.192376734595874, "incidence_dc": 0.381125157690534, "population": 262381, "taux_positivite": 2.3, "incidence_rea": 0.381125157690534, "incidence_evol": -24.59}, "La R\u00e9union": {"incidence_cas": 967, "incidence_hosp": 19.630710329703007, "incidence_dc": 1.9746868378991191, "population": 860896, "taux_positivite": 29.8, "incidence_rea": 2.67163513362822, "incidence_evol": -27.13}, "Mayotte": {"incidence_cas": 14, "incidence_hosp": 0.0, "incidence_dc": 0.0, "population": 270372, "taux_positivite": 1.1, "incidence_rea": 0.0, "incidence_evol": 16.67}}, "donnees_france": {"incidence_cas": 539.1731013315281, "incidence_hosp": 10.078224694794361, "incidence_dc": 1.6196082559493596, "population": "67114995", "incidence_rea": 1.269462956825073}, "date_donnees": "02/03", "date_update": "05/03"}