{"liste_regions": ["Auvergne-Rh\u00f4ne-Alpes", "Hauts-de-France", "Provence-Alpes-C\u00f4te d'Azur", "Grand Est", "Occitanie", "Normandie", "Nouvelle-Aquitaine", "Centre", "Bourgogne-Franche-Comt\u00e9", "Bretagne", "Corse", "Pays de la Loire", "Ile-de-France", "Guadeloupe", "Martinique", "Guyane", "La R\u00e9union", "Mayotte"], "donnees_regions": {"Auvergne-Rh\u00f4ne-Alpes": {"incidence_cas": 1286, "incidence_hosp": 16.668139328790758, "incidence_dc": 1.177303521364403, "population": 8069287, "taux_positivite": 32.3, "incidence_rea": 1.2268741959481675, "incidence_evol": -2.5}, "Hauts-de-France": {"incidence_cas": 1124, "incidence_hosp": 14.27443442254517, "incidence_dc": 1.177272942065581, "population": 6115829, "taux_positivite": 30.8, "incidence_rea": 1.733207386929883, "incidence_evol": -23.54}, "Provence-Alpes-C\u00f4te d'Azur": {"incidence_cas": 1164, "incidence_hosp": 18.051452729452333, "incidence_dc": 1.7678245328081714, "population": 5091003, "taux_positivite": 26.0, "incidence_rea": 1.3946171314375577, "incidence_evol": -12.35}, "Grand Est": {"incidence_cas": 1108, "incidence_hosp": 14.452617243996794, "incidence_dc": 1.4258976818072355, "population": 5680632, "taux_positivite": 31.4, "incidence_rea": 1.4611050319753156, "incidence_evol": -22.14}, "Occitanie": {"incidence_cas": 1266, "incidence_hosp": 15.270666217058569, "incidence_dc": 1.1161284278248786, "population": 5913298, "taux_positivite": 31.0, "incidence_rea": 1.8433030095895724, "incidence_evol": -6.77}, "Normandie": {"incidence_cas": 1306, "incidence_hosp": 17.892257089259594, "incidence_dc": 1.488589088992234, "population": 3426063, "taux_positivite": 37.1, "incidence_rea": 0.9923927259948226, "incidence_evol": -22.58}, "Nouvelle-Aquitaine": {"incidence_cas": 1033, "incidence_hosp": 11.924632370501621, "incidence_dc": 1.1364635822715634, "population": 6071466, "taux_positivite": 32.2, "incidence_rea": 1.1364635822715634, "incidence_evol": -8.66}, "Centre": {"incidence_cas": 1218, "incidence_hosp": 17.71588257202885, "incidence_dc": 1.2465333153026696, "population": 2647342, "taux_positivite": 38.2, "incidence_rea": 1.8509131045403278, "incidence_evol": -19.39}, "Bourgogne-Franche-Comt\u00e9": {"incidence_cas": 1360, "incidence_hosp": 19.037789495753334, "incidence_dc": 1.204923385807173, "population": 2904749, "taux_positivite": 35.5, "incidence_rea": 1.342628915613707, "incidence_evol": -5.36}, "Bretagne": {"incidence_cas": 1290, "incidence_hosp": 20.485123084640993, "incidence_dc": 1.2968998787398613, "population": 3392706, "taux_positivite": 40.6, "incidence_rea": 2.063249807086143, "incidence_evol": -21.63}, "Corse": {"incidence_cas": 1565, "incidence_hosp": 20.437420917700308, "incidence_dc": 2.404402460905919, "population": 332723, "taux_positivite": 28.3, "incidence_rea": 1.803301845679439, "incidence_evol": -13.77}, "Pays de la Loire": {"incidence_cas": 1146, "incidence_hosp": 12.589751052723049, "incidence_dc": 0.9160941514455442, "population": 3820568, "taux_positivite": 37.6, "incidence_rea": 1.7013177098274395, "incidence_evol": -21.24}, "Ile-de-France": {"incidence_cas": 1067, "incidence_hosp": 11.464808353707491, "incidence_dc": 0.7932142726887494, "population": 12228726, "taux_positivite": 22.0, "incidence_rea": 1.471944011174999, "incidence_evol": -16.64}, "Guadeloupe": {"incidence_cas": 631, "incidence_hosp": 6.921407418759981, "incidence_dc": 0.7415793662957122, "population": 404542, "taux_positivite": 16.9, "incidence_rea": 0.9887724883942829, "incidence_evol": -12.12}, "Martinique": {"incidence_cas": 480, "incidence_hosp": 0.25848142164781907, "incidence_dc": 0.0, "population": 386875, "taux_positivite": 14.4, "incidence_rea": 0.0, "incidence_evol": -17.95}, "Guyane": {"incidence_cas": 167, "incidence_hosp": 8.003628311501213, "incidence_dc": 0.0, "population": 262381, "taux_positivite": 9.7, "incidence_rea": 0.0, "incidence_evol": -0.6}, "La R\u00e9union": {"incidence_cas": 1827, "incidence_hosp": 16.72675909749842, "incidence_dc": 0.8131063450172844, "population": 860896, "taux_positivite": 39.2, "incidence_rea": 1.5100546407463853, "incidence_evol": 9.6}, "Mayotte": {"incidence_cas": 24, "incidence_hosp": 0.7397215688015031, "incidence_dc": 0.0, "population": 270372, "taux_positivite": 2.9, "incidence_rea": 0.0, "incidence_evol": -20.0}}, "donnees_france": {"incidence_cas": 1208.083230878584, "incidence_hosp": 14.992178722504562, "incidence_dc": 1.1711242770710182, "population": "67114995", "incidence_rea": 1.4855100562847394}, "date_donnees": "17/04", "date_update": "20/04"}