{"liste_regions": ["Auvergne-Rh\u00f4ne-Alpes", "Hauts-de-France", "Provence-Alpes-C\u00f4te d'Azur", "Grand Est", "Occitanie", "Normandie", "Nouvelle-Aquitaine", "Centre", "Bourgogne-Franche-Comt\u00e9", "Bretagne", "Corse", "Pays de la Loire", "Ile-de-France", "Guadeloupe", "Martinique", "Guyane", "La R\u00e9union", "Mayotte"], "donnees_regions": {"Auvergne-Rh\u00f4ne-Alpes": {"incidence_cas": 194, "incidence_hosp": 3.259271853882505, "incidence_dc": 0.3222093847944682, "population": 8069287, "taux_positivite": 16.5, "incidence_rea": 0.3098167161485271, "incidence_evol": 29.33}, "Hauts-de-France": {"incidence_cas": 210, "incidence_hosp": 4.0387002318083125, "incidence_dc": 0.5886364710327905, "population": 6115829, "taux_positivite": 15.3, "incidence_rea": 0.45782836635883706, "incidence_evol": 22.09}, "Provence-Alpes-C\u00f4te d'Azur": {"incidence_cas": 204, "incidence_hosp": 4.419561332020429, "incidence_dc": 0.4517773806065328, "population": 5091003, "taux_positivite": 11.9, "incidence_rea": 0.43213488579755305, "incidence_evol": 18.6}, "Grand Est": {"incidence_cas": 200, "incidence_hosp": 4.348107745757867, "incidence_dc": 0.40488452693291876, "population": 5680632, "taux_positivite": 14.5, "incidence_rea": 0.6161286279413981, "incidence_evol": 30.72}, "Occitanie": {"incidence_cas": 223, "incidence_hosp": 3.872627423816625, "incidence_dc": 0.3213096989192833, "population": 5913298, "taux_positivite": 16.2, "incidence_rea": 0.49042006677153765, "incidence_evol": 25.99}, "Normandie": {"incidence_cas": 210, "incidence_hosp": 6.421364697613558, "incidence_dc": 0.4378203202918335, "population": 3426063, "taux_positivite": 18.8, "incidence_rea": 0.4086322989390446, "incidence_evol": 15.38}, "Nouvelle-Aquitaine": {"incidence_cas": 210, "incidence_hosp": 4.348208488691199, "incidence_dc": 0.395291680790109, "population": 6071466, "taux_positivite": 18.3, "incidence_rea": 0.5435260610863999, "incidence_evol": 29.63}, "Centre": {"incidence_cas": 220, "incidence_hosp": 3.43741005128918, "incidence_dc": 0.3777373682735362, "population": 2647342, "taux_positivite": 19.8, "incidence_rea": 0.604379789237658, "incidence_evol": 26.44}, "Bourgogne-Franche-Comt\u00e9": {"incidence_cas": 188, "incidence_hosp": 5.508221192261362, "incidence_dc": 0.34426382451633514, "population": 2904749, "taux_positivite": 16.4, "incidence_rea": 0.7918067963875709, "incidence_evol": 27.89}, "Bretagne": {"incidence_cas": 256, "incidence_hosp": 5.629724473620762, "incidence_dc": 0.5894999448817552, "population": 3392706, "taux_positivite": 23.1, "incidence_rea": 0.5305499503935797, "incidence_evol": 16.36}, "Corse": {"incidence_cas": 198, "incidence_hosp": 1.803301845679439, "incidence_dc": 0.0, "population": 332723, "taux_positivite": 14.1, "incidence_rea": 0.30055030761323986, "incidence_evol": 10.0}, "Pays de la Loire": {"incidence_cas": 227, "incidence_hosp": 4.0831625035858545, "incidence_dc": 0.23556706751456852, "population": 3820568, "taux_positivite": 21.9, "incidence_rea": 0.34026354196548786, "incidence_evol": 17.01}, "Ile-de-France": {"incidence_cas": 303, "incidence_hosp": 4.195040431848747, "incidence_dc": 0.3270986691499998, "population": 12228726, "taux_positivite": 15.6, "incidence_rea": 0.5315353373687496, "incidence_evol": 47.8}, "Guadeloupe": {"incidence_cas": 515, "incidence_hosp": 3.9550899535771316, "incidence_dc": 0.49438624419714144, "population": 404542, "taux_positivite": 16.6, "incidence_rea": 0.49438624419714144, "incidence_evol": 4.89}, "Martinique": {"incidence_cas": 2115, "incidence_hosp": 8.27140549273021, "incidence_dc": 2.5848142164781907, "population": 386875, "taux_positivite": 34.6, "incidence_rea": 1.8093699515347335, "incidence_evol": 18.89}, "Guyane": {"incidence_cas": 278, "incidence_hosp": 9.909254099953884, "incidence_dc": 0.762250315381068, "population": 262381, "taux_positivite": 17.6, "incidence_rea": 0.0, "incidence_evol": 13.47}, "La R\u00e9union": {"incidence_cas": 191, "incidence_hosp": 5.459428316544623, "incidence_dc": 0.8131063450172844, "population": 860896, "taux_positivite": 14.5, "incidence_rea": 0.5807902464409174, "incidence_evol": -25.68}, "Mayotte": {"incidence_cas": 24, "incidence_hosp": 0.0, "incidence_dc": 0.0, "population": 270372, "taux_positivite": 2.9, "incidence_rea": 0.0, "incidence_evol": -20.0}}, "donnees_france": {"incidence_cas": 251.6337816906639, "incidence_hosp": 4.370111329070351, "incidence_dc": 0.41123447897150256, "population": "67114995", "incidence_rea": 0.5006332787479162}, "date_donnees": "07/06", "date_update": "10/06"}