{"liste_regions": ["Auvergne-Rh\u00f4ne-Alpes", "Hauts-de-France", "Provence-Alpes-C\u00f4te d'Azur", "Grand Est", "Occitanie", "Normandie", "Nouvelle-Aquitaine", "Centre", "Bourgogne-Franche-Comt\u00e9", "Bretagne", "Corse", "Pays de la Loire", "Ile-de-France", "Guadeloupe", "Martinique", "Guyane", "La R\u00e9union", "Mayotte"], "donnees_regions": {"Auvergne-Rh\u00f4ne-Alpes": {"incidence_cas": 675, "incidence_hosp": 13.991322901267484, "incidence_dc": 1.437549562929166, "population": 8069287, "taux_positivite": 7.9, "incidence_rea": 3.060989155547448, "incidence_evol": 23.4}, "Hauts-de-France": {"incidence_cas": 443, "incidence_hosp": 9.303726444934938, "incidence_dc": 1.0791668635601157, "population": 6115829, "taux_positivite": 5.8, "incidence_rea": 2.3218438579626737, "incidence_evol": 14.18}, "Provence-Alpes-C\u00f4te d'Azur": {"incidence_cas": 723, "incidence_hosp": 23.295998843449905, "incidence_dc": 2.042819460133887, "population": 5091003, "taux_positivite": 7.2, "incidence_rea": 4.34099135278451, "incidence_evol": 35.65}, "Grand Est": {"incidence_cas": 485, "incidence_hosp": 12.90349383660128, "incidence_dc": 1.4082940067231955, "population": 5680632, "taux_positivite": 5.8, "incidence_rea": 2.7813806632783113, "incidence_evol": 16.31}, "Occitanie": {"incidence_cas": 572, "incidence_hosp": 13.139875582120165, "incidence_dc": 1.352882942818035, "population": 5913298, "taux_positivite": 6.7, "incidence_rea": 3.11163076848148, "incidence_evol": 26.55}, "Normandie": {"incidence_cas": 263, "incidence_hosp": 8.931534533953403, "incidence_dc": 1.0215807473476115, "population": 3426063, "taux_positivite": 4.5, "incidence_rea": 1.7804693025201228, "incidence_evol": 16.89}, "Nouvelle-Aquitaine": {"incidence_cas": 451, "incidence_hosp": 10.030526400049016, "incidence_dc": 1.0870521221727998, "population": 6071466, "taux_positivite": 6.2, "incidence_rea": 2.223515704444363, "incidence_evol": 13.89}, "Centre": {"incidence_cas": 344, "incidence_hosp": 9.858945311939296, "incidence_dc": 1.1709858416479624, "population": 2647342, "taux_positivite": 6.0, "incidence_rea": 1.9642343150223887, "incidence_evol": 23.3}, "Bourgogne-Franche-Comt\u00e9": {"incidence_cas": 558, "incidence_hosp": 15.698430397944882, "incidence_dc": 1.5836135927751418, "population": 2904749, "taux_positivite": 7.5, "incidence_rea": 2.9606688908404823, "incidence_evol": 25.96}, "Bretagne": {"incidence_cas": 303, "incidence_hosp": 6.366599404722956, "incidence_dc": 1.0021499062989838, "population": 3392706, "taux_positivite": 5.0, "incidence_rea": 0.8252999228344573, "incidence_evol": 7.83}, "Corse": {"incidence_cas": 577, "incidence_hosp": 19.83632030247383, "incidence_dc": 3.3060533837456383, "population": 332723, "taux_positivite": 6.3, "incidence_rea": 3.0055030761323986, "incidence_evol": 35.76}, "Pays de la Loire": {"incidence_cas": 399, "incidence_hosp": 8.271021481622627, "incidence_dc": 1.0731388631219232, "population": 3820568, "taux_positivite": 5.8, "incidence_rea": 1.5442729981510601, "incidence_evol": 15.65}, "Ile-de-France": {"incidence_cas": 494, "incidence_hosp": 11.317613952589992, "incidence_dc": 1.1366678752962491, "population": 12228726, "taux_positivite": 5.4, "incidence_rea": 2.772161221046248, "incidence_evol": 20.49}, "Guadeloupe": {"incidence_cas": 45, "incidence_hosp": 0.9887724883942829, "incidence_dc": 0.9887724883942829, "population": 404542, "taux_positivite": 1.5, "incidence_rea": 0.49438624419714144, "incidence_evol": 28.57}, "Martinique": {"incidence_cas": 173, "incidence_hosp": 19.38610662358643, "incidence_dc": 3.8772213247172855, "population": 386875, "taux_positivite": 3.0, "incidence_rea": 7.4959612277867524, "incidence_evol": -2.81}, "Guyane": {"incidence_cas": 97, "incidence_hosp": 11.052629573025486, "incidence_dc": 1.524500630762136, "population": 262381, "taux_positivite": 3.5, "incidence_rea": 1.143375473071602, "incidence_evol": 7.78}, "La R\u00e9union": {"incidence_cas": 361, "incidence_hosp": 6.969482957291008, "incidence_dc": 0.3484741478645504, "population": 860896, "taux_positivite": 5.3, "incidence_rea": 1.742370739322752, "incidence_evol": 24.48}, "Mayotte": {"incidence_cas": 30, "incidence_hosp": 1.1095823532022546, "incidence_dc": 0.0, "population": 270372, "taux_positivite": 1.2, "incidence_rea": 0.0, "incidence_evol": 30.43}}, "donnees_france": {"incidence_cas": 501.2963198462579, "incidence_hosp": 12.186546389521448, "incidence_dc": 1.303732496739365, "population": "67114995", "incidence_rea": 2.638754573400475}, "date_donnees": "09/12", "date_update": "12/12"}