{"liste_regions": ["Auvergne-Rh\u00f4ne-Alpes", "Hauts-de-France", "Provence-Alpes-C\u00f4te d'Azur", "Grand Est", "Occitanie", "Normandie", "Nouvelle-Aquitaine", "Centre", "Bourgogne-Franche-Comt\u00e9", "Bretagne", "Corse", "Pays de la Loire", "Ile-de-France", "Guadeloupe", "Martinique", "Guyane", "La R\u00e9union", "Mayotte"], "donnees_regions": {"Auvergne-Rh\u00f4ne-Alpes": {"incidence_cas": 389, "incidence_hosp": 5.229706168587138, "incidence_dc": 0.3098167161485271, "population": 8069287, "taux_positivite": 23.0, "incidence_rea": 0.5204920831295256, "incidence_evol": 61.41}, "Hauts-de-France": {"incidence_cas": 389, "incidence_hosp": 5.134218108452672, "incidence_dc": 0.6213384972012789, "population": 6115829, "taux_positivite": 20.2, "incidence_rea": 0.4741793794430812, "incidence_evol": 41.45}, "Provence-Alpes-C\u00f4te d'Azur": {"incidence_cas": 415, "incidence_hosp": 8.917692643276776, "incidence_dc": 0.33392241175265464, "population": 5091003, "taux_positivite": 17.8, "incidence_rea": 0.8642697715951061, "incidence_evol": 64.03}, "Grand Est": {"incidence_cas": 346, "incidence_hosp": 5.069858424203504, "incidence_dc": 0.40488452693291876, "population": 5680632, "taux_positivite": 18.4, "incidence_rea": 0.6689396531935179, "incidence_evol": 43.57}, "Occitanie": {"incidence_cas": 471, "incidence_hosp": 5.360798660916463, "incidence_dc": 0.270576588563607, "population": 5913298, "taux_positivite": 24.0, "incidence_rea": 0.5918862874828902, "incidence_evol": 59.66}, "Normandie": {"incidence_cas": 389, "incidence_hosp": 6.39217667626077, "incidence_dc": 0.35025625623346685, "population": 3426063, "taux_positivite": 25.4, "incidence_rea": 0.4961963629974113, "incidence_evol": 38.43}, "Nouvelle-Aquitaine": {"incidence_cas": 421, "incidence_hosp": 6.094080078847514, "incidence_dc": 0.29646876059258176, "population": 6071466, "taux_positivite": 26.2, "incidence_rea": 0.3623507073909332, "incidence_evol": 52.54}, "Centre": {"incidence_cas": 416, "incidence_hosp": 5.892702945067166, "incidence_dc": 0.22664242096412177, "population": 2647342, "taux_positivite": 26.6, "incidence_rea": 0.7554747365470724, "incidence_evol": 47.0}, "Bourgogne-Franche-Comt\u00e9": {"incidence_cas": 369, "incidence_hosp": 7.780362434069175, "incidence_dc": 0.5508221192261362, "population": 2904749, "taux_positivite": 23.1, "incidence_rea": 0.7229540314843038, "incidence_evol": 56.36}, "Bretagne": {"incidence_cas": 481, "incidence_hosp": 8.01719925039187, "incidence_dc": 0.5894999448817552, "population": 3392706, "taux_positivite": 30.8, "incidence_rea": 0.5600249476376674, "incidence_evol": 45.32}, "Corse": {"incidence_cas": 409, "incidence_hosp": 7.814307997944235, "incidence_dc": 0.30055030761323986, "population": 332723, "taux_positivite": 19.6, "incidence_rea": 0.0, "incidence_evol": 59.77}, "Pays de la Loire": {"incidence_cas": 440, "incidence_hosp": 6.30796258566789, "incidence_dc": 0.314089423352758, "population": 3820568, "taux_positivite": 29.5, "incidence_rea": 0.47113413502913704, "incidence_evol": 47.65}, "Ile-de-France": {"incidence_cas": 642, "incidence_hosp": 7.588689124279995, "incidence_dc": 0.3925184029799997, "population": 12228726, "taux_positivite": 22.0, "incidence_rea": 0.8831664067049994, "incidence_evol": 54.7}, "Guadeloupe": {"incidence_cas": 607, "incidence_hosp": 7.910179907154263, "incidence_dc": 1.7303518546899952, "population": 404542, "taux_positivite": 17.7, "incidence_rea": 1.7303518546899952, "incidence_evol": 8.39}, "Martinique": {"incidence_cas": 1938, "incidence_hosp": 18.610662358642973, "incidence_dc": 2.3263327948303716, "population": 386875, "taux_positivite": 33.0, "incidence_rea": 3.101777059773829, "incidence_evol": -14.81}, "Guyane": {"incidence_cas": 422, "incidence_hosp": 19.818508199907768, "incidence_dc": 0.381125157690534, "population": 262381, "taux_positivite": 21.6, "incidence_rea": 0.762250315381068, "incidence_evol": 48.59}, "La R\u00e9union": {"incidence_cas": 172, "incidence_hosp": 6.156376612273724, "incidence_dc": 1.0454224435936512, "population": 860896, "taux_positivite": 11.2, "incidence_rea": 0.9292643943054678, "incidence_evol": -4.97}, "Mayotte": {"incidence_cas": 20, "incidence_hosp": 0.0, "incidence_dc": 0.0, "population": 270372, "taux_positivite": 2.4, "incidence_rea": 0.0, "incidence_evol": -20.0}}, "donnees_france": {"incidence_cas": 481.72394261520844, "incidence_hosp": 6.618491143447153, "incidence_dc": 0.4142144389640497, "population": "67114995", "incidence_rea": 0.6585711583529136}, "date_donnees": "19/06", "date_update": "22/06"}