{"liste_regions": ["Auvergne-Rh\u00f4ne-Alpes", "Hauts-de-France", "Provence-Alpes-C\u00f4te d'Azur", "Grand Est", "Occitanie", "Normandie", "Nouvelle-Aquitaine", "Centre", "Bourgogne-Franche-Comt\u00e9", "Bretagne", "Corse", "Pays de la Loire", "Ile-de-France", "Guadeloupe", "Martinique", "Guyane", "La R\u00e9union", "Mayotte"], "donnees_regions": {"Auvergne-Rh\u00f4ne-Alpes": {"incidence_cas": 57, "incidence_hosp": 2.6024604156476276, "incidence_dc": 0.22306803562693955, "population": 8069287, "taux_positivite": 2.3, "incidence_rea": 0.5204920831295256, "incidence_evol": 14.0}, "Hauts-de-France": {"incidence_cas": 56, "incidence_hosp": 2.534407028057848, "incidence_dc": 0.27796722243215105, "population": 6115829, "taux_positivite": 2.7, "incidence_rea": 0.8011996411279649, "incidence_evol": 14.29}, "Provence-Alpes-C\u00f4te d'Azur": {"incidence_cas": 76, "incidence_hosp": 3.7910014981330793, "incidence_dc": 0.4517773806065328, "population": 5091003, "taux_positivite": 2.0, "incidence_rea": 0.6874873183142889, "incidence_evol": 0.0}, "Grand Est": {"incidence_cas": 54, "incidence_hosp": 2.0772336599167134, "incidence_dc": 0.316866151512719, "population": 5680632, "taux_positivite": 2.0, "incidence_rea": 0.633732303025438, "incidence_evol": 20.0}, "Occitanie": {"incidence_cas": 54, "incidence_hosp": 1.6403705681668674, "incidence_dc": 0.28748762534883243, "population": 5913298, "taux_positivite": 2.1, "incidence_rea": 0.541153177127214, "incidence_evol": 10.2}, "Normandie": {"incidence_cas": 35, "incidence_hosp": 2.1891016014591673, "incidence_dc": 0.3794442775862557, "population": 3426063, "taux_positivite": 2.0, "incidence_rea": 0.4961963629974113, "incidence_evol": 2.94}, "Nouvelle-Aquitaine": {"incidence_cas": 58, "incidence_hosp": 2.898805659127466, "incidence_dc": 0.4447031408888726, "population": 6071466, "taux_positivite": 2.7, "incidence_rea": 0.7576423881810423, "incidence_evol": 11.54}, "Centre": {"incidence_cas": 56, "incidence_hosp": 2.7952565252241683, "incidence_dc": 0.26441615779147537, "population": 2647342, "taux_positivite": 3.0, "incidence_rea": 0.793248473374426, "incidence_evol": 19.15}, "Bourgogne-Franche-Comt\u00e9": {"incidence_cas": 49, "incidence_hosp": 2.8918161259372153, "incidence_dc": 0.17213191225816757, "population": 2904749, "taux_positivite": 2.3, "incidence_rea": 0.5163957367745028, "incidence_evol": 44.12}, "Bretagne": {"incidence_cas": 55, "incidence_hosp": 2.8295997354324247, "incidence_dc": 0.20632498070861433, "population": 3392706, "taux_positivite": 2.8, "incidence_rea": 0.4421249586613164, "incidence_evol": 19.57}, "Corse": {"incidence_cas": 97, "incidence_hosp": 4.207704306585358, "incidence_dc": 0.0, "population": 332723, "taux_positivite": 2.2, "incidence_rea": 2.404402460905919, "incidence_evol": 36.62}, "Pays de la Loire": {"incidence_cas": 81, "incidence_hosp": 3.7167248430076367, "incidence_dc": 0.5496564908673265, "population": 3820568, "taux_positivite": 3.6, "incidence_rea": 0.628178846705516, "incidence_evol": 6.58}, "Ile-de-France": {"incidence_cas": 72, "incidence_hosp": 2.911178155434998, "incidence_dc": 0.2862113355062498, "population": 12228726, "taux_positivite": 2.1, "incidence_rea": 0.8586340065187493, "incidence_evol": 2.86}, "Guadeloupe": {"incidence_cas": 42, "incidence_hosp": 1.2359656104928536, "incidence_dc": 0.24719312209857072, "population": 404542, "taux_positivite": 1.1, "incidence_rea": 0.49438624419714144, "incidence_evol": -17.65}, "Martinique": {"incidence_cas": 81, "incidence_hosp": 14.474959612277868, "incidence_dc": 3.360258481421648, "population": 386875, "taux_positivite": 1.7, "incidence_rea": 4.652665589660743, "incidence_evol": -34.68}, "Guyane": {"incidence_cas": 146, "incidence_hosp": 19.056257884526698, "incidence_dc": 2.6678761038337377, "population": 262381, "taux_positivite": 7.5, "incidence_rea": 2.286750946143204, "incidence_evol": -34.53}, "La R\u00e9union": {"incidence_cas": 63, "incidence_hosp": 1.3938965914582016, "incidence_dc": 0.0, "population": 860896, "taux_positivite": 2.5, "incidence_rea": 0.4646321971527339, "incidence_evol": 46.51}, "Mayotte": {"incidence_cas": 30, "incidence_hosp": 0.7397215688015031, "incidence_dc": 0.0, "population": 270372, "taux_positivite": 2.4, "incidence_rea": 0.36986078440075154, "incidence_evol": 20.0}}, "donnees_france": {"incidence_cas": 61.85055962531175, "incidence_hosp": 2.8533116928638673, "incidence_dc": 0.34120541914664526, "population": "67114995", "incidence_rea": 0.7092304782262147}, "date_donnees": "02/11", "date_update": "05/11"}