{"liste_regions": ["Auvergne-Rh\u00f4ne-Alpes", "Hauts-de-France", "Provence-Alpes-C\u00f4te d'Azur", "Grand Est", "Occitanie", "Normandie", "Nouvelle-Aquitaine", "Centre", "Bourgogne-Franche-Comt\u00e9", "Bretagne", "Corse", "Pays de la Loire", "Ile-de-France", "Guadeloupe", "Martinique", "Guyane", "La R\u00e9union", "Mayotte"], "donnees_regions": {"Auvergne-Rh\u00f4ne-Alpes": {"incidence_cas": 238, "incidence_hosp": 4.077187984514617, "incidence_dc": 0.37178005937823255, "population": 8069287, "taux_positivite": 18.4, "incidence_rea": 0.4337434026079379, "incidence_evol": 28.65}, "Hauts-de-France": {"incidence_cas": 270, "incidence_hosp": 5.444887357053312, "incidence_dc": 0.5232324186958137, "population": 6115829, "taux_positivite": 17.4, "incidence_rea": 0.6540405233697673, "incidence_evol": 34.33}, "Provence-Alpes-C\u00f4te d'Azur": {"incidence_cas": 248, "incidence_hosp": 5.480256051705332, "incidence_dc": 0.33392241175265464, "population": 5091003, "taux_positivite": 13.3, "incidence_rea": 0.6089173390783702, "incidence_evol": 23.38}, "Grand Est": {"incidence_cas": 242, "incidence_hosp": 5.157876799623704, "incidence_dc": 0.4929029023531184, "population": 5680632, "taux_positivite": 16.0, "incidence_rea": 0.5457139276052383, "incidence_evol": 26.04}, "Occitanie": {"incidence_cas": 291, "incidence_hosp": 4.244670233091584, "incidence_dc": 0.3720428092749596, "population": 5913298, "taux_positivite": 18.8, "incidence_rea": 0.5580642139124393, "incidence_evol": 33.49}, "Normandie": {"incidence_cas": 277, "incidence_hosp": 6.2462365694968245, "incidence_dc": 0.5253843843502002, "population": 3426063, "taux_positivite": 21.7, "incidence_rea": 0.3794442775862557, "incidence_evol": 31.28}, "Nouvelle-Aquitaine": {"incidence_cas": 272, "incidence_hosp": 5.204673797069769, "incidence_dc": 0.5270555743868119, "population": 6071466, "taux_positivite": 21.2, "incidence_rea": 0.46117362758846053, "incidence_evol": 32.68}, "Centre": {"incidence_cas": 281, "incidence_hosp": 4.608395892937142, "incidence_dc": 0.7177009997197189, "population": 2647342, "taux_positivite": 22.2, "incidence_rea": 0.6421535260650116, "incidence_evol": 33.18}, "Bourgogne-Franche-Comt\u00e9": {"incidence_cas": 234, "incidence_hosp": 6.334454371100567, "incidence_dc": 0.6541012665810367, "population": 2904749, "taux_positivite": 18.3, "incidence_rea": 0.6885276490326703, "incidence_evol": 29.28}, "Bretagne": {"incidence_cas": 327, "incidence_hosp": 6.455024396455219, "incidence_dc": 0.5600249476376674, "population": 3392706, "taux_positivite": 25.9, "incidence_rea": 0.26527497519678983, "incidence_evol": 25.77}, "Corse": {"incidence_cas": 253, "incidence_hosp": 3.606603691358878, "incidence_dc": 0.0, "population": 332723, "taux_positivite": 16.4, "incidence_rea": 0.30055030761323986, "incidence_evol": 31.77}, "Pays de la Loire": {"incidence_cas": 294, "incidence_hosp": 5.313346078384156, "incidence_dc": 0.26174118612729835, "population": 3820568, "taux_positivite": 24.9, "incidence_rea": 0.5758306094800564, "incidence_evol": 28.95}, "Ile-de-France": {"incidence_cas": 406, "incidence_hosp": 5.429837907889996, "incidence_dc": 0.2780338687774998, "population": 12228726, "taux_positivite": 18.2, "incidence_rea": 0.7441494723162494, "incidence_evol": 52.06}, "Guadeloupe": {"incidence_cas": 551, "incidence_hosp": 7.168600540858551, "incidence_dc": 0.49438624419714144, "population": 404542, "taux_positivite": 17.3, "incidence_rea": 1.4831587325914244, "incidence_evol": -3.33}, "Martinique": {"incidence_cas": 2244, "incidence_hosp": 15.767366720516963, "incidence_dc": 3.618739903069467, "population": 386875, "taux_positivite": 35.9, "incidence_rea": 2.5848142164781907, "incidence_evol": -1.36}, "Guyane": {"incidence_cas": 281, "incidence_hosp": 14.863881149930828, "incidence_dc": 0.762250315381068, "population": 262381, "taux_positivite": 18.6, "incidence_rea": 1.143375473071602, "incidence_evol": -2.43}, "La R\u00e9union": {"incidence_cas": 179, "incidence_hosp": 5.69174441512099, "incidence_dc": 0.4646321971527339, "population": 860896, "taux_positivite": 12.7, "incidence_rea": 0.4646321971527339, "incidence_evol": -21.49}, "Mayotte": {"incidence_cas": 26, "incidence_hosp": 0.0, "incidence_dc": 0.0, "population": 270372, "taux_positivite": 3.1, "incidence_rea": 0.0, "incidence_evol": -18.75}}, "donnees_france": {"incidence_cas": 318.50259394342504, "incidence_hosp": 5.359458046595996, "incidence_dc": 0.44997395887461517, "population": "67114995", "incidence_rea": 0.5870521185317826}, "date_donnees": "11/06", "date_update": "14/06"}