{"liste_regions": ["Auvergne-Rh\u00f4ne-Alpes", "Hauts-de-France", "Provence-Alpes-C\u00f4te d'Azur", "Grand Est", "Occitanie", "Normandie", "Nouvelle-Aquitaine", "Centre", "Bourgogne-Franche-Comt\u00e9", "Bretagne", "Corse", "Pays de la Loire", "Ile-de-France", "Guadeloupe", "Martinique", "Guyane", "La R\u00e9union", "Mayotte"], "donnees_regions": {"Auvergne-Rh\u00f4ne-Alpes": {"incidence_cas": 432, "incidence_hosp": 16.39550061858006, "incidence_dc": 0.9914134916752868, "population": 8069287, "taux_positivite": 23.1, "incidence_rea": 1.5738689180345178, "incidence_evol": -37.39}, "Hauts-de-France": {"incidence_cas": 455, "incidence_hosp": 11.282199028128485, "incidence_dc": 1.5696972560874412, "population": 6115829, "taux_positivite": 21.6, "incidence_rea": 1.357134085992267, "incidence_evol": -31.06}, "Provence-Alpes-C\u00f4te d'Azur": {"incidence_cas": 468, "incidence_hosp": 11.019439587837603, "incidence_dc": 1.119622204111842, "population": 5091003, "taux_positivite": 16.7, "incidence_rea": 1.119622204111842, "incidence_evol": -33.24}, "Grand Est": {"incidence_cas": 473, "incidence_hosp": 10.720638126180326, "incidence_dc": 1.0386168299583567, "population": 5680632, "taux_positivite": 19.9, "incidence_rea": 0.8801837542019973, "incidence_evol": -30.75}, "Occitanie": {"incidence_cas": 439, "incidence_hosp": 9.504002673296695, "incidence_dc": 1.1499505013953297, "population": 5913298, "taux_positivite": 20.3, "incidence_rea": 0.8793739128317226, "incidence_evol": -36.38}, "Normandie": {"incidence_cas": 478, "incidence_hosp": 12.842729395227115, "incidence_dc": 1.0507687687004004, "population": 3426063, "taux_positivite": 25.6, "incidence_rea": 0.6713244911141447, "incidence_evol": -33.89}, "Nouvelle-Aquitaine": {"incidence_cas": 366, "incidence_hosp": 8.103479456197235, "incidence_dc": 1.0376406620740362, "population": 6071466, "taux_positivite": 22.3, "incidence_rea": 0.7082309280822786, "incidence_evol": -36.35}, "Centre": {"incidence_cas": 490, "incidence_hosp": 16.544896730380888, "incidence_dc": 1.0576646311659015, "population": 2647342, "taux_positivite": 27.3, "incidence_rea": 1.3976282626120842, "incidence_evol": -29.19}, "Bourgogne-Franche-Comt\u00e9": {"incidence_cas": 480, "incidence_hosp": 14.424654247234441, "incidence_dc": 1.411481680516974, "population": 2904749, "taux_positivite": 26.1, "incidence_rea": 0.9639387086457384, "incidence_evol": -34.96}, "Bretagne": {"incidence_cas": 517, "incidence_hosp": 10.846798985824295, "incidence_dc": 1.1495248925194226, "population": 3392706, "taux_positivite": 29.2, "incidence_rea": 0.9137249145667206, "incidence_evol": -32.15}, "Corse": {"incidence_cas": 534, "incidence_hosp": 10.519260766463395, "incidence_dc": 0.9016509228397195, "population": 332723, "taux_positivite": 19.7, "incidence_rea": 1.2022012304529595, "incidence_evol": -44.89}, "Pays de la Loire": {"incidence_cas": 466, "incidence_hosp": 9.29181210751909, "incidence_dc": 0.7852235583818952, "population": 3820568, "taux_positivite": 27.9, "incidence_rea": 1.2040094561855725, "incidence_evol": -29.5}, "Ile-de-France": {"incidence_cas": 312, "incidence_hosp": 7.408784856247495, "incidence_dc": 0.8668114732474993, "population": 12228726, "taux_positivite": 12.7, "incidence_rea": 1.0630706747374992, "incidence_evol": -41.24}, "Guadeloupe": {"incidence_cas": 672, "incidence_hosp": 6.179828052464268, "incidence_dc": 0.0, "population": 404542, "taux_positivite": 17.6, "incidence_rea": 1.7303518546899952, "incidence_evol": -5.62}, "Martinique": {"incidence_cas": 754, "incidence_hosp": 4.652665589660743, "incidence_dc": 0.0, "population": 386875, "taux_positivite": 19.8, "incidence_rea": 0.5169628432956381, "incidence_evol": 33.22}, "Guyane": {"incidence_cas": 149, "incidence_hosp": 3.049001261524272, "incidence_dc": 0.381125157690534, "population": 262381, "taux_positivite": 8.8, "incidence_rea": 0.0, "incidence_evol": -1.97}, "La R\u00e9union": {"incidence_cas": 1104, "incidence_hosp": 15.681336653904768, "incidence_dc": 0.4646321971527339, "population": 860896, "taux_positivite": 33.0, "incidence_rea": 1.5100546407463853, "incidence_evol": -27.56}, "Mayotte": {"incidence_cas": 28, "incidence_hosp": 0.0, "incidence_dc": 0.0, "population": 270372, "taux_positivite": 3.0, "incidence_rea": 0.0, "incidence_evol": 0.0}}, "donnees_france": {"incidence_cas": 450.4656522733854, "incidence_hosp": 11.002012292483967, "incidence_dc": 1.059375777350501, "population": "67114995", "incidence_rea": 1.0921553372685195}, "date_donnees": "04/05", "date_update": "07/05"}