{"liste_regions": ["Auvergne-Rh\u00f4ne-Alpes", "Hauts-de-France", "Provence-Alpes-C\u00f4te d'Azur", "Grand Est", "Occitanie", "Normandie", "Nouvelle-Aquitaine", "Centre", "Bourgogne-Franche-Comt\u00e9", "Bretagne", "Corse", "Pays de la Loire", "Ile-de-France", "Guadeloupe", "Martinique", "Guyane", "La R\u00e9union", "Mayotte"], "donnees_regions": {"Auvergne-Rh\u00f4ne-Alpes": {"incidence_cas": 156, "incidence_hosp": 4.709214085457612, "incidence_dc": 0.5328847517754667, "population": 8069287, "taux_positivite": 5.2, "incidence_rea": 1.0038061603212278, "incidence_evol": 57.58}, "Hauts-de-France": {"incidence_cas": 137, "incidence_hosp": 4.4147735327459285, "incidence_dc": 0.4414773532745928, "population": 6115829, "taux_positivite": 4.3, "incidence_rea": 0.9320077458019183, "incidence_evol": 38.38}, "Provence-Alpes-C\u00f4te d'Azur": {"incidence_cas": 188, "incidence_hosp": 7.051655636423707, "incidence_dc": 0.4714198754155124, "population": 5091003, "taux_positivite": 4.4, "incidence_rea": 1.0999797093028623, "incidence_evol": 56.67}, "Grand Est": {"incidence_cas": 148, "incidence_hosp": 4.559351846766345, "incidence_dc": 0.40488452693291876, "population": 5680632, "taux_positivite": 4.2, "incidence_rea": 1.0034094797902768, "incidence_evol": 54.17}, "Occitanie": {"incidence_cas": 140, "incidence_hosp": 4.7350902998631215, "incidence_dc": 0.4565979932010868, "population": 5913298, "taux_positivite": 4.4, "incidence_rea": 1.352882942818035, "incidence_evol": 52.17}, "Normandie": {"incidence_cas": 87, "incidence_hosp": 4.057134968037658, "incidence_dc": 0.6129484484085669, "population": 3426063, "taux_positivite": 3.2, "incidence_rea": 0.6421364697613557, "incidence_evol": 45.0}, "Nouvelle-Aquitaine": {"incidence_cas": 147, "incidence_hosp": 4.562324815785841, "incidence_dc": 0.3458802206913454, "population": 6071466, "taux_positivite": 4.9, "incidence_rea": 1.0705816354732118, "incidence_evol": 56.38}, "Centre": {"incidence_cas": 120, "incidence_hosp": 5.023906998038032, "incidence_dc": 0.45328484192824353, "population": 2647342, "taux_positivite": 5.0, "incidence_rea": 1.4731757362667914, "incidence_evol": 51.9}, "Bourgogne-Franche-Comt\u00e9": {"incidence_cas": 117, "incidence_hosp": 4.578708866067258, "incidence_dc": 0.6196748841294033, "population": 2904749, "taux_positivite": 4.2, "incidence_rea": 0.7229540314843038, "incidence_evol": 53.95}, "Bretagne": {"incidence_cas": 118, "incidence_hosp": 3.6843746555109695, "incidence_dc": 0.32422496968496534, "population": 3392706, "taux_positivite": 4.3, "incidence_rea": 0.6189749421258429, "incidence_evol": 32.58}, "Corse": {"incidence_cas": 243, "incidence_hosp": 5.409905537038317, "incidence_dc": 0.9016509228397195, "population": 332723, "taux_positivite": 5.1, "incidence_rea": 0.9016509228397195, "incidence_evol": 51.88}, "Pays de la Loire": {"incidence_cas": 166, "incidence_hosp": 5.287171959771427, "incidence_dc": 0.6020047280927863, "population": 3820568, "taux_positivite": 5.2, "incidence_rea": 1.3872282864746812, "incidence_evol": 34.96}, "Ile-de-France": {"incidence_cas": 137, "incidence_hosp": 4.554848967913747, "incidence_dc": 0.4579381368099996, "population": 12228726, "taux_positivite": 3.7, "incidence_rea": 1.0058284076362494, "incidence_evol": 35.64}, "Guadeloupe": {"incidence_cas": 53, "incidence_hosp": 3.4607037093799904, "incidence_dc": 0.49438624419714144, "population": 404542, "taux_positivite": 1.3, "incidence_rea": 0.7415793662957122, "incidence_evol": -15.87}, "Martinique": {"incidence_cas": 137, "incidence_hosp": 15.250403877221325, "incidence_dc": 1.8093699515347335, "population": 386875, "taux_positivite": 2.3, "incidence_rea": 2.8432956381260097, "incidence_evol": 15.13}, "Guyane": {"incidence_cas": 77, "incidence_hosp": 11.814879888406555, "incidence_dc": 0.0, "population": 262381, "taux_positivite": 4.0, "incidence_rea": 0.762250315381068, "incidence_evol": -38.4}, "La R\u00e9union": {"incidence_cas": 197, "incidence_hosp": 5.110954168680073, "incidence_dc": 0.5807902464409174, "population": 860896, "taux_positivite": 4.8, "incidence_rea": 0.6969482957291008, "incidence_evol": 22.36}, "Mayotte": {"incidence_cas": 33, "incidence_hosp": 0.7397215688015031, "incidence_dc": 0.0, "population": 270372, "taux_positivite": 2.4, "incidence_rea": 0.0, "incidence_evol": -23.26}}, "donnees_france": {"incidence_cas": 143.88438828014515, "incidence_hosp": 4.890114347769824, "incidence_dc": 0.4812635387963599, "population": "67114995", "incidence_rea": 1.042985997391492}, "date_donnees": "17/11", "date_update": "20/11"}