{"liste_regions": ["Auvergne-Rh\u00f4ne-Alpes", "Hauts-de-France", "Provence-Alpes-C\u00f4te d'Azur", "Grand Est", "Occitanie", "Normandie", "Nouvelle-Aquitaine", "Centre", "Bourgogne-Franche-Comt\u00e9", "Bretagne", "Corse", "Pays de la Loire", "Ile-de-France", "Guadeloupe", "Martinique", "Guyane", "La R\u00e9union", "Mayotte"], "donnees_regions": {"Auvergne-Rh\u00f4ne-Alpes": {"incidence_cas": 1197, "incidence_hosp": 15.40408712690477, "incidence_dc": 1.0038061603212278, "population": 8069287, "taux_positivite": 30.4, "incidence_rea": 1.449942231575107, "incidence_evol": 19.82}, "Hauts-de-France": {"incidence_cas": 1559, "incidence_hosp": 16.49817220200238, "incidence_dc": 1.3244320598237787, "population": 6115829, "taux_positivite": 28.9, "incidence_rea": 1.733207386929883, "incidence_evol": 9.25}, "Provence-Alpes-C\u00f4te d'Azur": {"incidence_cas": 1345, "incidence_hosp": 18.69965505814866, "incidence_dc": 1.4142596262465372, "population": 5091003, "taux_positivite": 25.1, "incidence_rea": 1.4142596262465372, "incidence_evol": 17.88}, "Grand Est": {"incidence_cas": 1617, "incidence_hosp": 20.525885147990575, "incidence_dc": 1.5139160572274353, "population": 5680632, "taux_positivite": 29.0, "incidence_rea": 1.7603675084039947, "incidence_evol": -0.92}, "Occitanie": {"incidence_cas": 1360, "incidence_hosp": 11.75317056573168, "incidence_dc": 0.7948187289055956, "population": 5913298, "taux_positivite": 29.8, "incidence_rea": 1.2514167221066823, "incidence_evol": 16.64}, "Normandie": {"incidence_cas": 1755, "incidence_hosp": 21.394819651594265, "incidence_dc": 1.2842729395227115, "population": 3426063, "taux_positivite": 34.1, "incidence_rea": 0.6129484484085669, "incidence_evol": 9.96}, "Nouvelle-Aquitaine": {"incidence_cas": 1138, "incidence_hosp": 12.089337237497501, "incidence_dc": 0.9552882285760969, "population": 6071466, "taux_positivite": 33.2, "incidence_rea": 0.7741128748806302, "incidence_evol": 0.18}, "Centre": {"incidence_cas": 1488, "incidence_hosp": 15.751648257006462, "incidence_dc": 0.9443434206838407, "population": 2647342, "taux_positivite": 36.1, "incidence_rea": 1.586496946748852, "incidence_evol": 12.47}, "Bourgogne-Franche-Comt\u00e9": {"incidence_cas": 1376, "incidence_hosp": 20.414844793818673, "incidence_dc": 1.4459080629686076, "population": 2904749, "taux_positivite": 33.8, "incidence_rea": 1.7213191225816755, "incidence_evol": 19.76}, "Bretagne": {"incidence_cas": 1811, "incidence_hosp": 21.369373001963627, "incidence_dc": 1.591649851180739, "population": 3392706, "taux_positivite": 40.2, "incidence_rea": 1.1789998897635103, "incidence_evol": 1.68}, "Corse": {"incidence_cas": 1996, "incidence_hosp": 24.945675531898907, "incidence_dc": 1.803301845679439, "population": 332723, "taux_positivite": 27.6, "incidence_rea": 2.7049527685191586, "incidence_evol": 16.18}, "Pays de la Loire": {"incidence_cas": 1464, "incidence_hosp": 15.180988795383303, "incidence_dc": 1.099312981734653, "population": 3820568, "taux_positivite": 35.7, "incidence_rea": 1.125487100347383, "incidence_evol": 13.49}, "Ile-de-France": {"incidence_cas": 1374, "incidence_hosp": 11.84914928995874, "incidence_dc": 0.7523269390449995, "population": 12228726, "taux_positivite": 23.0, "incidence_rea": 1.3329270767862489, "incidence_evol": 18.04}, "Guadeloupe": {"incidence_cas": 856, "incidence_hosp": 9.393338639745688, "incidence_dc": 0.7415793662957122, "population": 404542, "taux_positivite": 13.8, "incidence_rea": 2.7191243430842778, "incidence_evol": -9.32}, "Martinique": {"incidence_cas": 776, "incidence_hosp": 8.01292407108239, "incidence_dc": 1.2924071082390953, "population": 386875, "taux_positivite": 10.7, "incidence_rea": 0.5169628432956381, "incidence_evol": -32.58}, "Guyane": {"incidence_cas": 140, "incidence_hosp": 4.954627049976942, "incidence_dc": 0.0, "population": 262381, "taux_positivite": 9.9, "incidence_rea": 0.0, "incidence_evol": 2.94}, "La R\u00e9union": {"incidence_cas": 1521, "incidence_hosp": 12.196595175259265, "incidence_dc": 0.6969482957291008, "population": 860896, "taux_positivite": 35.8, "incidence_rea": 0.9292643943054678, "incidence_evol": 17.45}, "Mayotte": {"incidence_cas": 20, "incidence_hosp": 0.0, "incidence_dc": 0.0, "population": 270372, "taux_positivite": 2.2, "incidence_rea": 0.0, "incidence_evol": 42.86}}, "donnees_france": {"incidence_cas": 1445.845298803941, "incidence_hosp": 15.743128640626436, "incidence_dc": 1.1085451172275287, "population": "67114995", "incidence_rea": 1.3484318966275717}, "date_donnees": "01/04", "date_update": "04/04"}