{"liste_regions": ["Auvergne-Rh\u00f4ne-Alpes", "Hauts-de-France", "Provence-Alpes-C\u00f4te d'Azur", "Grand Est", "Occitanie", "Normandie", "Nouvelle-Aquitaine", "Centre", "Bourgogne-Franche-Comt\u00e9", "Bretagne", "Corse", "Pays de la Loire", "Ile-de-France", "Guadeloupe", "Martinique", "Guyane", "La R\u00e9union", "Mayotte"], "donnees_regions": {"Auvergne-Rh\u00f4ne-Alpes": {"incidence_cas": 994, "incidence_hosp": 9.93892025404475, "incidence_dc": 0.40895806531605583, "population": 8069287, "taux_positivite": 30.9, "incidence_rea": 0.9790208230293458, "incidence_evol": 71.97}, "Hauts-de-France": {"incidence_cas": 950, "incidence_hosp": 10.17033013839988, "incidence_dc": 0.637689510285523, "population": 6115829, "taux_positivite": 27.5, "incidence_rea": 1.193623955149825, "incidence_evol": 57.81}, "Provence-Alpes-C\u00f4te d'Azur": {"incidence_cas": 1139, "incidence_hosp": 14.397948694982109, "incidence_dc": 0.4910623702244921, "population": 5091003, "taux_positivite": 25.4, "incidence_rea": 1.0017672352579639, "incidence_evol": 59.52}, "Grand Est": {"incidence_cas": 821, "incidence_hosp": 8.220916264246654, "incidence_dc": 0.2464514511765592, "population": 5680632, "taux_positivite": 25.9, "incidence_rea": 0.5105065774371584, "incidence_evol": 63.22}, "Occitanie": {"incidence_cas": 1220, "incidence_hosp": 10.958351836826083, "incidence_dc": 0.6933525081942429, "population": 5913298, "taux_positivite": 31.1, "incidence_rea": 1.1499505013953297, "incidence_evol": 58.85}, "Normandie": {"incidence_cas": 890, "incidence_hosp": 11.14982415676536, "incidence_dc": 0.6421364697613557, "population": 3426063, "taux_positivite": 32.1, "incidence_rea": 0.4086322989390446, "incidence_evol": 50.85}, "Nouvelle-Aquitaine": {"incidence_cas": 1142, "incidence_hosp": 11.23287192911893, "incidence_dc": 0.3788211940905212, "population": 6071466, "taux_positivite": 35.5, "incidence_rea": 0.6094080078847514, "incidence_evol": 72.51}, "Centre": {"incidence_cas": 995, "incidence_hosp": 8.990149364910163, "incidence_dc": 0.49105857875559716, "population": 2647342, "taux_positivite": 33.8, "incidence_rea": 0.8687959470291334, "incidence_evol": 54.98}, "Bourgogne-Franche-Comt\u00e9": {"incidence_cas": 925, "incidence_hosp": 11.911528328265197, "incidence_dc": 0.5163957367745028, "population": 2904749, "taux_positivite": 31.7, "incidence_rea": 1.067217856000639, "incidence_evol": 70.35}, "Bretagne": {"incidence_cas": 1227, "incidence_hosp": 12.968998787398615, "incidence_dc": 0.5010749531494919, "population": 3392706, "taux_positivite": 39.2, "incidence_rea": 0.7368749311021939, "incidence_evol": 58.32}, "Corse": {"incidence_cas": 1136, "incidence_hosp": 16.229716611114952, "incidence_dc": 0.9016509228397195, "population": 332723, "taux_positivite": 28.2, "incidence_rea": 1.803301845679439, "incidence_evol": 64.64}, "Pays de la Loire": {"incidence_cas": 1239, "incidence_hosp": 11.856875731566616, "incidence_dc": 0.314089423352758, "population": 3820568, "taux_positivite": 38.9, "incidence_rea": 1.2825318120237619, "incidence_evol": 75.99}, "Ile-de-France": {"incidence_cas": 1283, "incidence_hosp": 12.568766362088741, "incidence_dc": 0.6378424048424995, "population": 12228726, "taux_positivite": 24.5, "incidence_rea": 1.3983468106162489, "incidence_evol": 33.92}, "Guadeloupe": {"incidence_cas": 1027, "incidence_hosp": 10.382111128139972, "incidence_dc": 0.24719312209857072, "population": 404542, "taux_positivite": 22.5, "incidence_rea": 1.7303518546899952, "incidence_evol": 40.68}, "Martinique": {"incidence_cas": 1130, "incidence_hosp": 17.835218093699517, "incidence_dc": 2.8432956381260097, "population": 386875, "taux_positivite": 26.1, "incidence_rea": 1.8093699515347335, "incidence_evol": -25.22}, "Guyane": {"incidence_cas": 484, "incidence_hosp": 23.62975977681311, "incidence_dc": 0.381125157690534, "population": 262381, "taux_positivite": 22.4, "incidence_rea": 1.90562578845267, "incidence_evol": 1.26}, "La R\u00e9union": {"incidence_cas": 325, "incidence_hosp": 9.873434189495596, "incidence_dc": 0.8131063450172844, "population": 860896, "taux_positivite": 16.4, "incidence_rea": 0.6969482957291008, "incidence_evol": 50.46}, "Mayotte": {"incidence_cas": 51, "incidence_hosp": 0.0, "incidence_dc": 0.0, "population": 270372, "taux_positivite": 4.1, "incidence_rea": 0.0, "incidence_evol": 75.86}}, "donnees_france": {"incidence_cas": 1141.166739265942, "incidence_hosp": 11.416226731448017, "incidence_dc": 0.5289428986771139, "population": "67114995", "incidence_rea": 1.0146763774622944}, "date_donnees": "02/07", "date_update": "05/07"}