{"liste_regions": ["Auvergne-Rh\u00f4ne-Alpes", "Hauts-de-France", "Provence-Alpes-C\u00f4te d'Azur", "Grand Est", "Occitanie", "Normandie", "Nouvelle-Aquitaine", "Centre", "Bourgogne-Franche-Comt\u00e9", "Bretagne", "Corse", "Pays de la Loire", "Ile-de-France", "Guadeloupe", "Martinique", "Guyane", "La R\u00e9union", "Mayotte"], "donnees_regions": {"Auvergne-Rh\u00f4ne-Alpes": {"incidence_cas": 99, "incidence_hosp": 2.924669800442096, "incidence_dc": 0.3098167161485271, "population": 8069287, "taux_positivite": 3.6, "incidence_rea": 0.718774781464583, "incidence_evol": 62.3}, "Hauts-de-France": {"incidence_cas": 99, "incidence_hosp": 2.9922353944166846, "incidence_dc": 0.32702026168488363, "population": 6115829, "taux_positivite": 3.7, "incidence_rea": 0.6703915364540114, "incidence_evol": 65.0}, "Provence-Alpes-C\u00f4te d'Azur": {"incidence_cas": 120, "incidence_hosp": 4.773126238582063, "incidence_dc": 0.4910623702244921, "population": 5091003, "taux_positivite": 2.9, "incidence_rea": 0.9231972560220452, "incidence_evol": 50.0}, "Grand Est": {"incidence_cas": 96, "incidence_hosp": 2.957417414118711, "incidence_dc": 0.10562205050423966, "population": 5680632, "taux_positivite": 3.1, "incidence_rea": 0.8097690538658375, "incidence_evol": 62.71}, "Occitanie": {"incidence_cas": 91, "incidence_hosp": 2.6888548488508444, "incidence_dc": 0.25366555177838157, "population": 5913298, "taux_positivite": 3.2, "incidence_rea": 0.9131959864021736, "incidence_evol": 59.65}, "Normandie": {"incidence_cas": 59, "incidence_hosp": 2.39341775092869, "incidence_dc": 0.2626921921751001, "population": 3426063, "taux_positivite": 2.6, "incidence_rea": 0.4670083416446224, "incidence_evol": 59.46}, "Nouvelle-Aquitaine": {"incidence_cas": 93, "incidence_hosp": 2.8329237123291144, "incidence_dc": 0.2799982738929939, "population": 6071466, "taux_positivite": 3.7, "incidence_rea": 0.8070538482798059, "incidence_evol": 47.62}, "Centre": {"incidence_cas": 78, "incidence_hosp": 2.946351472533583, "incidence_dc": 0.33996363144618263, "population": 2647342, "taux_positivite": 3.7, "incidence_rea": 0.7177009997197189, "incidence_evol": 32.2}, "Bourgogne-Franche-Comt\u00e9": {"incidence_cas": 76, "incidence_hosp": 3.442638245163351, "incidence_dc": 0.2754110596130681, "population": 2904749, "taux_positivite": 3.0, "incidence_rea": 0.6885276490326703, "incidence_evol": 43.4}, "Bretagne": {"incidence_cas": 88, "incidence_hosp": 2.534849762991547, "incidence_dc": 0.2947499724408776, "population": 3392706, "taux_positivite": 3.7, "incidence_rea": 0.41264996141722865, "incidence_evol": 49.15}, "Corse": {"incidence_cas": 159, "incidence_hosp": 4.508254614198598, "incidence_dc": 1.2022012304529595, "population": 332723, "taux_positivite": 3.3, "incidence_rea": 0.9016509228397195, "incidence_evol": 55.88}, "Pays de la Loire": {"incidence_cas": 122, "incidence_hosp": 4.65899311306591, "incidence_dc": 0.9422682700582741, "population": 3820568, "taux_positivite": 4.5, "incidence_rea": 0.9946165072837337, "incidence_evol": 46.99}, "Ile-de-France": {"incidence_cas": 100, "incidence_hosp": 3.2219218911274976, "incidence_dc": 0.3107437356924998, "population": 12228726, "taux_positivite": 2.7, "incidence_rea": 0.8259241396037494, "incidence_evol": 31.58}, "Guadeloupe": {"incidence_cas": 62, "incidence_hosp": 4.696669319872844, "incidence_dc": 0.24719312209857072, "population": 404542, "taux_positivite": 1.4, "incidence_rea": 0.7415793662957122, "incidence_evol": 47.62}, "Martinique": {"incidence_cas": 118, "incidence_hosp": 6.462035541195476, "incidence_dc": 0.7754442649434572, "population": 386875, "taux_positivite": 1.9, "incidence_rea": 2.3263327948303716, "incidence_evol": 26.88}, "Guyane": {"incidence_cas": 124, "incidence_hosp": 9.909254099953884, "incidence_dc": 2.286750946143204, "population": 262381, "taux_positivite": 5.5, "incidence_rea": 1.524500630762136, "incidence_evol": -11.43}, "La R\u00e9union": {"incidence_cas": 160, "incidence_hosp": 3.2524253800691376, "incidence_dc": 0.0, "population": 860896, "taux_positivite": 4.4, "incidence_rea": 0.8131063450172844, "incidence_evol": 135.29}, "Mayotte": {"incidence_cas": 43, "incidence_hosp": 1.8493039220037577, "incidence_dc": 0.0, "population": 270372, "taux_positivite": 2.9, "incidence_rea": 0.36986078440075154, "incidence_evol": 19.44}}, "donnees_france": {"incidence_cas": 98.32377995409223, "incidence_hosp": 3.2734860518130118, "incidence_dc": 0.34567535913546593, "population": "67114995", "incidence_rea": 0.7896893980249867}, "date_donnees": "10/11", "date_update": "13/11"}