{"liste_regions": ["Auvergne-Rh\u00f4ne-Alpes", "Hauts-de-France", "Provence-Alpes-C\u00f4te d'Azur", "Grand Est", "Occitanie", "Normandie", "Nouvelle-Aquitaine", "Centre", "Bourgogne-Franche-Comt\u00e9", "Bretagne", "Corse", "Pays de la Loire", "Ile-de-France", "Guadeloupe", "Martinique", "Guyane", "La R\u00e9union", "Mayotte"], "donnees_regions": {"Auvergne-Rh\u00f4ne-Alpes": {"incidence_cas": 686, "incidence_hosp": 14.809239031899596, "incidence_dc": 1.6977956044939289, "population": 8069287, "taux_positivite": 8.0, "incidence_rea": 2.924669800442096, "incidence_evol": 7.19}, "Hauts-de-France": {"incidence_cas": 450, "incidence_hosp": 9.66344873278831, "incidence_dc": 1.2426769944025577, "population": 6115829, "taux_positivite": 5.8, "incidence_rea": 2.567109054226336, "incidence_evol": 3.93}, "Provence-Alpes-C\u00f4te d'Azur": {"incidence_cas": 800, "incidence_hosp": 24.474548531988685, "incidence_dc": 2.317814387459603, "population": 5091003, "taux_positivite": 7.6, "incidence_rea": 4.615986280110226, "incidence_evol": 26.78}, "Grand Est": {"incidence_cas": 481, "incidence_hosp": 12.49860930966836, "incidence_dc": 1.9716116094124736, "population": 5680632, "taux_positivite": 5.7, "incidence_rea": 3.0454357895389106, "incidence_evol": 3.44}, "Occitanie": {"incidence_cas": 595, "incidence_hosp": 12.361967889999793, "incidence_dc": 1.3359719060328095, "population": 5913298, "taux_positivite": 6.8, "incidence_rea": 3.145452842051931, "incidence_evol": 13.98}, "Normandie": {"incidence_cas": 276, "incidence_hosp": 9.28179079018687, "incidence_dc": 1.1091448114059783, "population": 3426063, "taux_positivite": 4.5, "incidence_rea": 1.5469651316978117, "incidence_evol": 11.29}, "Nouvelle-Aquitaine": {"incidence_cas": 430, "incidence_hosp": 11.875220910402858, "incidence_dc": 1.169404555670739, "population": 6071466, "taux_positivite": 6.0, "incidence_rea": 2.009399377349721, "incidence_evol": -2.49}, "Centre": {"incidence_cas": 347, "incidence_hosp": 10.992157416759905, "incidence_dc": 1.3976282626120842, "population": 2647342, "taux_positivite": 6.0, "incidence_rea": 2.115329262331803, "incidence_evol": 7.1}, "Bourgogne-Franche-Comt\u00e9": {"incidence_cas": 547, "incidence_hosp": 16.903353783752056, "incidence_dc": 2.065582947098011, "population": 2904749, "taux_positivite": 7.3, "incidence_rea": 2.478699536517613, "incidence_evol": 4.39}, "Bretagne": {"incidence_cas": 296, "incidence_hosp": 7.10347433582515, "incidence_dc": 0.854774920078545, "population": 3392706, "taux_positivite": 4.9, "incidence_rea": 1.1200498952753348, "incidence_evol": -3.9}, "Corse": {"incidence_cas": 645, "incidence_hosp": 15.328065688275231, "incidence_dc": 1.2022012304529595, "population": 332723, "taux_positivite": 6.5, "incidence_rea": 3.0055030761323986, "incidence_evol": 37.53}, "Pays de la Loire": {"incidence_cas": 389, "incidence_hosp": 7.590494397691652, "incidence_dc": 1.0469647445091934, "population": 3820568, "taux_positivite": 5.6, "incidence_rea": 1.8583624215038184, "incidence_evol": 1.57}, "Ile-de-France": {"incidence_cas": 520, "incidence_hosp": 11.971811290889992, "incidence_dc": 1.0630706747374992, "population": 12228726, "taux_positivite": 5.5, "incidence_rea": 2.821226021418748, "incidence_evol": 11.35}, "Guadeloupe": {"incidence_cas": 51, "incidence_hosp": 1.2359656104928536, "incidence_dc": 0.24719312209857072, "population": 404542, "taux_positivite": 1.4, "incidence_rea": 0.24719312209857072, "incidence_evol": 41.67}, "Martinique": {"incidence_cas": 163, "incidence_hosp": 18.86914378029079, "incidence_dc": 6.203554119547658, "population": 386875, "taux_positivite": 2.3, "incidence_rea": 8.529886914378029, "incidence_evol": -7.91}, "Guyane": {"incidence_cas": 112, "incidence_hosp": 9.909254099953884, "incidence_dc": 1.524500630762136, "population": 262381, "taux_positivite": 3.8, "incidence_rea": 0.762250315381068, "incidence_evol": 34.94}, "La R\u00e9union": {"incidence_cas": 443, "incidence_hosp": 7.898747351596477, "incidence_dc": 0.4646321971527339, "population": 860896, "taux_positivite": 6.2, "incidence_rea": 1.1615804928818347, "incidence_evol": 38.01}, "Mayotte": {"incidence_cas": 31, "incidence_hosp": 0.7397215688015031, "incidence_dc": 0.0, "population": 270372, "taux_positivite": 1.0, "incidence_rea": 0.0, "incidence_evol": 24.0}}, "donnees_france": {"incidence_cas": 515.3960005509946, "incidence_hosp": 12.68568968827309, "incidence_dc": 1.4363407164077118, "population": "67114995", "incidence_rea": 2.681963993292408}, "date_donnees": "13/12", "date_update": "16/12"}