{"liste_regions": ["Auvergne-Rh\u00f4ne-Alpes", "Hauts-de-France", "Provence-Alpes-C\u00f4te d'Azur", "Grand Est", "Occitanie", "Normandie", "Nouvelle-Aquitaine", "Centre", "Bourgogne-Franche-Comt\u00e9", "Bretagne", "Corse", "Pays de la Loire", "Ile-de-France", "Guadeloupe", "Martinique", "Guyane", "La R\u00e9union", "Mayotte"], "donnees_regions": {"Auvergne-Rh\u00f4ne-Alpes": {"incidence_cas": 369, "incidence_hosp": 8.637690046220937, "incidence_dc": 1.2020888586562852, "population": 8069287, "taux_positivite": 16.9, "incidence_rea": 1.040984166259051, "incidence_evol": -14.19}, "Hauts-de-France": {"incidence_cas": 610, "incidence_hosp": 10.268436216905345, "incidence_dc": 1.177272942065581, "population": 6115829, "taux_positivite": 20.4, "incidence_rea": 1.3898361121607554, "incidence_evol": 10.71}, "Provence-Alpes-C\u00f4te d'Azur": {"incidence_cas": 597, "incidence_hosp": 13.906886324757615, "incidence_dc": 1.7874670276171514, "population": 5091003, "taux_positivite": 16.8, "incidence_rea": 1.2374771729657201, "incidence_evol": 3.47}, "Grand Est": {"incidence_cas": 800, "incidence_hosp": 13.713262890467117, "incidence_dc": 1.6019344326476348, "population": 5680632, "taux_positivite": 23.0, "incidence_rea": 1.0914278552104766, "incidence_evol": 7.67}, "Occitanie": {"incidence_cas": 556, "incidence_hosp": 10.586309027551122, "incidence_dc": 1.319060869247584, "population": 5913298, "taux_positivite": 21.3, "incidence_rea": 1.1330394646101043, "incidence_evol": -14.72}, "Normandie": {"incidence_cas": 640, "incidence_hosp": 11.208200199470939, "incidence_dc": 0.9632047046420337, "population": 3426063, "taux_positivite": 22.4, "incidence_rea": 0.7588885551725114, "incidence_evol": 15.94}, "Nouvelle-Aquitaine": {"incidence_cas": 674, "incidence_hosp": 9.239943038468798, "incidence_dc": 1.2682274758682663, "population": 6071466, "taux_positivite": 27.7, "incidence_rea": 0.8564653083785695, "incidence_evol": -13.37}, "Centre": {"incidence_cas": 548, "incidence_hosp": 9.821171575111942, "incidence_dc": 1.3598545257847305, "population": 2647342, "taux_positivite": 23.6, "incidence_rea": 0.7554747365470724, "incidence_evol": 10.93}, "Bourgogne-Franche-Comt\u00e9": {"incidence_cas": 425, "incidence_hosp": 13.150878096524004, "incidence_dc": 1.5147608278718747, "population": 2904749, "taux_positivite": 20.7, "incidence_rea": 0.929512326194105, "incidence_evol": -14.14}, "Bretagne": {"incidence_cas": 816, "incidence_hosp": 11.141548958265172, "incidence_dc": 1.4737498622043879, "population": 3392706, "taux_positivite": 30.1, "incidence_rea": 0.9726749090548961, "incidence_evol": 14.45}, "Corse": {"incidence_cas": 484, "incidence_hosp": 11.420911689303113, "incidence_dc": 2.404402460905919, "population": 332723, "taux_positivite": 14.0, "incidence_rea": 1.2022012304529595, "incidence_evol": -13.73}, "Pays de la Loire": {"incidence_cas": 540, "incidence_hosp": 8.297195600235357, "incidence_dc": 0.8899200328328144, "population": 3820568, "taux_positivite": 23.9, "incidence_rea": 1.099312981734653, "incidence_evol": 4.45}, "Ile-de-France": {"incidence_cas": 321, "incidence_hosp": 5.5361449753637455, "incidence_dc": 1.095780541652499, "population": 12228726, "taux_positivite": 11.6, "incidence_rea": 0.8586340065187493, "incidence_evol": 0.31}, "Guadeloupe": {"incidence_cas": 714, "incidence_hosp": 11.123690494435683, "incidence_dc": 2.7191243430842778, "population": 404542, "taux_positivite": 13.1, "incidence_rea": 2.471931220985707, "incidence_evol": 63.01}, "Martinique": {"incidence_cas": 2888, "incidence_hosp": 11.631663974151857, "incidence_dc": 3.8772213247172855, "population": 386875, "taux_positivite": 25.0, "incidence_rea": 1.5508885298869144, "incidence_evol": 254.79}, "Guyane": {"incidence_cas": 70, "incidence_hosp": 6.098002523048544, "incidence_dc": 0.762250315381068, "population": 262381, "taux_positivite": 3.7, "incidence_rea": 0.0, "incidence_evol": 40.0}, "La R\u00e9union": {"incidence_cas": 970, "incidence_hosp": 14.40359811173475, "incidence_dc": 1.3938965914582016, "population": 860896, "taux_positivite": 29.7, "incidence_rea": 2.3231609857636695, "incidence_evol": -13.0}, "Mayotte": {"incidence_cas": 18, "incidence_hosp": 0.0, "incidence_dc": 0.0, "population": 270372, "taux_positivite": 1.5, "incidence_rea": 0.0, "incidence_evol": 63.64}}, "donnees_france": {"incidence_cas": 567.0878765617132, "incidence_hosp": 9.930716675163278, "incidence_dc": 1.3186322967021007, "population": "67114995", "incidence_rea": 1.0519258773691333}, "date_donnees": "07/03", "date_update": "10/03"}