{"liste_regions": ["Auvergne-Rh\u00f4ne-Alpes", "Hauts-de-France", "Provence-Alpes-C\u00f4te d'Azur", "Grand Est", "Occitanie", "Normandie", "Nouvelle-Aquitaine", "Centre", "Bourgogne-Franche-Comt\u00e9", "Bretagne", "Corse", "Pays de la Loire", "Ile-de-France", "Guadeloupe", "Martinique", "Guyane", "La R\u00e9union", "Mayotte"], "donnees_regions": {"Auvergne-Rh\u00f4ne-Alpes": {"incidence_cas": 72, "incidence_hosp": 2.9122771317961553, "incidence_dc": 0.2602460415647628, "population": 8069287, "taux_positivite": 3.1, "incidence_rea": 0.7063821128186419, "incidence_evol": 33.33}, "Hauts-de-France": {"incidence_cas": 72, "incidence_hosp": 3.172096538343371, "incidence_dc": 0.35972228785337196, "population": 6115829, "taux_positivite": 3.4, "incidence_rea": 0.8175506542122091, "incidence_evol": 33.33}, "Provence-Alpes-C\u00f4te d'Azur": {"incidence_cas": 90, "incidence_hosp": 4.36063384759349, "incidence_dc": 0.4910623702244921, "population": 5091003, "taux_positivite": 2.4, "incidence_rea": 0.805342287168167, "incidence_evol": 16.88}, "Grand Est": {"incidence_cas": 72, "incidence_hosp": 2.499721861933672, "incidence_dc": 0.19364042592443942, "population": 5680632, "taux_positivite": 2.8, "incidence_rea": 0.5281102525211984, "incidence_evol": 41.18}, "Occitanie": {"incidence_cas": 67, "incidence_hosp": 1.8940361199452487, "incidence_dc": 0.28748762534883243, "population": 5913298, "taux_positivite": 2.7, "incidence_rea": 0.6087973242681157, "incidence_evol": 26.42}, "Normandie": {"incidence_cas": 46, "incidence_hosp": 2.8020500498677348, "incidence_dc": 0.2335041708223112, "population": 3426063, "taux_positivite": 2.6, "incidence_rea": 0.6129484484085669, "incidence_evol": 27.78}, "Nouvelle-Aquitaine": {"incidence_cas": 72, "incidence_hosp": 3.2611563665184, "incidence_dc": 0.46117362758846053, "population": 6071466, "taux_positivite": 3.4, "incidence_rea": 0.8070538482798059, "incidence_evol": 26.32}, "Centre": {"incidence_cas": 66, "incidence_hosp": 3.777373682735363, "incidence_dc": 0.26441615779147537, "population": 2647342, "taux_positivite": 3.6, "incidence_rea": 0.9821171575111943, "incidence_evol": 24.53}, "Bourgogne-Franche-Comt\u00e9": {"incidence_cas": 62, "incidence_hosp": 3.0639480381953828, "incidence_dc": 0.34426382451633514, "population": 2904749, "taux_positivite": 2.9, "incidence_rea": 0.5508221192261362, "incidence_evol": 44.19}, "Bretagne": {"incidence_cas": 65, "incidence_hosp": 3.065399713385127, "incidence_dc": 0.32422496968496534, "population": 3392706, "taux_positivite": 3.3, "incidence_rea": 0.5305499503935797, "incidence_evol": 22.64}, "Corse": {"incidence_cas": 111, "incidence_hosp": 5.109355229425077, "incidence_dc": 0.9016509228397195, "population": 332723, "taux_positivite": 2.6, "incidence_rea": 1.5027515380661993, "incidence_evol": 21.98}, "Pays de la Loire": {"incidence_cas": 92, "incidence_hosp": 4.946908417805939, "incidence_dc": 0.8375717956073546, "population": 3820568, "taux_positivite": 4.2, "incidence_rea": 1.0731388631219232, "incidence_evol": 13.58}, "Ile-de-France": {"incidence_cas": 83, "incidence_hosp": 3.835231895783747, "incidence_dc": 0.35980853606499974, "population": 12228726, "taux_positivite": 2.6, "incidence_rea": 1.0712481414662491, "incidence_evol": 15.28}, "Guadeloupe": {"incidence_cas": 49, "incidence_hosp": 2.7191243430842778, "incidence_dc": 0.24719312209857072, "population": 404542, "taux_positivite": 1.3, "incidence_rea": 0.7415793662957122, "incidence_evol": -7.55}, "Martinique": {"incidence_cas": 94, "incidence_hosp": 13.182552504038773, "incidence_dc": 2.0678513731825525, "population": 386875, "taux_positivite": 2.0, "incidence_rea": 4.135702746365105, "incidence_evol": -18.26}, "Guyane": {"incidence_cas": 132, "incidence_hosp": 16.007256623002426, "incidence_dc": 1.90562578845267, "population": 262381, "taux_positivite": 6.3, "incidence_rea": 1.90562578845267, "incidence_evol": -22.81}, "La R\u00e9union": {"incidence_cas": 101, "incidence_hosp": 2.5554770843400365, "incidence_dc": 0.0, "population": 860896, "taux_positivite": 3.6, "incidence_rea": 0.8131063450172844, "incidence_evol": 65.57}, "Mayotte": {"incidence_cas": 44, "incidence_hosp": 1.4794431376030062, "incidence_dc": 0.0, "population": 270372, "taux_positivite": 3.4, "incidence_rea": 0.36986078440075154, "incidence_evol": 46.67}}, "donnees_france": {"incidence_cas": 75.43172729134525, "incidence_hosp": 3.4224840514403674, "incidence_dc": 0.3769649390572107, "population": "67114995", "incidence_rea": 0.8239589379392788}, "date_donnees": "06/11", "date_update": "09/11"}