{"liste_regions": ["Auvergne-Rh\u00f4ne-Alpes", "Hauts-de-France", "Provence-Alpes-C\u00f4te d'Azur", "Grand Est", "Occitanie", "Normandie", "Nouvelle-Aquitaine", "Centre", "Bourgogne-Franche-Comt\u00e9", "Bretagne", "Corse", "Pays de la Loire", "Ile-de-France", "Guadeloupe", "Martinique", "Guyane", "La R\u00e9union", "Mayotte"], "donnees_regions": {"Auvergne-Rh\u00f4ne-Alpes": {"incidence_cas": 54, "incidence_hosp": 2.1067536698099847, "incidence_dc": 0.285031378856645, "population": 8069287, "taux_positivite": 2.0, "incidence_rea": 0.3841727280241736, "incidence_evol": 10.2}, "Hauts-de-France": {"incidence_cas": 53, "incidence_hosp": 2.2727908187099413, "incidence_dc": 0.31066924860063944, "population": 6115829, "taux_positivite": 2.3, "incidence_rea": 0.6213384972012789, "incidence_evol": 17.78}, "Provence-Alpes-C\u00f4te d'Azur": {"incidence_cas": 77, "incidence_hosp": 3.241011643481648, "incidence_dc": 0.3928498961795937, "population": 5091003, "taux_positivite": 1.8, "incidence_rea": 0.7856997923591874, "incidence_evol": 5.48}, "Grand Est": {"incidence_cas": 51, "incidence_hosp": 1.8659895589082343, "incidence_dc": 0.17603675084039944, "population": 5680632, "taux_positivite": 1.7, "incidence_rea": 0.7217506784456377, "incidence_evol": 21.43}, "Occitanie": {"incidence_cas": 53, "incidence_hosp": 1.674192641737318, "incidence_dc": 0.20293244142270522, "population": 5913298, "taux_positivite": 1.8, "incidence_rea": 0.49042006677153765, "incidence_evol": 12.77}, "Normandie": {"incidence_cas": 36, "incidence_hosp": 2.1891016014591673, "incidence_dc": 0.35025625623346685, "population": 3426063, "taux_positivite": 1.8, "incidence_rea": 0.4086322989390446, "incidence_evol": 5.88}, "Nouvelle-Aquitaine": {"incidence_cas": 57, "incidence_hosp": 2.3882205714402422, "incidence_dc": 0.2799982738929939, "population": 6071466, "taux_positivite": 2.4, "incidence_rea": 0.46117362758846053, "incidence_evol": 11.76}, "Centre": {"incidence_cas": 53, "incidence_hosp": 1.8886868413676814, "incidence_dc": 0.22664242096412177, "population": 2647342, "taux_positivite": 2.6, "incidence_rea": 0.5288323155829507, "incidence_evol": 15.22}, "Bourgogne-Franche-Comt\u00e9": {"incidence_cas": 43, "incidence_hosp": 2.8918161259372153, "incidence_dc": 0.13770552980653405, "population": 2904749, "taux_positivite": 1.8, "incidence_rea": 0.6541012665810367, "incidence_evol": 30.3}, "Bretagne": {"incidence_cas": 53, "incidence_hosp": 2.181149796062494, "incidence_dc": 0.1473749862204388, "population": 3392706, "taux_positivite": 2.5, "incidence_rea": 0.3536999669290531, "incidence_evol": 23.26}, "Corse": {"incidence_cas": 91, "incidence_hosp": 2.7049527685191586, "incidence_dc": 0.30055030761323986, "population": 332723, "taux_positivite": 1.9, "incidence_rea": 2.404402460905919, "incidence_evol": 71.7}, "Pays de la Loire": {"incidence_cas": 81, "incidence_hosp": 3.0361977590766607, "incidence_dc": 0.4187858978036773, "population": 3820568, "taux_positivite": 3.3, "incidence_rea": 0.49730825364186687, "incidence_evol": 10.96}, "Ile-de-France": {"incidence_cas": 72, "incidence_hosp": 2.1588512163899987, "incidence_dc": 0.26985640204874983, "population": 12228726, "taux_positivite": 1.9, "incidence_rea": 0.6541973382999996, "incidence_evol": 1.41}, "Guadeloupe": {"incidence_cas": 53, "incidence_hosp": 2.471931220985707, "incidence_dc": 0.7415793662957122, "population": 404542, "taux_positivite": 1.2, "incidence_rea": 0.24719312209857072, "incidence_evol": 10.42}, "Martinique": {"incidence_cas": 114, "incidence_hosp": 15.767366720516963, "incidence_dc": 4.135702746365105, "population": 386875, "taux_positivite": 1.9, "incidence_rea": 5.169628432956381, "incidence_evol": -16.79}, "Guyane": {"incidence_cas": 168, "incidence_hosp": 21.72413398836044, "incidence_dc": 3.430126419214806, "population": 262381, "taux_positivite": 8.2, "incidence_rea": 2.6678761038337377, "incidence_evol": -27.9}, "La R\u00e9union": {"incidence_cas": 61, "incidence_hosp": 0.9292643943054678, "incidence_dc": 0.23231609857636695, "population": 860896, "taux_positivite": 2.4, "incidence_rea": 0.23231609857636695, "incidence_evol": 90.62}, "Mayotte": {"incidence_cas": 30, "incidence_hosp": 1.8493039220037577, "incidence_dc": 0.36986078440075154, "population": 270372, "taux_positivite": 2.5, "incidence_rea": 0.36986078440075154, "incidence_evol": 66.67}}, "donnees_france": {"incidence_cas": 60.664535548277996, "incidence_hosp": 2.439097253899818, "incidence_dc": 0.31140581922117405, "population": "67114995", "incidence_rea": 0.6019519184945182}, "date_donnees": "30/10", "date_update": "02/11"}