{"liste_regions": ["Auvergne-Rh\u00f4ne-Alpes", "Hauts-de-France", "Provence-Alpes-C\u00f4te d'Azur", "Grand Est", "Occitanie", "Normandie", "Nouvelle-Aquitaine", "Centre", "Bourgogne-Franche-Comt\u00e9", "Bretagne", "Corse", "Pays de la Loire", "Ile-de-France", "Guadeloupe", "Martinique", "Guyane", "La R\u00e9union", "Mayotte"], "donnees_regions": {"Auvergne-Rh\u00f4ne-Alpes": {"incidence_cas": 347, "incidence_hosp": 14.15242759366472, "incidence_dc": 1.0533768349049923, "population": 8069287, "taux_positivite": 19.8, "incidence_rea": 1.3012302078238138, "incidence_evol": -29.9}, "Hauts-de-France": {"incidence_cas": 436, "incidence_hosp": 10.333840269242323, "incidence_dc": 1.2917300336552904, "population": 6115829, "taux_positivite": 20.5, "incidence_rea": 1.5369952299189529, "incidence_evol": -9.92}, "Provence-Alpes-C\u00f4te d'Azur": {"incidence_cas": 401, "incidence_hosp": 9.035547612130655, "incidence_dc": 0.8642697715951061, "population": 5091003, "taux_positivite": 14.9, "incidence_rea": 0.5499898546514311, "incidence_evol": -23.33}, "Grand Est": {"incidence_cas": 415, "incidence_hosp": 8.115294213742414, "incidence_dc": 1.1090315302945164, "population": 5680632, "taux_positivite": 18.2, "incidence_rea": 0.950598454538157, "incidence_evol": -19.42}, "Occitanie": {"incidence_cas": 333, "incidence_hosp": 7.694521737277573, "incidence_dc": 1.0315732438987517, "population": 5913298, "taux_positivite": 17.8, "incidence_rea": 1.082306354254428, "incidence_evol": -33.8}, "Normandie": {"incidence_cas": 433, "incidence_hosp": 12.696789288463172, "incidence_dc": 0.7588885551725114, "population": 3426063, "taux_positivite": 23.9, "incidence_rea": 0.4961963629974113, "incidence_evol": -16.09}, "Nouvelle-Aquitaine": {"incidence_cas": 290, "incidence_hosp": 6.58819467983515, "incidence_dc": 0.8235243349793937, "population": 6071466, "taux_positivite": 19.1, "incidence_rea": 0.7411719014814544, "incidence_evol": -30.79}, "Centre": {"incidence_cas": 428, "incidence_hosp": 15.41168462556028, "incidence_dc": 0.9443434206838407, "population": 2647342, "taux_positivite": 25.1, "incidence_rea": 1.926460578195035, "incidence_evol": -20.45}, "Bourgogne-Franche-Comt\u00e9": {"incidence_cas": 380, "incidence_hosp": 11.050868766974359, "incidence_dc": 1.411481680516974, "population": 2904749, "taux_positivite": 22.2, "incidence_rea": 0.8262331788392043, "incidence_evol": -30.02}, "Bretagne": {"incidence_cas": 474, "incidence_hosp": 9.933074071257575, "incidence_dc": 0.9137249145667206, "population": 3392706, "taux_positivite": 28.0, "incidence_rea": 0.9431999118108083, "incidence_evol": -15.36}, "Corse": {"incidence_cas": 412, "incidence_hosp": 11.120361381689873, "incidence_dc": 2.404402460905919, "population": 332723, "taux_positivite": 17.5, "incidence_rea": 1.5027515380661993, "incidence_evol": -36.81}, "Pays de la Loire": {"incidence_cas": 430, "incidence_hosp": 8.375717956073547, "incidence_dc": 0.7852235583818952, "population": 3820568, "taux_positivite": 26.4, "incidence_rea": 0.9684423886710039, "incidence_evol": -13.65}, "Ile-de-France": {"incidence_cas": 266, "incidence_hosp": 6.501086049356244, "incidence_dc": 0.6705522717574995, "population": 12228726, "taux_positivite": 12.2, "incidence_rea": 0.9076988068912494, "incidence_evol": -26.32}, "Guadeloupe": {"incidence_cas": 693, "incidence_hosp": 8.651759273449976, "incidence_dc": 0.0, "population": 404542, "taux_positivite": 17.7, "incidence_rea": 1.4831587325914244, "incidence_evol": 1.17}, "Martinique": {"incidence_cas": 1014, "incidence_hosp": 7.4959612277867524, "incidence_dc": 0.5169628432956381, "population": 386875, "taux_positivite": 23.1, "incidence_rea": 1.0339256865912763, "incidence_evol": 59.94}, "Guyane": {"incidence_cas": 149, "incidence_hosp": 2.6678761038337377, "incidence_dc": 0.381125157690534, "population": 262381, "taux_positivite": 10.1, "incidence_rea": 0.0, "incidence_evol": -5.1}, "La R\u00e9union": {"incidence_cas": 891, "incidence_hosp": 11.848121027394715, "incidence_dc": 0.4646321971527339, "population": 860896, "taux_positivite": 30.0, "incidence_rea": 0.6969482957291008, "incidence_evol": -26.36}, "Mayotte": {"incidence_cas": 24, "incidence_hosp": 0.0, "incidence_dc": 0.0, "population": 270372, "taux_positivite": 2.5, "incidence_rea": 0.0, "incidence_evol": -22.58}}, "donnees_france": {"incidence_cas": 387.6019062506076, "incidence_hosp": 9.500112456240219, "incidence_dc": 0.94166735764489, "population": "67114995", "incidence_rea": 1.0176563374548415}, "date_donnees": "09/05", "date_update": "12/05"}