{"liste_regions": ["Auvergne-Rh\u00f4ne-Alpes", "Hauts-de-France", "Provence-Alpes-C\u00f4te d'Azur", "Grand Est", "Occitanie", "Normandie", "Nouvelle-Aquitaine", "Centre", "Bourgogne-Franche-Comt\u00e9", "Bretagne", "Corse", "Pays de la Loire", "Ile-de-France", "Guadeloupe", "Martinique", "Guyane", "La R\u00e9union", "Mayotte"], "donnees_regions": {"Auvergne-Rh\u00f4ne-Alpes": {"incidence_cas": 493, "incidence_hosp": 10.71965837873904, "incidence_dc": 1.040984166259051, "population": 8069287, "taux_positivite": 25.3, "incidence_rea": 1.1277328467806387, "incidence_evol": -46.41}, "Hauts-de-France": {"incidence_cas": 482, "incidence_hosp": 11.985292590750985, "incidence_dc": 1.4715911775819763, "population": 6115829, "taux_positivite": 22.2, "incidence_rea": 1.3407830729080228, "incidence_evol": -42.14}, "Provence-Alpes-C\u00f4te d'Azur": {"incidence_cas": 520, "incidence_hosp": 11.569429442489035, "incidence_dc": 1.2767621625836796, "population": 5091003, "taux_positivite": 17.9, "incidence_rea": 1.2571196677746996, "incidence_evol": -41.64}, "Grand Est": {"incidence_cas": 514, "incidence_hosp": 11.864877006642923, "incidence_dc": 1.2322572558827962, "population": 5680632, "taux_positivite": 21.1, "incidence_rea": 1.0210131548743169, "incidence_evol": -41.26}, "Occitanie": {"incidence_cas": 501, "incidence_hosp": 9.351803342229667, "incidence_dc": 0.930107023187399, "population": 5913298, "taux_positivite": 21.4, "incidence_rea": 0.8117297656908209, "incidence_evol": -47.43}, "Normandie": {"incidence_cas": 514, "incidence_hosp": 13.368113779577316, "incidence_dc": 1.2550849181699226, "population": 3426063, "taux_positivite": 26.7, "incidence_rea": 0.6421364697613557, "incidence_evol": -46.23}, "Nouvelle-Aquitaine": {"incidence_cas": 418, "incidence_hosp": 8.498771136987344, "incidence_dc": 0.9717587152756847, "population": 6071466, "taux_positivite": 24.4, "incidence_rea": 0.6752899546831029, "incidence_evol": -43.74}, "Centre": {"incidence_cas": 536, "incidence_hosp": 9.821171575111942, "incidence_dc": 1.2465333153026696, "population": 2647342, "taux_positivite": 28.8, "incidence_rea": 0.8310222102017797, "incidence_evol": -39.23}, "Bourgogne-Franche-Comt\u00e9": {"incidence_cas": 541, "incidence_hosp": 14.734491689299146, "incidence_dc": 1.4459080629686076, "population": 2904749, "taux_positivite": 28.1, "incidence_rea": 1.1016442384522724, "incidence_evol": -44.57}, "Bretagne": {"incidence_cas": 559, "incidence_hosp": 11.43629893070605, "incidence_dc": 1.2674248814957736, "population": 3392706, "taux_positivite": 30.5, "incidence_rea": 0.8252999228344573, "incidence_evol": -42.37}, "Corse": {"incidence_cas": 649, "incidence_hosp": 12.022012304529595, "incidence_dc": 0.6011006152264797, "population": 332723, "taux_positivite": 21.7, "incidence_rea": 1.803301845679439, "incidence_evol": -50.04}, "Pays de la Loire": {"incidence_cas": 497, "incidence_hosp": 9.841468598386419, "incidence_dc": 0.7852235583818952, "population": 3820568, "taux_positivite": 28.5, "incidence_rea": 1.256357693411032, "incidence_evol": -40.26}, "Ile-de-France": {"incidence_cas": 360, "incidence_hosp": 8.455500597527495, "incidence_dc": 1.0140058743649993, "population": 12228726, "taux_positivite": 13.3, "incidence_rea": 1.1366678752962491, "incidence_evol": -49.79}, "Guadeloupe": {"incidence_cas": 680, "incidence_hosp": 5.4382486861685555, "incidence_dc": 0.0, "population": 404542, "taux_positivite": 17.7, "incidence_rea": 1.7303518546899952, "incidence_evol": -9.45}, "Martinique": {"incidence_cas": 629, "incidence_hosp": 3.101777059773829, "incidence_dc": 0.5169628432956381, "population": 386875, "taux_positivite": 17.8, "incidence_rea": 0.0, "incidence_evol": -1.41}, "Guyane": {"incidence_cas": 156, "incidence_hosp": 4.573501892286408, "incidence_dc": 0.381125157690534, "population": 262381, "taux_positivite": 8.8, "incidence_rea": 0.0, "incidence_evol": -3.7}, "La R\u00e9union": {"incidence_cas": 1206, "incidence_hosp": 16.72675909749842, "incidence_dc": 0.6969482957291008, "population": 860896, "taux_positivite": 33.5, "incidence_rea": 1.5100546407463853, "incidence_evol": -36.46}, "Mayotte": {"incidence_cas": 31, "incidence_hosp": 0.0, "incidence_dc": 0.0, "population": 270372, "taux_positivite": 3.4, "incidence_rea": 0.0, "incidence_evol": 24.0}}, "donnees_france": {"incidence_cas": 499.47556429081163, "incidence_hosp": 10.58481789352737, "incidence_dc": 1.1159950172088964, "population": "67114995", "incidence_rea": 1.0444759773877657}, "date_donnees": "02/05", "date_update": "05/05"}