{"liste_regions": ["Auvergne-Rh\u00f4ne-Alpes", "Hauts-de-France", "Provence-Alpes-C\u00f4te d'Azur", "Grand Est", "Occitanie", "Normandie", "Nouvelle-Aquitaine", "Centre", "Bourgogne-Franche-Comt\u00e9", "Bretagne", "Corse", "Pays de la Loire", "Ile-de-France", "Guadeloupe", "Martinique", "Guyane", "La R\u00e9union", "Mayotte"], "donnees_regions": {"Auvergne-Rh\u00f4ne-Alpes": {"incidence_cas": 202, "incidence_hosp": 5.58909355931943, "incidence_dc": 0.5452774204214077, "population": 8069287, "taux_positivite": 5.4, "incidence_rea": 1.02859149761311, "incidence_evol": 94.23}, "Hauts-de-France": {"incidence_cas": 176, "incidence_hosp": 5.003410003778719, "incidence_dc": 0.4741793794430812, "population": 6115829, "taux_positivite": 4.6, "incidence_rea": 1.0791668635601157, "incidence_evol": 76.0}, "Provence-Alpes-C\u00f4te d'Azur": {"incidence_cas": 229, "incidence_hosp": 7.523075511839219, "incidence_dc": 0.3928498961795937, "population": 5091003, "taux_positivite": 4.6, "incidence_rea": 1.119622204111842, "incidence_evol": 77.52}, "Grand Est": {"incidence_cas": 192, "incidence_hosp": 4.999443723867344, "incidence_dc": 0.42248820201695864, "population": 5680632, "taux_positivite": 4.4, "incidence_rea": 1.2322572558827962, "incidence_evol": 95.92}, "Occitanie": {"incidence_cas": 175, "incidence_hosp": 5.9019518380436775, "incidence_dc": 0.5073311035567631, "population": 5913298, "taux_positivite": 4.6, "incidence_rea": 1.2683277588919077, "incidence_evol": 86.17}, "Normandie": {"incidence_cas": 113, "incidence_hosp": 4.173887053448813, "incidence_dc": 0.583760427055778, "population": 3426063, "taux_positivite": 3.3, "incidence_rea": 0.6713244911141447, "incidence_evol": 85.25}, "Nouvelle-Aquitaine": {"incidence_cas": 184, "incidence_hosp": 4.232915081794084, "incidence_dc": 0.3788211940905212, "population": 6071466, "taux_positivite": 5.0, "incidence_rea": 1.0705816354732118, "incidence_evol": 87.76}, "Centre": {"incidence_cas": 151, "incidence_hosp": 4.721717103419203, "incidence_dc": 0.604379789237658, "population": 2647342, "taux_positivite": 5.1, "incidence_rea": 1.1709858416479624, "incidence_evol": 88.75}, "Bourgogne-Franche-Comt\u00e9": {"incidence_cas": 162, "incidence_hosp": 5.542647574712996, "incidence_dc": 0.5852485016777698, "population": 2904749, "taux_positivite": 4.7, "incidence_rea": 0.7918067963875709, "incidence_evol": 116.0}, "Bretagne": {"incidence_cas": 136, "incidence_hosp": 3.6548996582668822, "incidence_dc": 0.41264996141722865, "population": 3392706, "taux_positivite": 4.2, "incidence_rea": 0.6189749421258429, "incidence_evol": 49.45}, "Corse": {"incidence_cas": 287, "incidence_hosp": 6.612106767491277, "incidence_dc": 0.6011006152264797, "population": 332723, "taux_positivite": 5.0, "incidence_rea": 0.9016509228397195, "incidence_evol": 59.44}, "Pays de la Loire": {"incidence_cas": 193, "incidence_hosp": 5.889176687864213, "incidence_dc": 0.628178846705516, "population": 3820568, "taux_positivite": 5.1, "incidence_rea": 1.6227953539892497, "incidence_evol": 55.65}, "Ile-de-France": {"incidence_cas": 173, "incidence_hosp": 4.8083504365049965, "incidence_dc": 0.5560677375549996, "population": 12228726, "taux_positivite": 4.0, "incidence_rea": 1.177555208939999, "incidence_evol": 76.53}, "Guadeloupe": {"incidence_cas": 43, "incidence_hosp": 3.4607037093799904, "incidence_dc": 0.49438624419714144, "population": 404542, "taux_positivite": 1.2, "incidence_rea": 0.9887724883942829, "incidence_evol": -30.65}, "Martinique": {"incidence_cas": 163, "incidence_hosp": 10.856219709208402, "incidence_dc": 1.8093699515347335, "population": 386875, "taux_positivite": 2.5, "incidence_rea": 2.0678513731825525, "incidence_evol": 38.14}, "Guyane": {"incidence_cas": 74, "incidence_hosp": 11.43375473071602, "incidence_dc": 0.762250315381068, "population": 262381, "taux_positivite": 3.5, "incidence_rea": 1.143375473071602, "incidence_evol": -28.85}, "La R\u00e9union": {"incidence_cas": 221, "incidence_hosp": 4.762480020815522, "incidence_dc": 0.23231609857636695, "population": 860896, "taux_positivite": 4.8, "incidence_rea": 0.8131063450172844, "incidence_evol": 34.76}, "Mayotte": {"incidence_cas": 31, "incidence_hosp": 1.4794431376030062, "incidence_dc": 0.36986078440075154, "population": 270372, "taux_positivite": 2.4, "incidence_rea": 0.0, "incidence_evol": -6.06}}, "donnees_france": {"incidence_cas": 180.32780900900016, "incidence_hosp": 5.287939006774864, "incidence_dc": 0.5140430987143781, "population": "67114995", "incidence_rea": 1.1100350972238022}, "date_donnees": "19/11", "date_update": "22/11"}