{"liste_regions": ["Auvergne-Rh\u00f4ne-Alpes", "Hauts-de-France", "Provence-Alpes-C\u00f4te d'Azur", "Grand Est", "Occitanie", "Normandie", "Nouvelle-Aquitaine", "Centre", "Bourgogne-Franche-Comt\u00e9", "Bretagne", "Corse", "Pays de la Loire", "Ile-de-France", "Guadeloupe", "Martinique", "Guyane", "La R\u00e9union", "Mayotte"], "donnees_regions": {"Auvergne-Rh\u00f4ne-Alpes": {"incidence_cas": 490, "incidence_hosp": 9.14578946070452, "incidence_dc": 1.14012551542658, "population": 8069287, "taux_positivite": 20.8, "incidence_rea": 0.8674868052158758, "incidence_evol": 32.43}, "Hauts-de-France": {"incidence_cas": 888, "incidence_hosp": 11.887186512245519, "incidence_dc": 1.0137628112231392, "population": 6115829, "taux_positivite": 24.5, "incidence_rea": 1.3080810467395345, "incidence_evol": 45.1}, "Provence-Alpes-C\u00f4te d'Azur": {"incidence_cas": 729, "incidence_hosp": 15.262218466577213, "incidence_dc": 2.042819460133887, "population": 5091003, "taux_positivite": 19.1, "incidence_rea": 0.9035547612130655, "incidence_evol": 21.91}, "Grand Est": {"incidence_cas": 1083, "incidence_hosp": 13.854092291139438, "incidence_dc": 1.3554829814710758, "population": 5680632, "taux_positivite": 25.9, "incidence_rea": 1.0738241801264365, "incidence_evol": 35.21}, "Occitanie": {"incidence_cas": 623, "incidence_hosp": 11.364216719671493, "incidence_dc": 1.352882942818035, "population": 5913298, "taux_positivite": 22.8, "incidence_rea": 1.2683277588919077, "incidence_evol": 11.65}, "Normandie": {"incidence_cas": 882, "incidence_hosp": 13.659993993105207, "incidence_dc": 1.1091448114059783, "population": 3426063, "taux_positivite": 26.5, "incidence_rea": 0.583760427055778, "incidence_evol": 37.38}, "Nouvelle-Aquitaine": {"incidence_cas": 835, "incidence_hosp": 11.79286847690492, "incidence_dc": 1.1364635822715634, "population": 6071466, "taux_positivite": 30.7, "incidence_rea": 0.9223472551769211, "incidence_evol": 23.52}, "Centre": {"incidence_cas": 732, "incidence_hosp": 9.141244312219577, "incidence_dc": 0.9065696838564871, "population": 2647342, "taux_positivite": 28.2, "incidence_rea": 0.9821171575111943, "incidence_evol": 33.33}, "Bourgogne-Franche-Comt\u00e9": {"incidence_cas": 563, "incidence_hosp": 12.083660240523365, "incidence_dc": 1.3770552980653405, "population": 2904749, "taux_positivite": 24.1, "incidence_rea": 0.7229540314843038, "incidence_evol": 32.16}, "Bretagne": {"incidence_cas": 1088, "incidence_hosp": 13.735348715744895, "incidence_dc": 1.1789998897635103, "population": 3392706, "taux_positivite": 34.2, "incidence_rea": 0.9726749090548961, "incidence_evol": 33.01}, "Corse": {"incidence_cas": 768, "incidence_hosp": 9.617609843623676, "incidence_dc": 2.103852153292679, "population": 332723, "taux_positivite": 19.3, "incidence_rea": 2.103852153292679, "incidence_evol": 57.7}, "Pays de la Loire": {"incidence_cas": 726, "incidence_hosp": 7.773713227980761, "incidence_dc": 0.9160941514455442, "population": 3820568, "taux_positivite": 28.0, "incidence_rea": 0.7590494397691652, "incidence_evol": 33.95}, "Ile-de-France": {"incidence_cas": 457, "incidence_hosp": 6.934491785979994, "incidence_dc": 0.6869072052149995, "population": 12228726, "taux_positivite": 14.2, "incidence_rea": 0.9976509409074994, "incidence_evol": 41.93}, "Guadeloupe": {"incidence_cas": 1059, "incidence_hosp": 10.62930425023854, "incidence_dc": 1.9775449767885658, "population": 404542, "taux_positivite": 15.7, "incidence_rea": 0.49438624419714144, "incidence_evol": 46.88}, "Martinique": {"incidence_cas": 2681, "incidence_hosp": 10.080775444264944, "incidence_dc": 1.5508885298869144, "population": 386875, "taux_positivite": 22.8, "incidence_rea": 0.7754442649434572, "incidence_evol": -8.15}, "Guyane": {"incidence_cas": 97, "incidence_hosp": 5.71687736535801, "incidence_dc": 0.0, "population": 262381, "taux_positivite": 6.7, "incidence_rea": 0.381125157690534, "incidence_evol": 36.62}, "La R\u00e9union": {"incidence_cas": 1022, "incidence_hosp": 10.570382485224696, "incidence_dc": 1.3938965914582016, "population": 860896, "taux_positivite": 29.3, "incidence_rea": 0.8131063450172844, "incidence_evol": 5.04}, "Mayotte": {"incidence_cas": 17, "incidence_hosp": 0.0, "incidence_dc": 0.0, "population": 270372, "taux_positivite": 1.7, "incidence_rea": 0.0, "incidence_evol": -5.56}}, "donnees_france": {"incidence_cas": 742.604540162746, "incidence_hosp": 10.89026379276345, "incidence_dc": 1.1592044371008297, "population": "67114995", "incidence_rea": 0.981896817544276}, "date_donnees": "14/03", "date_update": "17/03"}