{"liste_regions": ["Auvergne-Rh\u00f4ne-Alpes", "Hauts-de-France", "Provence-Alpes-C\u00f4te d'Azur", "Grand Est", "Occitanie", "Normandie", "Nouvelle-Aquitaine", "Centre", "Bourgogne-Franche-Comt\u00e9", "Bretagne", "Corse", "Pays de la Loire", "Ile-de-France", "Guadeloupe", "Martinique", "Guyane", "La R\u00e9union", "Mayotte"], "donnees_regions": {"Auvergne-Rh\u00f4ne-Alpes": {"incidence_cas": 126, "incidence_hosp": 4.00283197263897, "incidence_dc": 0.4709214085457612, "population": 8069287, "taux_positivite": 4.4, "incidence_rea": 0.9294501484455814, "incidence_evol": 35.48}, "Hauts-de-France": {"incidence_cas": 115, "incidence_hosp": 4.512879611251393, "incidence_dc": 0.4741793794430812, "population": 6115829, "taux_positivite": 4.0, "incidence_rea": 1.0464648373916274, "incidence_evol": 26.37}, "Provence-Alpes-C\u00f4te d'Azur": {"incidence_cas": 157, "incidence_hosp": 6.7177332246710515, "incidence_dc": 0.5696323494604109, "population": 5091003, "taux_positivite": 3.9, "incidence_rea": 1.0214097300669436, "incidence_evol": 36.52}, "Grand Est": {"incidence_cas": 121, "incidence_hosp": 4.066448944413227, "incidence_dc": 0.36967717676483886, "population": 5680632, "taux_positivite": 3.7, "incidence_rea": 0.9153911043700772, "incidence_evol": 31.52}, "Occitanie": {"incidence_cas": 114, "incidence_hosp": 4.667446152722221, "incidence_dc": 0.388953846060185, "population": 5913298, "taux_positivite": 3.9, "incidence_rea": 1.5727264210259655, "incidence_evol": 32.56}, "Normandie": {"incidence_cas": 73, "incidence_hosp": 3.5609386050402456, "incidence_dc": 0.5253843843502002, "population": 3426063, "taux_positivite": 3.0, "incidence_rea": 0.6421364697613557, "incidence_evol": 28.07}, "Nouvelle-Aquitaine": {"incidence_cas": 119, "incidence_hosp": 4.2987970285924355, "incidence_dc": 0.24705730049381813, "population": 6071466, "taux_positivite": 4.5, "incidence_rea": 1.1035226088723877, "incidence_evol": 32.22}, "Centre": {"incidence_cas": 95, "incidence_hosp": 4.721717103419203, "incidence_dc": 0.26441615779147537, "population": 2647342, "taux_positivite": 4.4, "incidence_rea": 1.4731757362667914, "incidence_evol": 15.85}, "Bourgogne-Franche-Comt\u00e9": {"incidence_cas": 93, "incidence_hosp": 4.372150571357456, "incidence_dc": 0.5852485016777698, "population": 2904749, "taux_positivite": 3.6, "incidence_rea": 0.6885276490326703, "incidence_evol": 22.37}, "Bretagne": {"incidence_cas": 101, "incidence_hosp": 3.5369996692905312, "incidence_dc": 0.3831749641731409, "population": 3392706, "taux_positivite": 4.1, "incidence_rea": 0.7368749311021939, "incidence_evol": 17.44}, "Corse": {"incidence_cas": 205, "incidence_hosp": 5.109355229425077, "incidence_dc": 0.9016509228397195, "population": 332723, "taux_positivite": 4.4, "incidence_rea": 0.30055030761323986, "incidence_evol": 35.76}, "Pays de la Loire": {"incidence_cas": 147, "incidence_hosp": 5.444216671447806, "incidence_dc": 0.7590494397691652, "population": 3820568, "taux_positivite": 5.1, "incidence_rea": 1.3087059306364917, "incidence_evol": 28.95}, "Ile-de-France": {"incidence_cas": 115, "incidence_hosp": 4.031491097273747, "incidence_dc": 0.4415832033524997, "population": 12228726, "taux_positivite": 3.2, "incidence_rea": 0.8913438734337493, "incidence_evol": 13.86}, "Guadeloupe": {"incidence_cas": 57, "incidence_hosp": 5.191055564069986, "incidence_dc": 0.49438624419714144, "population": 404542, "taux_positivite": 1.3, "incidence_rea": 1.2359656104928536, "incidence_evol": -5.0}, "Martinique": {"incidence_cas": 127, "incidence_hosp": 8.788368336025849, "incidence_dc": 1.8093699515347335, "population": 386875, "taux_positivite": 2.1, "incidence_rea": 2.5848142164781907, "incidence_evol": 10.43}, "Guyane": {"incidence_cas": 85, "incidence_hosp": 9.528128942263349, "incidence_dc": 0.381125157690534, "population": 262381, "taux_positivite": 4.3, "incidence_rea": 0.381125157690534, "incidence_evol": -47.53}, "La R\u00e9union": {"incidence_cas": 182, "incidence_hosp": 5.110954168680073, "incidence_dc": 0.4646321971527339, "population": 860896, "taux_positivite": 4.6, "incidence_rea": 0.9292643943054678, "incidence_evol": 32.85}, "Mayotte": {"incidence_cas": 27, "incidence_hosp": 0.36986078440075154, "incidence_dc": 0.0, "population": 270372, "taux_positivite": 1.9, "incidence_rea": 0.0, "incidence_evol": -51.79}}, "donnees_france": {"incidence_cas": 119.61559410084139, "incidence_hosp": 4.538479068649264, "incidence_dc": 0.46189379884480364, "population": "67114995", "incidence_rea": 1.0325561374175771}, "date_donnees": "15/11", "date_update": "18/11"}