{"liste_regions": ["Auvergne-Rh\u00f4ne-Alpes", "Hauts-de-France", "Provence-Alpes-C\u00f4te d'Azur", "Grand Est", "Occitanie", "Normandie", "Nouvelle-Aquitaine", "Centre", "Bourgogne-Franche-Comt\u00e9", "Bretagne", "Corse", "Pays de la Loire", "Ile-de-France", "Guadeloupe", "Martinique", "Guyane", "La R\u00e9union", "Mayotte"], "donnees_regions": {"Auvergne-Rh\u00f4ne-Alpes": {"incidence_cas": 146, "incidence_hosp": 3.9532612980552058, "incidence_dc": 0.5452774204214077, "population": 8069287, "taux_positivite": 13.8, "incidence_rea": 0.48331407719170233, "incidence_evol": -28.78}, "Hauts-de-France": {"incidence_cas": 169, "incidence_hosp": 4.447475558914417, "incidence_dc": 0.37607330093761615, "population": 6115829, "taux_positivite": 13.8, "incidence_rea": 0.6213384972012789, "incidence_evol": -26.52}, "Provence-Alpes-C\u00f4te d'Azur": {"incidence_cas": 170, "incidence_hosp": 4.498131311256348, "incidence_dc": 0.8446272767861265, "population": 5091003, "taux_positivite": 10.0, "incidence_rea": 0.43213488579755305, "incidence_evol": -28.57}, "Grand Est": {"incidence_cas": 145, "incidence_hosp": 4.312900395589787, "incidence_dc": 0.5809212777733181, "population": 5680632, "taux_positivite": 11.8, "incidence_rea": 0.6161286279413981, "incidence_evol": -28.22}, "Occitanie": {"incidence_cas": 170, "incidence_hosp": 4.160115049165457, "incidence_dc": 0.42277591963063593, "population": 5913298, "taux_positivite": 13.8, "incidence_rea": 0.6087973242681157, "incidence_evol": -12.82}, "Normandie": {"incidence_cas": 180, "incidence_hosp": 4.49495528832949, "incidence_dc": 0.5545724057029892, "population": 3426063, "taux_positivite": 17.7, "incidence_rea": 0.291880213527889, "incidence_evol": -20.35}, "Nouvelle-Aquitaine": {"incidence_cas": 153, "incidence_hosp": 3.425861233514278, "incidence_dc": 0.3458802206913454, "population": 6071466, "taux_positivite": 15.2, "incidence_rea": 0.3788211940905212, "incidence_evol": -16.85}, "Centre": {"incidence_cas": 169, "incidence_hosp": 4.268432261490959, "incidence_dc": 0.6421535260650116, "population": 2647342, "taux_positivite": 17.3, "incidence_rea": 0.604379789237658, "incidence_evol": -26.84}, "Bourgogne-Franche-Comt\u00e9": {"incidence_cas": 143, "incidence_hosp": 4.854119925680326, "incidence_dc": 0.5163957367745028, "population": 2904749, "taux_positivite": 13.5, "incidence_rea": 0.5852485016777698, "incidence_evol": -28.86}, "Bretagne": {"incidence_cas": 215, "incidence_hosp": 4.981274534250831, "incidence_dc": 0.41264996141722865, "population": 3392706, "taux_positivite": 21.6, "incidence_rea": 0.7663499283462818, "incidence_evol": -21.82}, "Corse": {"incidence_cas": 173, "incidence_hosp": 5.710455844651556, "incidence_dc": 0.9016509228397195, "population": 332723, "taux_positivite": 12.5, "incidence_rea": 0.6011006152264797, "incidence_evol": -31.08}, "Pays de la Loire": {"incidence_cas": 190, "incidence_hosp": 3.481157775493068, "incidence_dc": 0.314089423352758, "population": 3820568, "taux_positivite": 20.2, "incidence_rea": 0.26174118612729835, "incidence_evol": -22.45}, "Ile-de-France": {"incidence_cas": 193, "incidence_hosp": 3.279164158228748, "incidence_dc": 0.4415832033524997, "population": 12228726, "taux_positivite": 11.9, "incidence_rea": 0.31892120242124977, "incidence_evol": -2.03}, "Guadeloupe": {"incidence_cas": 503, "incidence_hosp": 4.696669319872844, "incidence_dc": 0.24719312209857072, "population": 404542, "taux_positivite": 15.8, "incidence_rea": 0.49438624419714144, "incidence_evol": -19.9}, "Martinique": {"incidence_cas": 1644, "incidence_hosp": 8.788368336025849, "incidence_dc": 1.2924071082390953, "population": 386875, "taux_positivite": 32.0, "incidence_rea": 1.0339256865912763, "incidence_evol": 9.67}, "Guyane": {"incidence_cas": 238, "incidence_hosp": 10.671504415334951, "incidence_dc": 0.0, "population": 262381, "taux_positivite": 16.1, "incidence_rea": 0.762250315381068, "incidence_evol": 19.0}, "La R\u00e9union": {"incidence_cas": 264, "incidence_hosp": 9.641118090919228, "incidence_dc": 1.1615804928818347, "population": 860896, "taux_positivite": 18.7, "incidence_rea": 0.9292643943054678, "incidence_evol": -24.36}, "Mayotte": {"incidence_cas": 28, "incidence_hosp": 0.0, "incidence_dc": 0.0, "population": 270372, "taux_positivite": 3.5, "incidence_rea": 0.0, "incidence_evol": 21.74}}, "donnees_france": {"incidence_cas": 190.18998660433485, "incidence_hosp": 4.191313729517525, "incidence_dc": 0.5051032187367369, "population": "67114995", "incidence_rea": 0.49020341877400125}, "date_donnees": "30/05", "date_update": "02/06"}