{"liste_regions": ["Auvergne-Rh\u00f4ne-Alpes", "Hauts-de-France", "Provence-Alpes-C\u00f4te d'Azur", "Grand Est", "Occitanie", "Normandie", "Nouvelle-Aquitaine", "Centre", "Bourgogne-Franche-Comt\u00e9", "Bretagne", "Corse", "Pays de la Loire", "Ile-de-France", "Guadeloupe", "Martinique", "Guyane", "La R\u00e9union", "Mayotte"], "donnees_regions": {"Auvergne-Rh\u00f4ne-Alpes": {"incidence_cas": 64, "incidence_hosp": 2.614853084293569, "incidence_dc": 0.2478533729188217, "population": 8069287, "taux_positivite": 2.7, "incidence_rea": 0.582455426359231, "incidence_evol": 25.49}, "Hauts-de-France": {"incidence_cas": 64, "incidence_hosp": 2.567109054226336, "incidence_dc": 0.37607330093761615, "population": 6115829, "taux_positivite": 3.0, "incidence_rea": 0.7521466018752323, "incidence_evol": 28.0}, "Provence-Alpes-C\u00f4te d'Azur": {"incidence_cas": 83, "incidence_hosp": 3.5749340552343027, "incidence_dc": 0.3928498961795937, "population": 5091003, "taux_positivite": 2.2, "incidence_rea": 0.6482023286963295, "incidence_evol": 10.67}, "Grand Est": {"incidence_cas": 65, "incidence_hosp": 1.7075564831518748, "incidence_dc": 0.2640551262605992, "population": 5680632, "taux_positivite": 2.5, "incidence_rea": 0.5457139276052383, "incidence_evol": 38.3}, "Occitanie": {"incidence_cas": 61, "incidence_hosp": 1.5727264210259655, "incidence_dc": 0.28748762534883243, "population": 5913298, "taux_positivite": 2.4, "incidence_rea": 0.5242421403419885, "incidence_evol": 22.0}, "Normandie": {"incidence_cas": 40, "incidence_hosp": 2.2766656655175344, "incidence_dc": 0.32106823488067787, "population": 3426063, "taux_positivite": 2.2, "incidence_rea": 0.4378203202918335, "incidence_evol": 14.29}, "Nouvelle-Aquitaine": {"incidence_cas": 66, "incidence_hosp": 3.014099066024581, "incidence_dc": 0.49411460098763627, "population": 6071466, "taux_positivite": 3.1, "incidence_rea": 0.8564653083785695, "incidence_evol": 26.92}, "Centre": {"incidence_cas": 61, "incidence_hosp": 2.9841252093609363, "incidence_dc": 0.302189894618829, "population": 2647342, "taux_positivite": 3.3, "incidence_rea": 0.8310222102017797, "incidence_evol": 22.0}, "Bourgogne-Franche-Comt\u00e9": {"incidence_cas": 57, "incidence_hosp": 2.822963361033948, "incidence_dc": 0.2409846771614346, "population": 2904749, "taux_positivite": 2.6, "incidence_rea": 0.5508221192261362, "incidence_evol": 54.05}, "Bretagne": {"incidence_cas": 62, "incidence_hosp": 3.035924716141039, "incidence_dc": 0.17684998346452654, "population": 3392706, "taux_positivite": 3.1, "incidence_rea": 0.4421249586613164, "incidence_evol": 31.91}, "Corse": {"incidence_cas": 107, "incidence_hosp": 4.808804921811838, "incidence_dc": 0.0, "population": 332723, "taux_positivite": 2.4, "incidence_rea": 2.103852153292679, "incidence_evol": 37.18}, "Pays de la Loire": {"incidence_cas": 86, "incidence_hosp": 3.7428989616203663, "incidence_dc": 0.49730825364186687, "population": 3820568, "taux_positivite": 3.8, "incidence_rea": 0.8113976769946248, "incidence_evol": 13.16}, "Ile-de-France": {"incidence_cas": 78, "incidence_hosp": 3.1401472238399974, "incidence_dc": 0.3107437356924998, "population": 12228726, "taux_positivite": 2.4, "incidence_rea": 0.9158762736199992, "incidence_evol": 13.04}, "Guadeloupe": {"incidence_cas": 46, "incidence_hosp": 2.7191243430842778, "incidence_dc": 0.0, "population": 404542, "taux_positivite": 1.3, "incidence_rea": 0.7415793662957122, "incidence_evol": -8.0}, "Martinique": {"incidence_cas": 87, "incidence_hosp": 13.699515347334412, "incidence_dc": 2.8432956381260097, "population": 386875, "taux_positivite": 1.8, "incidence_rea": 4.652665589660743, "incidence_evol": -27.5}, "Guyane": {"incidence_cas": 132, "incidence_hosp": 15.626131465311895, "incidence_dc": 1.90562578845267, "population": 262381, "taux_positivite": 6.4, "incidence_rea": 1.90562578845267, "incidence_evol": -31.25}, "La R\u00e9union": {"incidence_cas": 81, "incidence_hosp": 1.2777385421700183, "incidence_dc": 0.0, "population": 860896, "taux_positivite": 3.2, "incidence_rea": 0.3484741478645504, "incidence_evol": 52.83}, "Mayotte": {"incidence_cas": 36, "incidence_hosp": 0.0, "incidence_dc": 0.0, "population": 270372, "taux_positivite": 3.0, "incidence_rea": 0.0, "incidence_evol": 38.46}}, "donnees_france": {"incidence_cas": 69.25427022679507, "incidence_hosp": 2.8667215128303294, "incidence_dc": 0.3426953991429188, "population": "67114995", "incidence_rea": 0.7256202581852237}, "date_donnees": "04/11", "date_update": "07/11"}