{"liste_regions": ["Auvergne-Rh\u00f4ne-Alpes", "Hauts-de-France", "Provence-Alpes-C\u00f4te d'Azur", "Grand Est", "Occitanie", "Normandie", "Nouvelle-Aquitaine", "Centre", "Bourgogne-Franche-Comt\u00e9", "Bretagne", "Corse", "Pays de la Loire", "Ile-de-France", "Guadeloupe", "Martinique", "Guyane", "La R\u00e9union", "Mayotte"], "donnees_regions": {"Auvergne-Rh\u00f4ne-Alpes": {"incidence_cas": 387, "incidence_hosp": 8.774009401326289, "incidence_dc": 0.718774781464583, "population": 8069287, "taux_positivite": 6.7, "incidence_rea": 1.722580941785811, "incidence_evol": 79.17}, "Hauts-de-France": {"incidence_cas": 298, "incidence_hosp": 6.37689510285523, "incidence_dc": 0.6867425495382556, "population": 6115829, "taux_positivite": 5.1, "incidence_rea": 1.5860482691716855, "incidence_evol": 56.02}, "Provence-Alpes-C\u00f4te d'Azur": {"incidence_cas": 410, "incidence_hosp": 12.197989276376385, "incidence_dc": 0.7856997923591874, "population": 5091003, "taux_positivite": 6.0, "incidence_rea": 2.1017469445608263, "incidence_evol": 70.12}, "Grand Est": {"incidence_cas": 309, "incidence_hosp": 8.027275838322215, "incidence_dc": 0.7921653787817976, "population": 5680632, "taux_positivite": 5.0, "incidence_rea": 1.7603675084039947, "incidence_evol": 52.22}, "Occitanie": {"incidence_cas": 327, "incidence_hosp": 8.962849496169481, "incidence_dc": 0.7102635449794683, "population": 5913298, "taux_positivite": 5.8, "incidence_rea": 2.51974448099859, "incidence_evol": 73.94}, "Normandie": {"incidence_cas": 178, "incidence_hosp": 4.75764748050459, "incidence_dc": 0.7297005338197226, "population": 3426063, "taux_positivite": 3.9, "incidence_rea": 0.7880765765253004, "incidence_evol": 49.58}, "Nouvelle-Aquitaine": {"incidence_cas": 300, "incidence_hosp": 6.077609592147926, "incidence_dc": 0.6917604413826908, "population": 6071466, "taux_positivite": 5.7, "incidence_rea": 1.2517569891686784, "incidence_evol": 56.25}, "Centre": {"incidence_cas": 209, "incidence_hosp": 4.910585787555971, "incidence_dc": 0.793248473374426, "population": 2647342, "taux_positivite": 5.2, "incidence_rea": 1.1332121048206087, "incidence_evol": 32.28}, "Bourgogne-Franche-Comt\u00e9": {"incidence_cas": 306, "incidence_hosp": 9.708239851360652, "incidence_dc": 1.2393497682588066, "population": 2904749, "taux_positivite": 6.0, "incidence_rea": 1.5147608278718747, "incidence_evol": 76.88}, "Bretagne": {"incidence_cas": 212, "incidence_hosp": 4.450724583857252, "incidence_dc": 0.3536999669290531, "population": 3392706, "taux_positivite": 4.7, "incidence_rea": 0.7368749311021939, "incidence_evol": 50.35}, "Corse": {"incidence_cas": 381, "incidence_hosp": 12.923663227369314, "incidence_dc": 0.30055030761323986, "population": 332723, "taux_positivite": 5.2, "incidence_rea": 3.3060533837456383, "incidence_evol": 26.58}, "Pays de la Loire": {"incidence_cas": 264, "incidence_hosp": 7.354927330177083, "incidence_dc": 0.8375717956073546, "population": 3820568, "taux_positivite": 5.2, "incidence_rea": 1.3872282864746812, "incidence_evol": 33.33}, "Ile-de-France": {"incidence_cas": 305, "incidence_hosp": 7.065331253639995, "incidence_dc": 0.5806001377412496, "population": 12228726, "taux_positivite": 4.8, "incidence_rea": 1.8644624141549986, "incidence_evol": 63.1}, "Guadeloupe": {"incidence_cas": 42, "incidence_hosp": 2.966317465182849, "incidence_dc": 0.49438624419714144, "population": 404542, "taux_positivite": 2.3, "incidence_rea": 0.9887724883942829, "incidence_evol": -4.55}, "Martinique": {"incidence_cas": 146, "incidence_hosp": 17.835218093699517, "incidence_dc": 2.8432956381260097, "population": 386875, "taux_positivite": 3.2, "incidence_rea": 4.911147011308563, "incidence_evol": -10.43}, "Guyane": {"incidence_cas": 89, "incidence_hosp": 9.909254099953884, "incidence_dc": 1.524500630762136, "population": 262381, "taux_positivite": 4.0, "incidence_rea": 0.762250315381068, "incidence_evol": 12.66}, "La R\u00e9union": {"incidence_cas": 255, "incidence_hosp": 4.181689774374605, "incidence_dc": 0.3484741478645504, "population": 860896, "taux_positivite": 4.8, "incidence_rea": 1.0454224435936512, "incidence_evol": 15.38}, "Mayotte": {"incidence_cas": 22, "incidence_hosp": 1.1095823532022546, "incidence_dc": 0.0, "population": 270372, "taux_positivite": 1.4, "incidence_rea": 0.0, "incidence_evol": -38.89}}, "donnees_france": {"incidence_cas": 306.928429332372, "incidence_hosp": 7.649557300868457, "incidence_dc": 0.7256202581852237, "population": "67114995", "incidence_rea": 1.6687775958263873}, "date_donnees": "27/11", "date_update": "30/11"}