{"liste_regions": ["Auvergne-Rh\u00f4ne-Alpes", "Hauts-de-France", "Provence-Alpes-C\u00f4te d'Azur", "Grand Est", "Occitanie", "Normandie", "Nouvelle-Aquitaine", "Centre", "Bourgogne-Franche-Comt\u00e9", "Bretagne", "Corse", "Pays de la Loire", "Ile-de-France", "Guadeloupe", "Martinique", "Guyane", "La R\u00e9union", "Mayotte"], "donnees_regions": {"Auvergne-Rh\u00f4ne-Alpes": {"incidence_cas": 688, "incidence_hosp": 13.954144895329662, "incidence_dc": 1.14012551542658, "population": 8069287, "taux_positivite": 28.7, "incidence_rea": 1.3384082137616373, "incidence_evol": -29.22}, "Hauts-de-France": {"incidence_cas": 658, "incidence_hosp": 14.601454684230053, "incidence_dc": 1.733207386929883, "population": 6115829, "taux_positivite": 26.3, "incidence_rea": 2.0275256224462783, "incidence_evol": -24.28}, "Provence-Alpes-C\u00f4te d'Azur": {"incidence_cas": 699, "incidence_hosp": 14.90865356001558, "incidence_dc": 1.4731871106734764, "population": 5091003, "taux_positivite": 21.9, "incidence_rea": 1.3356896470106185, "incidence_evol": -25.24}, "Grand Est": {"incidence_cas": 682, "incidence_hosp": 15.051142196854153, "incidence_dc": 1.4611050319753156, "population": 5680632, "taux_positivite": 25.7, "incidence_rea": 1.3730866565551156, "incidence_evol": -19.39}, "Occitanie": {"incidence_cas": 688, "incidence_hosp": 10.755419395403377, "incidence_dc": 1.082306354254428, "population": 5913298, "taux_positivite": 23.7, "incidence_rea": 1.3359719060328095, "incidence_evol": -30.92}, "Normandie": {"incidence_cas": 721, "incidence_hosp": 16.753924256500827, "incidence_dc": 1.3426489822282894, "population": 3426063, "taux_positivite": 31.7, "incidence_rea": 0.9340166832892448, "incidence_evol": -27.17}, "Nouvelle-Aquitaine": {"incidence_cas": 573, "incidence_hosp": 9.981114939950253, "incidence_dc": 1.1035226088723877, "population": 6071466, "taux_positivite": 27.9, "incidence_rea": 0.8894062817777452, "incidence_evol": -24.8}, "Centre": {"incidence_cas": 690, "incidence_hosp": 12.163143258407867, "incidence_dc": 1.3598545257847305, "population": 2647342, "taux_positivite": 32.5, "incidence_rea": 1.3976282626120842, "incidence_evol": -23.93}, "Bourgogne-Franche-Comt\u00e9": {"incidence_cas": 737, "incidence_hosp": 19.554185232527836, "incidence_dc": 1.6868927401300424, "population": 2904749, "taux_positivite": 31.5, "incidence_rea": 1.8245982699365761, "incidence_evol": -26.37}, "Bretagne": {"incidence_cas": 760, "incidence_hosp": 15.23857357519337, "incidence_dc": 1.2379498842516858, "population": 3392706, "taux_positivite": 35.4, "incidence_rea": 1.208474887007598, "incidence_evol": -21.24}, "Corse": {"incidence_cas": 962, "incidence_hosp": 16.53026691872819, "incidence_dc": 0.9016509228397195, "population": 332723, "taux_positivite": 24.8, "incidence_rea": 4.207704306585358, "incidence_evol": -28.21}, "Pays de la Loire": {"incidence_cas": 659, "incidence_hosp": 13.715238153070434, "incidence_dc": 1.125487100347383, "population": 3820568, "taux_positivite": 32.8, "incidence_rea": 1.6489694726019795, "incidence_evol": -24.43}, "Ile-de-France": {"incidence_cas": 530, "incidence_hosp": 11.129532217828743, "incidence_dc": 1.095780541652499, "population": 12228726, "taux_positivite": 15.2, "incidence_rea": 1.3901693438874991, "incidence_evol": -35.05}, "Guadeloupe": {"incidence_cas": 705, "incidence_hosp": 8.898952395548546, "incidence_dc": 0.7415793662957122, "population": 404542, "taux_positivite": 17.3, "incidence_rea": 1.7303518546899952, "incidence_evol": 22.4}, "Martinique": {"incidence_cas": 552, "incidence_hosp": 2.8432956381260097, "incidence_dc": 1.5508885298869144, "population": 386875, "taux_positivite": 15.7, "incidence_rea": 0.25848142164781907, "incidence_evol": 16.21}, "Guyane": {"incidence_cas": 148, "incidence_hosp": 6.098002523048544, "incidence_dc": 0.381125157690534, "population": 262381, "taux_positivite": 9.5, "incidence_rea": 0.0, "incidence_evol": 12.12}, "La R\u00e9union": {"incidence_cas": 1520, "incidence_hosp": 17.07523324536297, "incidence_dc": 1.1615804928818347, "population": 860896, "taux_positivite": 36.2, "incidence_rea": 1.742370739322752, "incidence_evol": -10.32}, "Mayotte": {"incidence_cas": 28, "incidence_hosp": 0.0, "incidence_dc": 0.0, "population": 270372, "taux_positivite": 3.7, "incidence_rea": 0.0, "incidence_evol": 64.71}}, "donnees_france": {"incidence_cas": 682.680524672616, "incidence_hosp": 13.418759846439682, "incidence_dc": 1.2813827967952616, "population": "67114995", "incidence_rea": 1.4065411164822408}, "date_donnees": "27/04", "date_update": "30/04"}