{"liste_regions": ["Auvergne-Rh\u00f4ne-Alpes", "Hauts-de-France", "Provence-Alpes-C\u00f4te d'Azur", "Grand Est", "Occitanie", "Normandie", "Nouvelle-Aquitaine", "Centre", "Bourgogne-Franche-Comt\u00e9", "Bretagne", "Corse", "Pays de la Loire", "Ile-de-France", "Guadeloupe", "Martinique", "Guyane", "La R\u00e9union", "Mayotte"], "donnees_regions": {"Auvergne-Rh\u00f4ne-Alpes": {"incidence_cas": 312, "incidence_hosp": 6.642470394224421, "incidence_dc": 0.9046648111536992, "population": 8069287, "taux_positivite": 18.8, "incidence_rea": 0.7683454560483473, "incidence_evol": -18.96}, "Hauts-de-France": {"incidence_cas": 388, "incidence_hosp": 8.551579843059706, "incidence_dc": 0.9810607850546508, "population": 6115829, "taux_positivite": 19.1, "incidence_rea": 1.1282199028128483, "incidence_evol": -12.81}, "Provence-Alpes-C\u00f4te d'Azur": {"incidence_cas": 364, "incidence_hosp": 8.01413788206371, "incidence_dc": 0.8249847819771466, "population": 5091003, "taux_positivite": 14.3, "incidence_rea": 0.6285598338873498, "incidence_evol": -15.55}, "Grand Est": {"incidence_cas": 349, "incidence_hosp": 8.027275838322215, "incidence_dc": 1.285068281134916, "population": 5680632, "taux_positivite": 16.5, "incidence_rea": 0.8801837542019973, "incidence_evol": -22.1}, "Occitanie": {"incidence_cas": 275, "incidence_hosp": 6.6460374565935965, "incidence_dc": 0.8117297656908209, "population": 5913298, "taux_positivite": 15.6, "incidence_rea": 0.77790769212037, "incidence_evol": -27.82}, "Normandie": {"incidence_cas": 365, "incidence_hosp": 11.41251634894046, "incidence_dc": 1.0799567900531892, "population": 3426063, "taux_positivite": 21.8, "incidence_rea": 0.4670083416446224, "incidence_evol": -20.82}, "Nouvelle-Aquitaine": {"incidence_cas": 261, "incidence_hosp": 6.3576078660409205, "incidence_dc": 0.6094080078847514, "population": 6071466, "taux_positivite": 18.1, "incidence_rea": 0.7741128748806302, "incidence_evol": -20.43}, "Centre": {"incidence_cas": 372, "incidence_hosp": 8.083579681053676, "incidence_dc": 0.8310222102017797, "population": 2647342, "taux_positivite": 23.4, "incidence_rea": 1.2843070521300233, "incidence_evol": -19.13}, "Bourgogne-Franche-Comt\u00e9": {"incidence_cas": 322, "incidence_hosp": 9.708239851360652, "incidence_dc": 1.3770552980653405, "population": 2904749, "taux_positivite": 20.4, "incidence_rea": 0.5163957367745028, "incidence_evol": -26.15}, "Bretagne": {"incidence_cas": 414, "incidence_hosp": 8.960399162202679, "incidence_dc": 0.7958249255903695, "population": 3392706, "taux_positivite": 26.0, "incidence_rea": 0.6189749421258429, "incidence_evol": -16.87}, "Corse": {"incidence_cas": 358, "incidence_hosp": 8.715958920783955, "incidence_dc": 0.9016509228397195, "population": 332723, "taux_positivite": 16.3, "incidence_rea": 1.5027515380661993, "incidence_evol": -21.32}, "Pays de la Loire": {"incidence_cas": 383, "incidence_hosp": 8.00928029549533, "incidence_dc": 0.7852235583818952, "population": 3820568, "taux_positivite": 24.6, "incidence_rea": 1.0207906258964636, "incidence_evol": -14.51}, "Ile-de-France": {"incidence_cas": 240, "incidence_hosp": 6.2312296473074955, "incidence_dc": 0.6950846719437496, "population": 12228726, "taux_positivite": 10.7, "incidence_rea": 0.8013917394174994, "incidence_evol": -14.59}, "Guadeloupe": {"incidence_cas": 721, "incidence_hosp": 8.898952395548546, "incidence_dc": 0.24719312209857072, "population": 404542, "taux_positivite": 17.8, "incidence_rea": 1.4831587325914244, "incidence_evol": 4.34}, "Martinique": {"incidence_cas": 1281, "incidence_hosp": 7.237479806138934, "incidence_dc": 0.5169628432956381, "population": 386875, "taux_positivite": 24.9, "incidence_rea": 0.7754442649434572, "incidence_evol": 43.45}, "Guyane": {"incidence_cas": 171, "incidence_hosp": 4.573501892286408, "incidence_dc": 0.381125157690534, "population": 262381, "taux_positivite": 11.2, "incidence_rea": 0.381125157690534, "incidence_evol": 13.25}, "La R\u00e9union": {"incidence_cas": 700, "incidence_hosp": 13.00970152027655, "incidence_dc": 0.9292643943054678, "population": 860896, "taux_positivite": 25.9, "incidence_rea": 0.9292643943054678, "incidence_evol": -30.35}, "Mayotte": {"incidence_cas": 22, "incidence_hosp": 0.0, "incidence_dc": 0.0, "population": 270372, "taux_positivite": 2.1, "incidence_rea": 0.0, "incidence_evol": -12.0}}, "donnees_france": {"incidence_cas": 342.50319172339954, "incidence_hosp": 7.715116420704494, "incidence_dc": 0.8775982178051268, "population": "67114995", "incidence_rea": 0.8224689579430051}, "date_donnees": "13/05", "date_update": "16/05"}