{"liste_regions": ["Auvergne-Rh\u00f4ne-Alpes", "Hauts-de-France", "Provence-Alpes-C\u00f4te d'Azur", "Grand Est", "Occitanie", "Normandie", "Nouvelle-Aquitaine", "Centre", "Bourgogne-Franche-Comt\u00e9", "Bretagne", "Corse", "Pays de la Loire", "Ile-de-France", "Guadeloupe", "Martinique", "Guyane", "La R\u00e9union", "Mayotte"], "donnees_regions": {"Auvergne-Rh\u00f4ne-Alpes": {"incidence_cas": 385, "incidence_hosp": 9.542354857374635, "incidence_dc": 1.4995129061588712, "population": 8069287, "taux_positivite": 17.5, "incidence_rea": 1.02859149761311, "incidence_evol": -18.78}, "Hauts-de-France": {"incidence_cas": 558, "incidence_hosp": 9.254673405682206, "incidence_dc": 1.3080810467395345, "population": 6115829, "taux_positivite": 19.4, "incidence_rea": 1.4879421906662205, "incidence_evol": -8.97}, "Provence-Alpes-C\u00f4te d'Azur": {"incidence_cas": 572, "incidence_hosp": 12.689051646600877, "incidence_dc": 2.0231769653249074, "population": 5091003, "taux_positivite": 16.2, "incidence_rea": 1.3749746366285778, "incidence_evol": -8.77}, "Grand Est": {"incidence_cas": 748, "incidence_hosp": 12.30496888374392, "incidence_dc": 1.6019344326476348, "population": 5680632, "taux_positivite": 22.0, "incidence_rea": 0.9682021296221969, "incidence_evol": -6.97}, "Occitanie": {"incidence_cas": 567, "incidence_hosp": 10.163533107920488, "incidence_dc": 1.5727264210259655, "population": 5913298, "taux_positivite": 21.2, "incidence_rea": 1.2683277588919077, "incidence_evol": -22.22}, "Normandie": {"incidence_cas": 594, "incidence_hosp": 11.791960626526716, "incidence_dc": 1.3134609608755006, "population": 3426063, "taux_positivite": 21.2, "incidence_rea": 1.196708875464345, "incidence_evol": 0.34}, "Nouvelle-Aquitaine": {"incidence_cas": 686, "incidence_hosp": 10.112878833546956, "incidence_dc": 1.729401103456727, "population": 6071466, "taux_positivite": 27.8, "incidence_rea": 1.2682274758682663, "incidence_evol": -20.69}, "Centre": {"incidence_cas": 504, "incidence_hosp": 9.443434206838406, "incidence_dc": 1.322080788957377, "population": 2647342, "taux_positivite": 22.3, "incidence_rea": 1.1332121048206087, "incidence_evol": -7.86}, "Bourgogne-Franche-Comt\u00e9": {"incidence_cas": 441, "incidence_hosp": 13.667273833298507, "incidence_dc": 1.9623037997431103, "population": 2904749, "taux_positivite": 21.2, "incidence_rea": 0.9639387086457384, "incidence_evol": -21.53}, "Bretagne": {"incidence_cas": 767, "incidence_hosp": 11.642623911414663, "incidence_dc": 1.3558498732280369, "population": 3392706, "taux_positivite": 28.8, "incidence_rea": 1.2379498842516858, "incidence_evol": 3.79}, "Corse": {"incidence_cas": 487, "incidence_hosp": 8.715958920783955, "incidence_dc": 1.803301845679439, "population": 332723, "taux_positivite": 13.9, "incidence_rea": 1.5027515380661993, "incidence_evol": -24.14}, "Pays de la Loire": {"incidence_cas": 514, "incidence_hosp": 8.140150888558978, "incidence_dc": 0.9946165072837337, "population": 3820568, "taux_positivite": 23.1, "incidence_rea": 1.1778353375728425, "incidence_evol": -11.07}, "Ile-de-France": {"incidence_cas": 299, "incidence_hosp": 6.656457917202495, "incidence_dc": 1.2347974760412492, "population": 12228726, "taux_positivite": 10.6, "incidence_rea": 1.1693777422112492, "incidence_evol": -14.81}, "Guadeloupe": {"incidence_cas": 441, "incidence_hosp": 0.9887724883942829, "incidence_dc": 1.9775449767885658, "population": 404542, "taux_positivite": 9.5, "incidence_rea": 0.24719312209857072, "incidence_evol": -7.93}, "Martinique": {"incidence_cas": 1253, "incidence_hosp": 4.652665589660743, "incidence_dc": 2.8432956381260097, "population": 386875, "taux_positivite": 13.9, "incidence_rea": 0.5169628432956381, "incidence_evol": 32.31}, "Guyane": {"incidence_cas": 44, "incidence_hosp": 6.479127680739078, "incidence_dc": 0.762250315381068, "population": 262381, "taux_positivite": 2.4, "incidence_rea": 0.381125157690534, "incidence_evol": -26.67}, "La R\u00e9union": {"incidence_cas": 944, "incidence_hosp": 19.166078132550275, "incidence_dc": 1.8585287886109356, "population": 860896, "taux_positivite": 29.4, "incidence_rea": 2.5554770843400365, "incidence_evol": -19.66}, "Mayotte": {"incidence_cas": 17, "incidence_hosp": 0.0, "incidence_dc": 0.0, "population": 270372, "taux_positivite": 1.4, "incidence_rea": 0.0, "incidence_evol": 70.0}}, "donnees_france": {"incidence_cas": 537.8902285547366, "incidence_hosp": 9.982865975032853, "incidence_dc": 1.5018998362437483, "population": "67114995", "incidence_rea": 1.2083737769778573}, "date_donnees": "04/03", "date_update": "07/03"}