{"liste_regions": ["Auvergne-Rh\u00f4ne-Alpes", "Hauts-de-France", "Provence-Alpes-C\u00f4te d'Azur", "Grand Est", "Occitanie", "Normandie", "Nouvelle-Aquitaine", "Centre", "Bourgogne-Franche-Comt\u00e9", "Bretagne", "Corse", "Pays de la Loire", "Ile-de-France", "Guadeloupe", "Martinique", "Guyane", "La R\u00e9union", "Mayotte"], "donnees_regions": {"Auvergne-Rh\u00f4ne-Alpes": {"incidence_cas": 306, "incidence_hosp": 4.077187984514617, "incidence_dc": 0.3841727280241736, "population": 8069287, "taux_positivite": 20.0, "incidence_rea": 0.48331407719170233, "incidence_evol": 56.92}, "Hauts-de-France": {"incidence_cas": 330, "incidence_hosp": 5.1669201346211615, "incidence_dc": 0.5232324186958137, "population": 6115829, "taux_positivite": 18.2, "incidence_rea": 0.7357955887909882, "incidence_evol": 55.66}, "Provence-Alpes-C\u00f4te d'Azur": {"incidence_cas": 316, "incidence_hosp": 5.8338209582669664, "incidence_dc": 0.43213488579755305, "population": 5091003, "taux_positivite": 14.6, "incidence_rea": 0.8249847819771466, "incidence_evol": 53.4}, "Grand Est": {"incidence_cas": 295, "incidence_hosp": 4.9466326986152245, "incidence_dc": 0.4400918771009987, "population": 5680632, "taux_positivite": 16.6, "incidence_rea": 0.42248820201695864, "incidence_evol": 46.77}, "Occitanie": {"incidence_cas": 382, "incidence_hosp": 4.261581269876809, "incidence_dc": 0.388953846060185, "population": 5913298, "taux_positivite": 20.9, "incidence_rea": 0.6087973242681157, "incidence_evol": 70.54}, "Normandie": {"incidence_cas": 341, "incidence_hosp": 4.816023523210169, "incidence_dc": 0.4961963629974113, "population": 3426063, "taux_positivite": 22.9, "incidence_rea": 0.35025625623346685, "incidence_evol": 61.61}, "Nouvelle-Aquitaine": {"incidence_cas": 353, "incidence_hosp": 4.842323089678835, "incidence_dc": 0.42823265418928474, "population": 6071466, "taux_positivite": 23.3, "incidence_rea": 0.26352778719340597, "incidence_evol": 67.3}, "Centre": {"incidence_cas": 348, "incidence_hosp": 4.759490840246556, "incidence_dc": 0.604379789237658, "population": 2647342, "taux_positivite": 24.0, "incidence_rea": 0.7554747365470724, "incidence_evol": 56.76}, "Bourgogne-Franche-Comt\u00e9": {"incidence_cas": 299, "incidence_hosp": 5.990190546584231, "incidence_dc": 0.7573804139359374, "population": 2904749, "taux_positivite": 20.1, "incidence_rea": 0.4475429718712357, "incidence_evol": 58.2}, "Bretagne": {"incidence_cas": 408, "incidence_hosp": 6.661349377163833, "incidence_dc": 0.26527497519678983, "population": 3392706, "taux_positivite": 27.8, "incidence_rea": 0.3831749641731409, "incidence_evol": 57.53}, "Corse": {"incidence_cas": 302, "incidence_hosp": 6.912657075104517, "incidence_dc": 0.30055030761323986, "population": 332723, "taux_positivite": 16.7, "incidence_rea": 0.0, "incidence_evol": 51.0}, "Pays de la Loire": {"incidence_cas": 368, "incidence_hosp": 5.1824754853205075, "incidence_dc": 0.18321883028910885, "population": 3820568, "taux_positivite": 26.9, "incidence_rea": 0.5234823722545967, "incidence_evol": 60.7}, "Ile-de-France": {"incidence_cas": 515, "incidence_hosp": 6.182164846934996, "incidence_dc": 0.26985640204874983, "population": 12228726, "taux_positivite": 19.6, "incidence_rea": 0.7768593392312494, "incidence_evol": 68.85}, "Guadeloupe": {"incidence_cas": 600, "incidence_hosp": 7.168600540858551, "incidence_dc": 0.9887724883942829, "population": 404542, "taux_positivite": 17.4, "incidence_rea": 1.7303518546899952, "incidence_evol": 14.94}, "Martinique": {"incidence_cas": 2344, "incidence_hosp": 13.957996768982229, "incidence_dc": 2.0678513731825525, "population": 386875, "taux_positivite": 34.6, "incidence_rea": 1.5508885298869144, "incidence_evol": 7.23}, "Guyane": {"incidence_cas": 337, "incidence_hosp": 13.339380519168689, "incidence_dc": 0.381125157690534, "population": 262381, "taux_positivite": 19.9, "incidence_rea": 1.143375473071602, "incidence_evol": 16.61}, "La R\u00e9union": {"incidence_cas": 178, "incidence_hosp": 5.110954168680073, "incidence_dc": 0.9292643943054678, "population": 860896, "taux_positivite": 11.6, "incidence_rea": 0.23231609857636695, "incidence_evol": -7.77}, "Mayotte": {"incidence_cas": 28, "incidence_hosp": 0.0, "incidence_dc": 0.0, "population": 270372, "taux_positivite": 3.1, "incidence_rea": 0.0, "incidence_evol": 16.67}}, "donnees_france": {"incidence_cas": 398.6143484030655, "incidence_hosp": 5.362438006588543, "incidence_dc": 0.42464429893796457, "population": "67114995", "incidence_rea": 0.5855621385355091}, "date_donnees": "14/06", "date_update": "17/06"}