{"liste_regions": ["Auvergne-Rh\u00f4ne-Alpes", "Hauts-de-France", "Provence-Alpes-C\u00f4te d'Azur", "Grand Est", "Occitanie", "Normandie", "Nouvelle-Aquitaine", "Centre", "Bourgogne-Franche-Comt\u00e9", "Bretagne", "Corse", "Pays de la Loire", "Ile-de-France", "Guadeloupe", "Martinique", "Guyane", "La R\u00e9union", "Mayotte"], "donnees_regions": {"Auvergne-Rh\u00f4ne-Alpes": {"incidence_cas": 366, "incidence_hosp": 8.042841951215765, "incidence_dc": 0.5948480950051721, "population": 8069287, "taux_positivite": 6.6, "incidence_rea": 1.6977956044939289, "incidence_evol": 80.3}, "Hauts-de-France": {"incidence_cas": 286, "incidence_hosp": 5.951768762664882, "incidence_dc": 0.7194445757067439, "population": 6115829, "taux_positivite": 5.1, "incidence_rea": 1.4715911775819763, "incidence_evol": 61.58}, "Provence-Alpes-C\u00f4te d'Azur": {"incidence_cas": 389, "incidence_hosp": 11.746211895769852, "incidence_dc": 0.6482023286963295, "population": 5091003, "taux_positivite": 5.9, "incidence_rea": 1.8463945120440903, "incidence_evol": 69.13}, "Grand Est": {"incidence_cas": 295, "incidence_hosp": 7.499165585801017, "incidence_dc": 0.7393543535296777, "population": 5680632, "taux_positivite": 4.9, "incidence_rea": 1.672349132983795, "incidence_evol": 52.85}, "Occitanie": {"incidence_cas": 311, "incidence_hosp": 8.134208693693434, "incidence_dc": 0.5749752506976649, "population": 5913298, "taux_positivite": 5.7, "incidence_rea": 2.3506341131463357, "incidence_evol": 76.7}, "Normandie": {"incidence_cas": 172, "incidence_hosp": 4.144699032096025, "incidence_dc": 0.8464526192308781, "population": 3426063, "taux_positivite": 3.8, "incidence_rea": 0.7588885551725114, "incidence_evol": 50.88}, "Nouvelle-Aquitaine": {"incidence_cas": 285, "incidence_hosp": 5.12232136357183, "incidence_dc": 0.7411719014814544, "population": 6071466, "taux_positivite": 5.5, "incidence_rea": 1.1364635822715634, "incidence_evol": 54.89}, "Centre": {"incidence_cas": 203, "incidence_hosp": 5.137228208520093, "incidence_dc": 0.7554747365470724, "population": 2647342, "taux_positivite": 5.2, "incidence_rea": 1.1332121048206087, "incidence_evol": 33.55}, "Bourgogne-Franche-Comt\u00e9": {"incidence_cas": 288, "incidence_hosp": 8.81315390761818, "incidence_dc": 0.929512326194105, "population": 2904749, "taux_positivite": 5.9, "incidence_rea": 1.411481680516974, "incidence_evol": 77.78}, "Bretagne": {"incidence_cas": 203, "incidence_hosp": 4.362299592124988, "incidence_dc": 0.3536999669290531, "population": 3392706, "taux_positivite": 4.6, "incidence_rea": 0.7958249255903695, "incidence_evol": 48.18}, "Corse": {"incidence_cas": 368, "incidence_hosp": 10.819811074076634, "incidence_dc": 0.0, "population": 332723, "taux_positivite": 5.1, "incidence_rea": 3.606603691358878, "incidence_evol": 26.9}, "Pays de la Loire": {"incidence_cas": 254, "incidence_hosp": 6.726748483471567, "incidence_dc": 0.8899200328328144, "population": 3820568, "taux_positivite": 5.2, "incidence_rea": 0.9946165072837337, "incidence_evol": 31.61}, "Ile-de-France": {"incidence_cas": 289, "incidence_hosp": 6.182164846934996, "incidence_dc": 0.5642452042837496, "population": 12228726, "taux_positivite": 4.8, "incidence_rea": 1.5782510786487487, "incidence_evol": 65.14}, "Guadeloupe": {"incidence_cas": 44, "incidence_hosp": 2.471931220985707, "incidence_dc": 0.24719312209857072, "population": 404542, "taux_positivite": 2.4, "incidence_rea": 0.9887724883942829, "incidence_evol": 2.33}, "Martinique": {"incidence_cas": 142, "incidence_hosp": 18.093699515347335, "incidence_dc": 3.101777059773829, "population": 386875, "taux_positivite": 2.7, "incidence_rea": 8.27140549273021, "incidence_evol": -13.41}, "Guyane": {"incidence_cas": 88, "incidence_hosp": 9.909254099953884, "incidence_dc": 1.524500630762136, "population": 262381, "taux_positivite": 4.1, "incidence_rea": 0.762250315381068, "incidence_evol": 14.29}, "La R\u00e9union": {"incidence_cas": 249, "incidence_hosp": 4.181689774374605, "incidence_dc": 0.3484741478645504, "population": 860896, "taux_positivite": 4.8, "incidence_rea": 1.3938965914582016, "incidence_evol": 12.16}, "Mayotte": {"incidence_cas": 25, "incidence_hosp": 1.4794431376030062, "incidence_dc": 0.0, "population": 270372, "taux_positivite": 1.7, "incidence_rea": 0.0, "incidence_evol": -19.35}}, "donnees_france": {"incidence_cas": 292.1284580293867, "incidence_hosp": 7.011845862463374, "incidence_dc": 0.680920858297017, "population": "67114995", "incidence_rea": 1.551069176120776}, "date_donnees": "26/11", "date_update": "29/11"}