{"liste_regions": ["Auvergne-Rh\u00f4ne-Alpes", "Hauts-de-France", "Provence-Alpes-C\u00f4te d'Azur", "Grand Est", "Occitanie", "Normandie", "Nouvelle-Aquitaine", "Centre", "Bourgogne-Franche-Comt\u00e9", "Bretagne", "Corse", "Pays de la Loire", "Ile-de-France", "Guadeloupe", "Martinique", "Guyane", "La R\u00e9union", "Mayotte"], "donnees_regions": {"Auvergne-Rh\u00f4ne-Alpes": {"incidence_cas": 49, "incidence_hosp": 1.7597589477236342, "incidence_dc": 0.3593873907322915, "population": 8069287, "taux_positivite": 1.7, "incidence_rea": 0.4585287398998201, "incidence_evol": 16.67}, "Hauts-de-France": {"incidence_cas": 45, "incidence_hosp": 2.2237377794572084, "incidence_dc": 0.27796722243215105, "population": 6115829, "taux_positivite": 1.6, "incidence_rea": 0.45782836635883706, "incidence_evol": 32.35}, "Provence-Alpes-C\u00f4te d'Azur": {"incidence_cas": 73, "incidence_hosp": 3.0642291902008303, "incidence_dc": 0.3928498961795937, "population": 5091003, "taux_positivite": 1.6, "incidence_rea": 0.7071298131232686, "incidence_evol": 1.39}, "Grand Est": {"incidence_cas": 42, "incidence_hosp": 1.619538107731675, "incidence_dc": 0.19364042592443942, "population": 5680632, "taux_positivite": 1.3, "incidence_rea": 0.42248820201695864, "incidence_evol": 20.0}, "Occitanie": {"incidence_cas": 47, "incidence_hosp": 1.7756588624486709, "incidence_dc": 0.25366555177838157, "population": 5913298, "taux_positivite": 1.5, "incidence_rea": 0.47350902998631217, "incidence_evol": 23.68}, "Normandie": {"incidence_cas": 33, "incidence_hosp": 1.9847854519896453, "incidence_dc": 0.2335041708223112, "population": 3426063, "taux_positivite": 1.2, "incidence_rea": 0.4670083416446224, "incidence_evol": 6.45}, "Nouvelle-Aquitaine": {"incidence_cas": 51, "incidence_hosp": 2.0588108374484846, "incidence_dc": 0.14823438029629088, "population": 6071466, "taux_positivite": 1.8, "incidence_rea": 0.5105850876872241, "incidence_evol": 30.77}, "Centre": {"incidence_cas": 46, "incidence_hosp": 2.0397817886770957, "incidence_dc": 0.26441615779147537, "population": 2647342, "taux_positivite": 2.1, "incidence_rea": 0.5666060524103044, "incidence_evol": 39.39}, "Bourgogne-Franche-Comt\u00e9": {"incidence_cas": 33, "incidence_hosp": 1.9623037997431103, "incidence_dc": 0.17213191225816757, "population": 2904749, "taux_positivite": 1.2, "incidence_rea": 0.5852485016777698, "incidence_evol": 0.0}, "Bretagne": {"incidence_cas": 44, "incidence_hosp": 1.4442748649603, "incidence_dc": 0.1473749862204388, "population": 3392706, "taux_positivite": 1.8, "incidence_rea": 0.32422496968496534, "incidence_evol": 29.41}, "Corse": {"incidence_cas": 56, "incidence_hosp": 2.404402460905919, "incidence_dc": 0.0, "population": 332723, "taux_positivite": 1.1, "incidence_rea": 0.6011006152264797, "incidence_evol": 1.82}, "Pays de la Loire": {"incidence_cas": 73, "incidence_hosp": 3.4549836568803385, "incidence_dc": 0.18321883028910885, "population": 3820568, "taux_positivite": 2.7, "incidence_rea": 0.7590494397691652, "incidence_evol": 52.08}, "Ile-de-France": {"incidence_cas": 71, "incidence_hosp": 2.739451354131248, "incidence_dc": 0.36798600279374977, "population": 12228726, "taux_positivite": 1.7, "incidence_rea": 0.8995213401624994, "incidence_evol": 0.0}, "Guadeloupe": {"incidence_cas": 49, "incidence_hosp": 3.7078968314785605, "incidence_dc": 1.2359656104928536, "population": 404542, "taux_positivite": 1.3, "incidence_rea": 1.4831587325914244, "incidence_evol": -3.92}, "Martinique": {"incidence_cas": 134, "incidence_hosp": 13.441033925686591, "incidence_dc": 2.8432956381260097, "population": 386875, "taux_positivite": 2.2, "incidence_rea": 4.911147011308563, "incidence_evol": 4.69}, "Guyane": {"incidence_cas": 227, "incidence_hosp": 20.580758515288835, "incidence_dc": 2.6678761038337377, "population": 262381, "taux_positivite": 9.4, "incidence_rea": 5.3357522076674755, "incidence_evol": -15.61}, "La R\u00e9union": {"incidence_cas": 33, "incidence_hosp": 0.8131063450172844, "incidence_dc": 0.3484741478645504, "population": 860896, "taux_positivite": 1.2, "incidence_rea": 0.3484741478645504, "incidence_evol": 13.79}, "Mayotte": {"incidence_cas": 17, "incidence_hosp": 1.4794431376030062, "incidence_dc": 0.7397215688015031, "population": 270372, "taux_positivite": 1.5, "incidence_rea": 0.36986078440075154, "incidence_evol": -15.0}}, "donnees_france": {"incidence_cas": 55.024961262382575, "incidence_hosp": 2.370558174071234, "incidence_dc": 0.3069358792323534, "population": "67114995", "incidence_rea": 0.6362214584088101}, "date_donnees": "24/10", "date_update": "27/10"}