{"liste_regions": ["Auvergne-Rh\u00f4ne-Alpes", "Hauts-de-France", "Provence-Alpes-C\u00f4te d'Azur", "Grand Est", "Occitanie", "Normandie", "Nouvelle-Aquitaine", "Centre", "Bourgogne-Franche-Comt\u00e9", "Bretagne", "Corse", "Pays de la Loire", "Ile-de-France", "Guadeloupe", "Martinique", "Guyane", "La R\u00e9union", "Mayotte"], "donnees_regions": {"Auvergne-Rh\u00f4ne-Alpes": {"incidence_cas": 104, "incidence_hosp": 3.234486516590623, "incidence_dc": 0.3841727280241736, "population": 8069287, "taux_positivite": 3.9, "incidence_rea": 0.7683454560483473, "incidence_evol": 50.72}, "Hauts-de-France": {"incidence_cas": 100, "incidence_hosp": 2.779672224321511, "incidence_dc": 0.3433712747691278, "population": 6115829, "taux_positivite": 3.7, "incidence_rea": 0.6867425495382556, "incidence_evol": 44.93}, "Provence-Alpes-C\u00f4te d'Azur": {"incidence_cas": 128, "incidence_hosp": 4.694556259346145, "incidence_dc": 0.5499898546514311, "population": 5091003, "taux_positivite": 3.3, "incidence_rea": 0.8446272767861265, "incidence_evol": 48.84}, "Grand Est": {"incidence_cas": 98, "incidence_hosp": 3.25667989054739, "incidence_dc": 0.17603675084039944, "population": 5680632, "taux_positivite": 3.2, "incidence_rea": 0.8097690538658375, "incidence_evol": 40.0}, "Occitanie": {"incidence_cas": 94, "incidence_hosp": 3.1623638788371564, "incidence_dc": 0.21984347820793065, "population": 5913298, "taux_positivite": 3.4, "incidence_rea": 1.1330394646101043, "incidence_evol": 44.62}, "Normandie": {"incidence_cas": 60, "incidence_hosp": 2.626921921751001, "incidence_dc": 0.4086322989390446, "population": 3426063, "taux_positivite": 2.7, "incidence_rea": 0.5253843843502002, "incidence_evol": 36.36}, "Nouvelle-Aquitaine": {"incidence_cas": 97, "incidence_hosp": 3.1788039330204603, "incidence_dc": 0.29646876059258176, "population": 6071466, "taux_positivite": 4.0, "incidence_rea": 0.7741128748806302, "incidence_evol": 40.58}, "Centre": {"incidence_cas": 80, "incidence_hosp": 3.5885049985985944, "incidence_dc": 0.26441615779147537, "population": 2647342, "taux_positivite": 4.0, "incidence_rea": 0.9443434206838407, "incidence_evol": 25.0}, "Bourgogne-Franche-Comt\u00e9": {"incidence_cas": 75, "incidence_hosp": 3.0639480381953828, "incidence_dc": 0.3786902069679687, "population": 2904749, "taux_positivite": 3.1, "incidence_rea": 0.6196748841294033, "incidence_evol": 22.95}, "Bretagne": {"incidence_cas": 90, "incidence_hosp": 3.035924716141039, "incidence_dc": 0.26527497519678983, "population": 3392706, "taux_positivite": 3.9, "incidence_rea": 0.6779249366140184, "incidence_evol": 38.46}, "Corse": {"incidence_cas": 178, "incidence_hosp": 4.207704306585358, "incidence_dc": 1.2022012304529595, "population": 332723, "taux_positivite": 4.0, "incidence_rea": 0.6011006152264797, "incidence_evol": 66.36}, "Pays de la Loire": {"incidence_cas": 123, "incidence_hosp": 4.81603782474229, "incidence_dc": 0.8899200328328144, "population": 3820568, "taux_positivite": 4.7, "incidence_rea": 1.099312981734653, "incidence_evol": 35.16}, "Ile-de-France": {"incidence_cas": 97, "incidence_hosp": 3.557198027006247, "incidence_dc": 0.34345360260749974, "population": 12228726, "taux_positivite": 2.8, "incidence_rea": 0.7932142726887494, "incidence_evol": 19.75}, "Guadeloupe": {"incidence_cas": 61, "incidence_hosp": 4.696669319872844, "incidence_dc": 0.24719312209857072, "population": 404542, "taux_positivite": 1.4, "incidence_rea": 0.7415793662957122, "incidence_evol": 22.0}, "Martinique": {"incidence_cas": 116, "incidence_hosp": 10.856219709208402, "incidence_dc": 0.7754442649434572, "population": 386875, "taux_positivite": 2.0, "incidence_rea": 3.101777059773829, "incidence_evol": 27.47}, "Guyane": {"incidence_cas": 100, "incidence_hosp": 8.384753469191748, "incidence_dc": 1.90562578845267, "population": 262381, "taux_positivite": 5.1, "incidence_rea": 1.524500630762136, "incidence_evol": -28.57}, "La R\u00e9union": {"incidence_cas": 163, "incidence_hosp": 4.762480020815522, "incidence_dc": 0.3484741478645504, "population": 860896, "taux_positivite": 4.5, "incidence_rea": 0.9292643943054678, "incidence_evol": 75.27}, "Mayotte": {"incidence_cas": 33, "incidence_hosp": 0.36986078440075154, "incidence_dc": 0.0, "population": 270372, "taux_positivite": 2.2, "incidence_rea": 0.0, "incidence_evol": -21.43}}, "donnees_france": {"incidence_cas": 100.18625494943419, "incidence_hosp": 3.5312525911683372, "incidence_dc": 0.3784549190534842, "population": "67114995", "incidence_rea": 0.8328988179169201}, "date_donnees": "12/11", "date_update": "15/11"}