{"liste_regions": ["Auvergne-Rh\u00f4ne-Alpes", "Hauts-de-France", "Provence-Alpes-C\u00f4te d'Azur", "Grand Est", "Occitanie", "Normandie", "Nouvelle-Aquitaine", "Centre", "Bourgogne-Franche-Comt\u00e9", "Bretagne", "Corse", "Pays de la Loire", "Ile-de-France", "Guadeloupe", "Martinique", "Guyane", "La R\u00e9union", "Mayotte"], "donnees_regions": {"Auvergne-Rh\u00f4ne-Alpes": {"incidence_cas": 1204, "incidence_hosp": 13.842610877516192, "incidence_dc": 0.9914134916752868, "population": 8069287, "taux_positivite": 31.2, "incidence_rea": 1.2020888586562852, "incidence_evol": 8.66}, "Hauts-de-France": {"incidence_cas": 1529, "incidence_hosp": 17.544637039394004, "incidence_dc": 1.2426769944025577, "population": 6115829, "taux_positivite": 28.9, "incidence_rea": 1.8476644785195921, "incidence_evol": -0.2}, "Provence-Alpes-C\u00f4te d'Azur": {"incidence_cas": 1316, "incidence_hosp": 19.30857239722703, "incidence_dc": 1.3356896470106185, "population": 5091003, "taux_positivite": 25.2, "incidence_rea": 1.2767621625836796, "incidence_evol": 4.44}, "Grand Est": {"incidence_cas": 1525, "incidence_hosp": 19.57528669345242, "incidence_dc": 1.267464606050876, "population": 5680632, "taux_positivite": 28.6, "incidence_rea": 1.7427638333199547, "incidence_evol": -9.23}, "Occitanie": {"incidence_cas": 1324, "incidence_hosp": 14.543491635293874, "incidence_dc": 0.7271745817646937, "population": 5913298, "taux_positivite": 29.9, "incidence_rea": 1.471260200314613, "incidence_evol": 3.36}, "Normandie": {"incidence_cas": 1723, "incidence_hosp": 23.233664996819964, "incidence_dc": 1.5761531530506008, "population": 3426063, "taux_positivite": 34.5, "incidence_rea": 0.6713244911141447, "incidence_evol": 0.12}, "Nouvelle-Aquitaine": {"incidence_cas": 1103, "incidence_hosp": 13.505799093662057, "incidence_dc": 0.9882292019752725, "population": 6071466, "taux_positivite": 33.3, "incidence_rea": 1.1199930955719757, "incidence_evol": -4.75}, "Centre": {"incidence_cas": 1473, "incidence_hosp": 14.316246257567023, "incidence_dc": 1.0198908943385478, "population": 2647342, "taux_positivite": 36.3, "incidence_rea": 1.6242706835762057, "incidence_evol": 3.95}, "Bourgogne-Franche-Comt\u00e9": {"incidence_cas": 1367, "incidence_hosp": 19.726317144786005, "incidence_dc": 1.2393497682588066, "population": 2904749, "taux_positivite": 34.2, "incidence_rea": 2.065582947098011, "incidence_evol": 6.8}, "Bretagne": {"incidence_cas": 1713, "incidence_hosp": 21.074623029522748, "incidence_dc": 1.2674248814957736, "population": 3392706, "taux_positivite": 39.6, "incidence_rea": 1.2674248814957736, "incidence_evol": -7.9}, "Corse": {"incidence_cas": 1956, "incidence_hosp": 24.34457491667243, "incidence_dc": 1.803301845679439, "population": 332723, "taux_positivite": 28.4, "incidence_rea": 2.103852153292679, "incidence_evol": 7.06}, "Pays de la Loire": {"incidence_cas": 1442, "incidence_hosp": 13.924631101972272, "incidence_dc": 0.9160941514455442, "population": 3820568, "taux_positivite": 35.6, "incidence_rea": 1.125487100347383, "incidence_evol": 2.63}, "Ile-de-France": {"incidence_cas": 1329, "incidence_hosp": 12.73231569666374, "incidence_dc": 0.8013917394174994, "population": 12228726, "taux_positivite": 23.2, "incidence_rea": 1.431056677531249, "incidence_evol": 0.38}, "Guadeloupe": {"incidence_cas": 751, "incidence_hosp": 5.685441808267127, "incidence_dc": 0.24719312209857072, "population": 404542, "taux_positivite": 13.5, "incidence_rea": 1.4831587325914244, "incidence_evol": -19.51}, "Martinique": {"incidence_cas": 673, "incidence_hosp": 9.305331179321486, "incidence_dc": 0.5169628432956381, "population": 386875, "taux_positivite": 10.5, "incidence_rea": 0.25848142164781907, "incidence_evol": -32.16}, "Guyane": {"incidence_cas": 146, "incidence_hosp": 4.954627049976942, "incidence_dc": 0.0, "population": 262381, "taux_positivite": 10.1, "incidence_rea": 0.0, "incidence_evol": 5.04}, "La R\u00e9union": {"incidence_cas": 1508, "incidence_hosp": 12.661227372411998, "incidence_dc": 0.8131063450172844, "population": 860896, "taux_positivite": 36.2, "incidence_rea": 0.8131063450172844, "incidence_evol": 5.09}, "Mayotte": {"incidence_cas": 21, "incidence_hosp": 0.0, "incidence_dc": 0.0, "population": 270372, "taux_positivite": 2.4, "incidence_rea": 0.0, "incidence_evol": 61.54}}, "donnees_france": {"incidence_cas": 1409.0889822758684, "incidence_hosp": 16.060494379832704, "incidence_dc": 1.0549058373616804, "population": "67114995", "incidence_rea": 1.3961112565083258}, "date_donnees": "04/04", "date_update": "07/04"}