{"liste_regions": ["Auvergne-Rh\u00f4ne-Alpes", "Hauts-de-France", "Provence-Alpes-C\u00f4te d'Azur", "Grand Est", "Occitanie", "Normandie", "Nouvelle-Aquitaine", "Centre", "Bourgogne-Franche-Comt\u00e9", "Bretagne", "Corse", "Pays de la Loire", "Ile-de-France", "Guadeloupe", "Martinique", "Guyane", "La R\u00e9union", "Mayotte"], "donnees_regions": {"Auvergne-Rh\u00f4ne-Alpes": {"incidence_cas": 186, "incidence_hosp": 3.08577449283933, "incidence_dc": 0.3841727280241736, "population": 8069287, "taux_positivite": 14.6, "incidence_rea": 0.33460205344040933, "incidence_evol": 27.4}, "Hauts-de-France": {"incidence_cas": 201, "incidence_hosp": 4.30031644115622, "incidence_dc": 0.5068814056115696, "population": 6115829, "taux_positivite": 13.6, "incidence_rea": 0.5232324186958137, "incidence_evol": 18.93}, "Provence-Alpes-C\u00f4te d'Azur": {"incidence_cas": 202, "incidence_hosp": 4.085638920267774, "incidence_dc": 0.4714198754155124, "population": 5091003, "taux_positivite": 10.8, "incidence_rea": 0.5107048650334718, "incidence_evol": 16.09}, "Grand Est": {"incidence_cas": 194, "incidence_hosp": 4.5945591969344255, "incidence_dc": 0.4400918771009987, "population": 5680632, "taux_positivite": 12.9, "incidence_rea": 0.651335978109478, "incidence_evol": 32.88}, "Occitanie": {"incidence_cas": 219, "incidence_hosp": 3.6527839456086943, "incidence_dc": 0.3213096989192833, "population": 5913298, "taux_positivite": 14.7, "incidence_rea": 0.49042006677153765, "incidence_evol": 33.54}, "Normandie": {"incidence_cas": 211, "incidence_hosp": 4.75764748050459, "incidence_dc": 0.5253843843502002, "population": 3426063, "taux_positivite": 17.2, "incidence_rea": 0.291880213527889, "incidence_evol": 22.67}, "Nouvelle-Aquitaine": {"incidence_cas": 205, "incidence_hosp": 3.95291680790109, "incidence_dc": 0.395291680790109, "population": 6071466, "taux_positivite": 16.5, "incidence_rea": 0.49411460098763627, "incidence_evol": 37.58}, "Centre": {"incidence_cas": 212, "incidence_hosp": 3.739599945908009, "incidence_dc": 0.302189894618829, "population": 2647342, "taux_positivite": 17.8, "incidence_rea": 0.604379789237658, "incidence_evol": 26.95}, "Bourgogne-Franche-Comt\u00e9": {"incidence_cas": 182, "incidence_hosp": 5.267236515099928, "incidence_dc": 0.34426382451633514, "population": 2904749, "taux_positivite": 14.7, "incidence_rea": 0.7229540314843038, "incidence_evol": 27.27}, "Bretagne": {"incidence_cas": 260, "incidence_hosp": 4.745474556298129, "incidence_dc": 0.3831749641731409, "population": 3392706, "taux_positivite": 21.5, "incidence_rea": 0.4421249586613164, "incidence_evol": 23.22}, "Corse": {"incidence_cas": 189, "incidence_hosp": 3.0055030761323986, "incidence_dc": 0.30055030761323986, "population": 332723, "taux_positivite": 12.6, "incidence_rea": 0.30055030761323986, "incidence_evol": 5.0}, "Pays de la Loire": {"incidence_cas": 229, "incidence_hosp": 3.7428989616203663, "incidence_dc": 0.23556706751456852, "population": 3820568, "taux_positivite": 20.6, "incidence_rea": 0.3664376605782177, "incidence_evol": 21.16}, "Ile-de-France": {"incidence_cas": 269, "incidence_hosp": 3.287341624957498, "incidence_dc": 0.3516310693362497, "population": 12228726, "taux_positivite": 13.7, "incidence_rea": 0.38434093625124977, "incidence_evol": 47.8}, "Guadeloupe": {"incidence_cas": 566, "incidence_hosp": 5.4382486861685555, "incidence_dc": 0.49438624419714144, "population": 404542, "taux_positivite": 16.5, "incidence_rea": 0.7415793662957122, "incidence_evol": 16.22}, "Martinique": {"incidence_cas": 2229, "incidence_hosp": 4.911147011308563, "incidence_dc": 2.0678513731825525, "population": 386875, "taux_positivite": 33.6, "incidence_rea": 0.7754442649434572, "incidence_evol": 47.52}, "Guyane": {"incidence_cas": 286, "incidence_hosp": 11.814879888406555, "incidence_dc": 0.762250315381068, "population": 262381, "taux_positivite": 16.9, "incidence_rea": 0.0, "incidence_evol": 36.19}, "La R\u00e9union": {"incidence_cas": 228, "incidence_hosp": 6.504850760138275, "incidence_dc": 0.8131063450172844, "population": 860896, "taux_positivite": 15.6, "incidence_rea": 0.5807902464409174, "incidence_evol": -15.24}, "Mayotte": {"incidence_cas": 34, "incidence_hosp": 0.0, "incidence_dc": 0.0, "population": 270372, "taux_positivite": 4.0, "incidence_rea": 0.0, "incidence_evol": 25.93}}, "donnees_france": {"incidence_cas": 242.31097685398026, "incidence_hosp": 4.016986069953518, "incidence_dc": 0.409744498975229, "population": "67114995", "incidence_rea": 0.470833678822445}, "date_donnees": "05/06", "date_update": "08/06"}