{"liste_regions": ["Auvergne-Rh\u00f4ne-Alpes", "Hauts-de-France", "Provence-Alpes-C\u00f4te d'Azur", "Grand Est", "Occitanie", "Normandie", "Nouvelle-Aquitaine", "Centre", "Bourgogne-Franche-Comt\u00e9", "Bretagne", "Corse", "Pays de la Loire", "Ile-de-France", "Guadeloupe", "Martinique", "Guyane", "La R\u00e9union", "Mayotte"], "donnees_regions": {"Auvergne-Rh\u00f4ne-Alpes": {"incidence_cas": 995, "incidence_hosp": 16.383107949934114, "incidence_dc": 1.3012302078238138, "population": 8069287, "taux_positivite": 30.5, "incidence_rea": 1.3384082137616373, "incidence_evol": -26.02}, "Hauts-de-France": {"incidence_cas": 898, "incidence_hosp": 15.124687102925865, "incidence_dc": 1.2426769944025577, "population": 6115829, "taux_positivite": 30.2, "incidence_rea": 1.4388891514134878, "incidence_evol": -35.44}, "Provence-Alpes-C\u00f4te d'Azur": {"incidence_cas": 924, "incidence_hosp": 19.210359923182132, "incidence_dc": 1.9642494808979685, "population": 5091003, "taux_positivite": 25.2, "incidence_rea": 1.5124721002914359, "incidence_evol": -29.47}, "Grand Est": {"incidence_cas": 841, "incidence_hosp": 15.174367922442432, "incidence_dc": 1.5491234073955154, "population": 5680632, "taux_positivite": 30.3, "incidence_rea": 1.566727082479555, "incidence_evol": -37.98}, "Occitanie": {"incidence_cas": 975, "incidence_hosp": 14.814068223857483, "incidence_dc": 1.0653953174692024, "population": 5913298, "taux_positivite": 29.9, "incidence_rea": 1.8094809360191215, "incidence_evol": -29.14}, "Normandie": {"incidence_cas": 1014, "incidence_hosp": 19.03058992201836, "incidence_dc": 1.7220932598145453, "population": 3426063, "taux_positivite": 36.2, "incidence_rea": 1.1383328327587672, "incidence_evol": -36.78}, "Nouvelle-Aquitaine": {"incidence_cas": 790, "incidence_hosp": 11.990514317299974, "incidence_dc": 1.2517569891686784, "population": 6071466, "taux_positivite": 30.4, "incidence_rea": 1.185875042370327, "incidence_evol": -31.0}, "Centre": {"incidence_cas": 943, "incidence_hosp": 16.733765414517656, "incidence_dc": 1.3598545257847305, "population": 2647342, "taux_positivite": 37.1, "incidence_rea": 1.926460578195035, "incidence_evol": -35.72}, "Bourgogne-Franche-Comt\u00e9": {"incidence_cas": 1025, "incidence_hosp": 19.967301821947437, "incidence_dc": 1.4459080629686076, "population": 2904749, "taux_positivite": 33.6, "incidence_rea": 1.2737761507104401, "incidence_evol": -29.89}, "Bretagne": {"incidence_cas": 994, "incidence_hosp": 18.45134827479894, "incidence_dc": 1.2674248814957736, "population": 3392706, "taux_positivite": 39.5, "incidence_rea": 1.9748248153538799, "incidence_evol": -37.64}, "Corse": {"incidence_cas": 1259, "incidence_hosp": 24.34457491667243, "incidence_dc": 2.7049527685191586, "population": 332723, "taux_positivite": 28.2, "incidence_rea": 2.404402460905919, "incidence_evol": -27.35}, "Pays de la Loire": {"incidence_cas": 910, "incidence_hosp": 12.066268680468454, "incidence_dc": 0.7590494397691652, "population": 3820568, "taux_positivite": 36.6, "incidence_rea": 1.7013177098274395, "incidence_evol": -35.73}, "Ile-de-France": {"incidence_cas": 853, "incidence_hosp": 10.933273016338742, "incidence_dc": 0.7605044057737494, "population": 12228726, "taux_positivite": 21.1, "incidence_rea": 1.349282010243749, "incidence_evol": -31.76}, "Guadeloupe": {"incidence_cas": 518, "incidence_hosp": 6.67421429666141, "incidence_dc": 0.49438624419714144, "population": 404542, "taux_positivite": 15.8, "incidence_rea": 0.9887724883942829, "incidence_evol": -27.14}, "Martinique": {"incidence_cas": 398, "incidence_hosp": 1.5508885298869144, "incidence_dc": 0.25848142164781907, "population": 386875, "taux_positivite": 14.1, "incidence_rea": 0.0, "incidence_evol": -27.5}, "Guyane": {"incidence_cas": 131, "incidence_hosp": 8.003628311501213, "incidence_dc": 0.0, "population": 262381, "taux_positivite": 8.6, "incidence_rea": 0.0, "incidence_evol": -23.39}, "La R\u00e9union": {"incidence_cas": 1480, "incidence_hosp": 16.37828494963387, "incidence_dc": 0.9292643943054678, "population": 860896, "taux_positivite": 38.5, "incidence_rea": 1.3938965914582016, "incidence_evol": -16.05}, "Mayotte": {"incidence_cas": 18, "incidence_hosp": 0.7397215688015031, "incidence_dc": 0.0, "population": 270372, "taux_positivite": 2.3, "incidence_rea": 0.0, "incidence_evol": -43.75}}, "donnees_france": {"incidence_cas": 943.8144188195201, "incidence_hosp": 15.001118602482203, "incidence_dc": 1.2366833969070548, "population": "67114995", "incidence_rea": 1.473590216314551}, "date_donnees": "18/04", "date_update": "21/04"}