{"liste_regions": ["Auvergne-Rh\u00f4ne-Alpes", "Hauts-de-France", "Provence-Alpes-C\u00f4te d'Azur", "Grand Est", "Occitanie", "Normandie", "Nouvelle-Aquitaine", "Centre", "Bourgogne-Franche-Comt\u00e9", "Bretagne", "Corse", "Pays de la Loire", "Ile-de-France", "Guadeloupe", "Martinique", "Guyane", "La R\u00e9union", "Mayotte"], "donnees_regions": {"Auvergne-Rh\u00f4ne-Alpes": {"incidence_cas": 39, "incidence_hosp": 0.7683454560483473, "incidence_dc": 0.11153401781346978, "population": 8069287, "taux_positivite": 1.3, "incidence_rea": 0.1611046923972341, "incidence_evol": 95.0}, "Hauts-de-France": {"incidence_cas": 26, "incidence_hosp": 2.89412931591122, "incidence_dc": 0.22891418317941853, "population": 6115829, "taux_positivite": 1.1, "incidence_rea": 0.21256317009517434, "incidence_evol": 36.84}, "Provence-Alpes-C\u00f4te d'Azur": {"incidence_cas": 68, "incidence_hosp": 1.5910420795273543, "incidence_dc": 0.3142799169436749, "population": 5091003, "taux_positivite": 1.4, "incidence_rea": 0.4714198754155124, "incidence_evol": 126.67}, "Grand Est": {"incidence_cas": 31, "incidence_hosp": 0.5809212777733181, "incidence_dc": 0.10562205050423966, "population": 5680632, "taux_positivite": 0.9, "incidence_rea": 0.10562205050423966, "incidence_evol": 82.35}, "Occitanie": {"incidence_cas": 89, "incidence_hosp": 3.280741136333735, "incidence_dc": 0.11837725749657804, "population": 5913298, "taux_positivite": 2.3, "incidence_rea": 0.42277591963063593, "incidence_evol": 187.1}, "Normandie": {"incidence_cas": 44, "incidence_hosp": 1.6053411744033894, "incidence_dc": 0.35025625623346685, "population": 3426063, "taux_positivite": 1.9, "incidence_rea": 0.2335041708223112, "incidence_evol": 109.52}, "Nouvelle-Aquitaine": {"incidence_cas": 47, "incidence_hosp": 0.6588194679835151, "incidence_dc": 0.032940973399175746, "population": 6071466, "taux_positivite": 1.6, "incidence_rea": 0.06588194679835149, "incidence_evol": 95.83}, "Centre": {"incidence_cas": 22, "incidence_hosp": 0.45328484192824353, "incidence_dc": 0.07554747365470725, "population": 2647342, "taux_positivite": 1.0, "incidence_rea": 0.1888686841367681, "incidence_evol": 46.67}, "Bourgogne-Franche-Comt\u00e9": {"incidence_cas": 21, "incidence_hosp": 1.411481680516974, "incidence_dc": 0.13770552980653405, "population": 2904749, "taux_positivite": 0.9, "incidence_rea": 0.2754110596130681, "incidence_evol": 61.54}, "Bretagne": {"incidence_cas": 36, "incidence_hosp": 0.47159995590540416, "incidence_dc": 0.08842499173226327, "population": 3392706, "taux_positivite": 1.4, "incidence_rea": 0.02947499724408776, "incidence_evol": 50.0}, "Corse": {"incidence_cas": 108, "incidence_hosp": 1.2022012304529595, "incidence_dc": 0.0, "population": 332723, "taux_positivite": 2.0, "incidence_rea": 0.6011006152264797, "incidence_evol": 800.0}, "Pays de la Loire": {"incidence_cas": 40, "incidence_hosp": 0.5234823722545967, "incidence_dc": 0.026174118612729832, "population": 3820568, "taux_positivite": 1.5, "incidence_rea": 0.13087059306364918, "incidence_evol": 110.53}, "Ile-de-France": {"incidence_cas": 66, "incidence_hosp": 1.8726398808837486, "incidence_dc": 0.14719440111749987, "population": 12228726, "taux_positivite": 1.3, "incidence_rea": 0.3270986691499998, "incidence_evol": 50.0}, "Guadeloupe": {"incidence_cas": 51, "incidence_hosp": 6.921407418759981, "incidence_dc": 0.9887724883942829, "population": 404542, "taux_positivite": 2.9, "incidence_rea": 0.7415793662957122, "incidence_evol": 13.33}, "Martinique": {"incidence_cas": 420, "incidence_hosp": 11.890145395799676, "incidence_dc": 1.0339256865912763, "population": 386875, "taux_positivite": 12.6, "incidence_rea": 0.7754442649434572, "incidence_evol": 167.52}, "Guyane": {"incidence_cas": 185, "incidence_hosp": 27.441011353718448, "incidence_dc": 2.286750946143204, "population": 262381, "taux_positivite": 6.1, "incidence_rea": 6.479127680739078, "incidence_evol": -7.04}, "La R\u00e9union": {"incidence_cas": 169, "incidence_hosp": 8.71185369661376, "incidence_dc": 1.0454224435936512, "population": 860896, "taux_positivite": 4.3, "incidence_rea": 1.8585287886109356, "incidence_evol": 1.2}, "Mayotte": {"incidence_cas": 6, "incidence_hosp": 0.0, "incidence_dc": 0.0, "population": 270372, "taux_positivite": 0.3, "incidence_rea": 0.0, "incidence_evol": -14.29}}, "donnees_france": {"incidence_cas": 53.22804538687666, "incidence_hosp": 1.745741694048294, "incidence_dc": 0.17236436979211, "population": "67114995", "incidence_rea": 0.28432755016989086}, "date_donnees": "13/07", "date_update": "16/07"}