{"liste_regions": ["Auvergne-Rh\u00f4ne-Alpes", "Hauts-de-France", "Provence-Alpes-C\u00f4te d'Azur", "Grand Est", "Occitanie", "Normandie", "Nouvelle-Aquitaine", "Centre", "Bourgogne-Franche-Comt\u00e9", "Bretagne", "Corse", "Pays de la Loire", "Ile-de-France", "Guadeloupe", "Martinique", "Guyane", "La R\u00e9union", "Mayotte"], "donnees_regions": {"Auvergne-Rh\u00f4ne-Alpes": {"incidence_cas": 306, "incidence_hosp": 5.998051624635485, "incidence_dc": 0.7063821128186419, "population": 8069287, "taux_positivite": 18.6, "incidence_rea": 0.6692041068808187, "incidence_evol": -17.52}, "Hauts-de-France": {"incidence_cas": 374, "incidence_hosp": 8.551579843059706, "incidence_dc": 1.2263259813183136, "population": 6115829, "taux_positivite": 18.7, "incidence_rea": 1.1118688897286042, "incidence_evol": -15.96}, "Provence-Alpes-C\u00f4te d'Azur": {"incidence_cas": 357, "incidence_hosp": 7.935567902827793, "incidence_dc": 0.8249847819771466, "population": 5091003, "taux_positivite": 14.1, "incidence_rea": 0.6874873183142889, "incidence_evol": -14.8}, "Grand Est": {"incidence_cas": 336, "incidence_hosp": 7.886446437649894, "incidence_dc": 1.2322572558827962, "population": 5680632, "taux_positivite": 16.1, "incidence_rea": 0.7217506784456377, "incidence_evol": -23.64}, "Occitanie": {"incidence_cas": 265, "incidence_hosp": 6.22326153696296, "incidence_dc": 0.7271745817646937, "population": 5913298, "taux_positivite": 15.3, "incidence_rea": 0.7948187289055956, "incidence_evol": -27.0}, "Normandie": {"incidence_cas": 353, "incidence_hosp": 9.632047046420338, "incidence_dc": 1.0507687687004004, "population": 3426063, "taux_positivite": 21.3, "incidence_rea": 0.3794442775862557, "incidence_evol": -22.08}, "Nouvelle-Aquitaine": {"incidence_cas": 258, "incidence_hosp": 6.028198132049162, "incidence_dc": 0.5435260610863999, "population": 6071466, "taux_positivite": 17.9, "incidence_rea": 0.6917604413826908, "incidence_evol": -18.1}, "Centre": {"incidence_cas": 358, "incidence_hosp": 7.365878681333957, "incidence_dc": 0.6421535260650116, "population": 2647342, "taux_positivite": 22.9, "incidence_rea": 1.1332121048206087, "incidence_evol": -20.44}, "Bourgogne-Franche-Comt\u00e9": {"incidence_cas": 314, "incidence_hosp": 8.296758170843678, "incidence_dc": 1.204923385807173, "population": 2904749, "taux_positivite": 20.1, "incidence_rea": 0.4819693543228692, "incidence_evol": -24.15}, "Bretagne": {"incidence_cas": 401, "incidence_hosp": 8.252999228344573, "incidence_dc": 0.9137249145667206, "population": 3392706, "taux_positivite": 25.5, "incidence_rea": 0.6189749421258429, "incidence_evol": -18.66}, "Corse": {"incidence_cas": 360, "incidence_hosp": 7.513757690330996, "incidence_dc": 0.9016509228397195, "population": 332723, "taux_positivite": 16.6, "incidence_rea": 0.30055030761323986, "incidence_evol": -16.67}, "Pays de la Loire": {"incidence_cas": 371, "incidence_hosp": 7.328753211564353, "incidence_dc": 0.7590494397691652, "population": 3820568, "taux_positivite": 24.3, "incidence_rea": 0.7852235583818952, "incidence_evol": -16.25}, "Ile-de-France": {"incidence_cas": 233, "incidence_hosp": 6.141277513291246, "incidence_dc": 0.5642452042837496, "population": 12228726, "taux_positivite": 10.4, "incidence_rea": 0.7932142726887494, "incidence_evol": -14.65}, "Guadeloupe": {"incidence_cas": 720, "incidence_hosp": 10.134918006041401, "incidence_dc": 0.49438624419714144, "population": 404542, "taux_positivite": 17.7, "incidence_rea": 2.2247380988871366, "incidence_evol": 3.75}, "Martinique": {"incidence_cas": 1335, "incidence_hosp": 5.169628432956381, "incidence_dc": 0.5169628432956381, "population": 386875, "taux_positivite": 25.5, "incidence_rea": 0.7754442649434572, "incidence_evol": 42.17}, "Guyane": {"incidence_cas": 171, "incidence_hosp": 4.954627049976942, "incidence_dc": 0.381125157690534, "population": 262381, "taux_positivite": 11.2, "incidence_rea": 0.381125157690534, "incidence_evol": 15.54}, "La R\u00e9union": {"incidence_cas": 673, "incidence_hosp": 14.519756161022933, "incidence_dc": 1.3938965914582016, "population": 860896, "taux_positivite": 25.4, "incidence_rea": 1.2777385421700183, "incidence_evol": -30.76}, "Mayotte": {"incidence_cas": 23, "incidence_hosp": 0.0, "incidence_dc": 0.0, "population": 270372, "taux_positivite": 2.2, "incidence_rea": 0.0, "incidence_evol": -8.0}}, "donnees_france": {"incidence_cas": 333.39494400617923, "incidence_hosp": 7.2919621017628025, "incidence_dc": 0.8299188579243729, "population": "67114995", "incidence_rea": 0.7703196580734305}, "date_donnees": "14/05", "date_update": "17/05"}