{"liste_regions": ["Auvergne-Rh\u00f4ne-Alpes", "Hauts-de-France", "Provence-Alpes-C\u00f4te d'Azur", "Grand Est", "Occitanie", "Normandie", "Nouvelle-Aquitaine", "Centre", "Bourgogne-Franche-Comt\u00e9", "Bretagne", "Corse", "Pays de la Loire", "Ile-de-France", "Guadeloupe", "Martinique", "Guyane", "La R\u00e9union", "Mayotte"], "donnees_regions": {"Auvergne-Rh\u00f4ne-Alpes": {"incidence_cas": 39, "incidence_hosp": 1.7969369536614572, "incidence_dc": 0.285031378856645, "population": 8069287, "taux_positivite": 0.9, "incidence_rea": 0.4337434026079379, "incidence_evol": -18.75}, "Hauts-de-France": {"incidence_cas": 31, "incidence_hosp": 1.177272942065581, "incidence_dc": 0.22891418317941853, "population": 6115829, "taux_positivite": 0.8, "incidence_rea": 0.3924243140218603, "incidence_evol": 3.33}, "Provence-Alpes-C\u00f4te d'Azur": {"incidence_cas": 67, "incidence_hosp": 3.0249442005828717, "incidence_dc": 0.4910623702244921, "population": 5091003, "taux_positivite": 1.0, "incidence_rea": 0.5892748442693905, "incidence_evol": -21.18}, "Grand Est": {"incidence_cas": 32, "incidence_hosp": 1.6547454578997547, "incidence_dc": 0.21124410100847932, "population": 5680632, "taux_positivite": 0.7, "incidence_rea": 0.4929029023531184, "incidence_evol": -13.51}, "Occitanie": {"incidence_cas": 34, "incidence_hosp": 1.6403705681668674, "incidence_dc": 0.3382207357045087, "population": 5913298, "taux_positivite": 0.7, "incidence_rea": 0.388953846060185, "incidence_evol": -20.93}, "Normandie": {"incidence_cas": 23, "incidence_hosp": 1.2258968968171338, "incidence_dc": 0.1459401067639445, "population": 3426063, "taux_positivite": 0.6, "incidence_rea": 0.1167520854111556, "incidence_evol": -8.0}, "Nouvelle-Aquitaine": {"incidence_cas": 29, "incidence_hosp": 0.9388177418765089, "incidence_dc": 0.1976458403950545, "population": 6071466, "taux_positivite": 0.8, "incidence_rea": 0.29646876059258176, "incidence_evol": -6.45}, "Centre": {"incidence_cas": 28, "incidence_hosp": 1.0576646311659015, "incidence_dc": 0.037773736827353625, "population": 2647342, "taux_positivite": 0.9, "incidence_rea": 0.302189894618829, "incidence_evol": -6.67}, "Bourgogne-Franche-Comt\u00e9": {"incidence_cas": 29, "incidence_hosp": 1.6524663576784087, "incidence_dc": 0.17213191225816757, "population": 2904749, "taux_positivite": 0.8, "incidence_rea": 0.34426382451633514, "incidence_evol": -14.71}, "Bretagne": {"incidence_cas": 28, "incidence_hosp": 1.3853248704721246, "incidence_dc": 0.08842499173226327, "population": 3392706, "taux_positivite": 0.9, "incidence_rea": 0.23579997795270208, "incidence_evol": 3.7}, "Corse": {"incidence_cas": 53, "incidence_hosp": 1.2022012304529595, "incidence_dc": 0.0, "population": 332723, "taux_positivite": 0.9, "incidence_rea": 0.0, "incidence_evol": 17.78}, "Pays de la Loire": {"incidence_cas": 38, "incidence_hosp": 1.6489694726019795, "incidence_dc": 0.0785223558381895, "population": 3820568, "taux_positivite": 1.1, "incidence_rea": 0.3926117791909476, "incidence_evol": -5.0}, "Ile-de-France": {"incidence_cas": 63, "incidence_hosp": 2.3142230842362483, "incidence_dc": 0.35980853606499974, "population": 12228726, "taux_positivite": 1.1, "incidence_rea": 0.6623748050287495, "incidence_evol": 0.0}, "Guadeloupe": {"incidence_cas": 68, "incidence_hosp": 6.179828052464268, "incidence_dc": 2.7191243430842778, "population": 404542, "taux_positivite": 1.9, "incidence_rea": 2.471931220985707, "incidence_evol": -11.69}, "Martinique": {"incidence_cas": 151, "incidence_hosp": 16.80129240710824, "incidence_dc": 3.8772213247172855, "population": 386875, "taux_positivite": 3.5, "incidence_rea": 4.3941841680129246, "incidence_evol": 11.85}, "Guyane": {"incidence_cas": 369, "incidence_hosp": 33.539013876766994, "incidence_dc": 3.81125157690534, "population": 262381, "taux_positivite": 11.2, "incidence_rea": 5.3357522076674755, "incidence_evol": -25.45}, "La R\u00e9union": {"incidence_cas": 28, "incidence_hosp": 1.5100546407463853, "incidence_dc": 0.23231609857636695, "population": 860896, "taux_positivite": 0.7, "incidence_rea": 0.11615804928818348, "incidence_evol": -12.5}, "Mayotte": {"incidence_cas": 20, "incidence_hosp": 1.8493039220037577, "incidence_dc": 1.1095823532022546, "population": 270372, "taux_positivite": 1.0, "incidence_rea": 0.0, "incidence_evol": -41.18}}, "donnees_france": {"incidence_cas": 43.51188583117678, "incidence_hosp": 1.981673395043835, "incidence_dc": 0.3099158392249005, "population": "67114995", "incidence_rea": 0.48573347878518053}, "date_donnees": "10/10", "date_update": "13/10"}