{"liste_regions": ["Auvergne-Rh\u00f4ne-Alpes", "Hauts-de-France", "Provence-Alpes-C\u00f4te d'Azur", "Grand Est", "Occitanie", "Normandie", "Nouvelle-Aquitaine", "Centre", "Bourgogne-Franche-Comt\u00e9", "Bretagne", "Corse", "Pays de la Loire", "Ile-de-France", "Guadeloupe", "Martinique", "Guyane", "La R\u00e9union", "Mayotte"], "donnees_regions": {"Auvergne-Rh\u00f4ne-Alpes": {"incidence_cas": 38, "incidence_hosp": 1.7969369536614572, "incidence_dc": 0.285031378856645, "population": 8069287, "taux_positivite": 0.9, "incidence_rea": 0.4213507339619969, "incidence_evol": -15.56}, "Hauts-de-France": {"incidence_cas": 32, "incidence_hosp": 1.09551787664436, "incidence_dc": 0.22891418317941853, "population": 6115829, "taux_positivite": 0.8, "incidence_rea": 0.37607330093761615, "incidence_evol": 6.67}, "Provence-Alpes-C\u00f4te d'Azur": {"incidence_cas": 69, "incidence_hosp": 3.0838716850098105, "incidence_dc": 0.5107048650334718, "population": 5091003, "taux_positivite": 1.0, "incidence_rea": 0.6089173390783702, "incidence_evol": -11.54}, "Grand Est": {"incidence_cas": 33, "incidence_hosp": 1.619538107731675, "incidence_dc": 0.21124410100847932, "population": 5680632, "taux_positivite": 0.7, "incidence_rea": 0.5105065774371584, "incidence_evol": -5.71}, "Occitanie": {"incidence_cas": 34, "incidence_hosp": 1.5727264210259655, "incidence_dc": 0.28748762534883243, "population": 5913298, "taux_positivite": 0.7, "incidence_rea": 0.4396869564158613, "incidence_evol": -12.82}, "Normandie": {"incidence_cas": 24, "incidence_hosp": 1.2550849181699226, "incidence_dc": 0.1459401067639445, "population": 3426063, "taux_positivite": 0.7, "incidence_rea": 0.1459401067639445, "incidence_evol": -4.0}, "Nouvelle-Aquitaine": {"incidence_cas": 31, "incidence_hosp": 0.8399948216789817, "incidence_dc": 0.16470486699587877, "population": 6071466, "taux_positivite": 0.9, "incidence_rea": 0.2799982738929939, "incidence_evol": 6.9}, "Centre": {"incidence_cas": 28, "incidence_hosp": 1.0954383679932551, "incidence_dc": 0.07554747365470725, "population": 2647342, "taux_positivite": 0.9, "incidence_rea": 0.26441615779147537, "incidence_evol": 0.0}, "Bourgogne-Franche-Comt\u00e9": {"incidence_cas": 29, "incidence_hosp": 1.85902465238821, "incidence_dc": 0.20655829470980108, "population": 2904749, "taux_positivite": 0.8, "incidence_rea": 0.41311658941960216, "incidence_evol": -12.12}, "Bretagne": {"incidence_cas": 29, "incidence_hosp": 1.1789998897635103, "incidence_dc": 0.11789998897635104, "population": 3392706, "taux_positivite": 0.9, "incidence_rea": 0.23579997795270208, "incidence_evol": 3.57}, "Corse": {"incidence_cas": 49, "incidence_hosp": 1.5027515380661993, "incidence_dc": 0.0, "population": 332723, "taux_positivite": 0.8, "incidence_rea": 0.30055030761323986, "incidence_evol": 0.0}, "Pays de la Loire": {"incidence_cas": 41, "incidence_hosp": 1.8321883028910884, "incidence_dc": 0.13087059306364918, "population": 3820568, "taux_positivite": 1.2, "incidence_rea": 0.4187858978036773, "incidence_evol": 7.89}, "Ile-de-France": {"incidence_cas": 64, "incidence_hosp": 2.2815132173212485, "incidence_dc": 0.35980853606499974, "population": 12228726, "taux_positivite": 1.1, "incidence_rea": 0.6623748050287495, "incidence_evol": 1.59}, "Guadeloupe": {"incidence_cas": 58, "incidence_hosp": 10.134918006041401, "incidence_dc": 2.471931220985707, "population": 404542, "taux_positivite": 1.6, "incidence_rea": 1.9775449767885658, "incidence_evol": -24.68}, "Martinique": {"incidence_cas": 150, "incidence_hosp": 17.576736672051698, "incidence_dc": 4.3941841680129246, "population": 386875, "taux_positivite": 3.3, "incidence_rea": 2.8432956381260097, "incidence_evol": 3.45}, "Guyane": {"incidence_cas": 350, "incidence_hosp": 34.682389349838594, "incidence_dc": 4.573501892286408, "population": 262381, "taux_positivite": 10.9, "incidence_rea": 5.3357522076674755, "incidence_evol": -25.21}, "La R\u00e9union": {"incidence_cas": 28, "incidence_hosp": 1.8585287886109356, "incidence_dc": 0.23231609857636695, "population": 860896, "taux_positivite": 0.7, "incidence_rea": 0.0, "incidence_evol": -15.15}, "Mayotte": {"incidence_cas": 18, "incidence_hosp": 0.36986078440075154, "incidence_dc": 0.7397215688015031, "population": 270372, "taux_positivite": 1.0, "incidence_rea": 0.0, "incidence_evol": -50.0}}, "donnees_france": {"incidence_cas": 44.17641690951478, "incidence_hosp": 1.9995531549991175, "incidence_dc": 0.3143857792137212, "population": "67114995", "incidence_rea": 0.4812635387963599}, "date_donnees": "11/10", "date_update": "14/10"}