{"liste_regions": ["Auvergne-Rh\u00f4ne-Alpes", "Hauts-de-France", "Provence-Alpes-C\u00f4te d'Azur", "Grand Est", "Occitanie", "Normandie", "Nouvelle-Aquitaine", "Centre", "Bourgogne-Franche-Comt\u00e9", "Bretagne", "Corse", "Pays de la Loire", "Ile-de-France", "Guadeloupe", "Martinique", "Guyane", "La R\u00e9union", "Mayotte"], "donnees_regions": {"Auvergne-Rh\u00f4ne-Alpes": {"incidence_cas": 914, "incidence_hosp": 12.181993278960087, "incidence_dc": 0.6692041068808187, "population": 8069287, "taux_positivite": 33.6, "incidence_rea": 0.7807381246942883, "incidence_evol": -21.61}, "Hauts-de-France": {"incidence_cas": 940, "incidence_hosp": 14.486997592640344, "incidence_dc": 0.7848486280437206, "population": 6115829, "taux_positivite": 31.8, "incidence_rea": 1.455240164497732, "incidence_evol": -23.39}, "Provence-Alpes-C\u00f4te d'Azur": {"incidence_cas": 1078, "incidence_hosp": 21.05675443522622, "incidence_dc": 1.1589071937298014, "population": 5091003, "taux_positivite": 28.0, "incidence_rea": 1.6499695639542933, "incidence_evol": -15.78}, "Grand Est": {"incidence_cas": 887, "incidence_hosp": 11.477596154794044, "incidence_dc": 0.7217506784456377, "population": 5680632, "taux_positivite": 30.3, "incidence_rea": 0.9682021296221969, "incidence_evol": -13.63}, "Occitanie": {"incidence_cas": 1091, "incidence_hosp": 13.52882942818035, "incidence_dc": 1.1330394646101043, "population": 5913298, "taux_positivite": 34.7, "incidence_rea": 1.9616802670861506, "incidence_evol": -23.97}, "Normandie": {"incidence_cas": 840, "incidence_hosp": 15.236147146155805, "incidence_dc": 1.0215807473476115, "population": 3426063, "taux_positivite": 36.5, "incidence_rea": 0.6421364697613557, "incidence_evol": -24.6}, "Nouvelle-Aquitaine": {"incidence_cas": 1000, "incidence_hosp": 13.86814980105299, "incidence_dc": 1.2188160157695027, "population": 6071466, "taux_positivite": 39.2, "incidence_rea": 1.0870521221727998, "incidence_evol": -32.3}, "Centre": {"incidence_cas": 893, "incidence_hosp": 14.014056362948194, "incidence_dc": 0.9443434206838407, "population": 2647342, "taux_positivite": 37.1, "incidence_rea": 1.3598545257847305, "incidence_evol": -30.56}, "Bourgogne-Franche-Comt\u00e9": {"incidence_cas": 902, "incidence_hosp": 15.250887426073646, "incidence_dc": 1.1016442384522724, "population": 2904749, "taux_positivite": 35.3, "incidence_rea": 1.1016442384522724, "incidence_evol": -20.32}, "Bretagne": {"incidence_cas": 961, "incidence_hosp": 16.741798434641847, "incidence_dc": 1.4147998677162124, "population": 3392706, "taux_positivite": 42.8, "incidence_rea": 1.3558498732280369, "incidence_evol": -35.98}, "Corse": {"incidence_cas": 1110, "incidence_hosp": 18.33356876440763, "incidence_dc": 2.404402460905919, "population": 332723, "taux_positivite": 29.6, "incidence_rea": 1.5027515380661993, "incidence_evol": -15.4}, "Pays de la Loire": {"incidence_cas": 939, "incidence_hosp": 11.33339335931202, "incidence_dc": 0.7852235583818952, "population": 3820568, "taux_positivite": 41.1, "incidence_rea": 1.2301835747983023, "incidence_evol": -37.69}, "Ile-de-France": {"incidence_cas": 819, "incidence_hosp": 12.912219964696241, "incidence_dc": 0.8749889399762494, "population": 12228726, "taux_positivite": 23.7, "incidence_rea": 1.447411610988749, "incidence_evol": -38.56}, "Guadeloupe": {"incidence_cas": 1000, "incidence_hosp": 13.34842859332282, "incidence_dc": 1.4831587325914244, "population": 404542, "taux_positivite": 19.9, "incidence_rea": 1.9775449767885658, "incidence_evol": -5.93}, "Martinique": {"incidence_cas": 529, "incidence_hosp": 12.665589660743136, "incidence_dc": 3.101777059773829, "population": 386875, "taux_positivite": 14.6, "incidence_rea": 2.0678513731825525, "incidence_evol": -33.04}, "Guyane": {"incidence_cas": 343, "incidence_hosp": 18.675132726836168, "incidence_dc": 0.381125157690534, "population": 262381, "taux_positivite": 16.2, "incidence_rea": 1.143375473071602, "incidence_evol": -20.05}, "La R\u00e9union": {"incidence_cas": 487, "incidence_hosp": 10.68654053451288, "incidence_dc": 0.9292643943054678, "population": 860896, "taux_positivite": 22.6, "incidence_rea": 1.0454224435936512, "incidence_evol": 17.35}, "Mayotte": {"incidence_cas": 90, "incidence_hosp": 3.6986078440075154, "incidence_dc": 0.0, "population": 270372, "taux_positivite": 6.1, "incidence_rea": 0.0, "incidence_evol": 21.62}}, "donnees_france": {"incidence_cas": 988.9801824465605, "incidence_hosp": 14.104150644725518, "incidence_dc": 0.9759368975591818, "population": "67114995", "incidence_rea": 1.290322676772903}, "date_donnees": "17/07", "date_update": "20/07"}