{"liste_regions": ["Auvergne-Rh\u00f4ne-Alpes", "Hauts-de-France", "Provence-Alpes-C\u00f4te d'Azur", "Grand Est", "Occitanie", "Normandie", "Nouvelle-Aquitaine", "Centre", "Bourgogne-Franche-Comt\u00e9", "Bretagne", "Corse", "Pays de la Loire", "Ile-de-France", "Guadeloupe", "Martinique", "Guyane", "La R\u00e9union", "Mayotte"], "donnees_regions": {"Auvergne-Rh\u00f4ne-Alpes": {"incidence_cas": 1180, "incidence_hosp": 13.755862196994602, "incidence_dc": 0.731167450110524, "population": 8069287, "taux_positivite": 32.5, "incidence_rea": 1.1153401781346977, "incidence_evol": 17.53}, "Hauts-de-France": {"incidence_cas": 1229, "incidence_hosp": 14.35618948796639, "incidence_dc": 0.6540405233697673, "population": 6115829, "taux_positivite": 30.8, "incidence_rea": 1.275379020571046, "incidence_evol": 27.23}, "Provence-Alpes-C\u00f4te d'Azur": {"incidence_cas": 1295, "incidence_hosp": 20.762117013091526, "incidence_dc": 0.9428397508310248, "population": 5091003, "taux_positivite": 26.5, "incidence_rea": 1.610684574336334, "incidence_evol": 12.02}, "Grand Est": {"incidence_cas": 1031, "incidence_hosp": 11.706443930886563, "incidence_dc": 0.6161286279413981, "population": 5680632, "taux_positivite": 28.1, "incidence_rea": 0.8977874292860373, "incidence_evol": 24.07}, "Occitanie": {"incidence_cas": 1462, "incidence_hosp": 14.036160531737114, "incidence_dc": 1.0315732438987517, "population": 5913298, "taux_positivite": 33.2, "incidence_rea": 1.860214046374798, "incidence_evol": 18.57}, "Normandie": {"incidence_cas": 1113, "incidence_hosp": 15.411275274272539, "incidence_dc": 0.7880765765253004, "population": 3426063, "taux_positivite": 36.1, "incidence_rea": 0.7297005338197226, "incidence_evol": 22.85}, "Nouvelle-Aquitaine": {"incidence_cas": 1493, "incidence_hosp": 14.8069675429295, "incidence_dc": 0.7576423881810423, "population": 6071466, "taux_positivite": 39.3, "incidence_rea": 0.9717587152756847, "incidence_evol": 28.71}, "Centre": {"incidence_cas": 1285, "incidence_hosp": 14.354019994394378, "incidence_dc": 0.8310222102017797, "population": 2647342, "taux_positivite": 37.3, "incidence_rea": 1.2843070521300233, "incidence_evol": 27.48}, "Bourgogne-Franche-Comt\u00e9": {"incidence_cas": 1130, "incidence_hosp": 17.660734197687994, "incidence_dc": 0.8606595612908378, "population": 2904749, "taux_positivite": 34.2, "incidence_rea": 1.136070620903906, "incidence_evol": 21.37}, "Bretagne": {"incidence_cas": 1524, "incidence_hosp": 18.39239828031076, "incidence_dc": 1.0021499062989838, "population": 3392706, "taux_positivite": 42.9, "incidence_rea": 1.2968998787398613, "incidence_evol": 22.61}, "Corse": {"incidence_cas": 1328, "incidence_hosp": 14.726965073048751, "incidence_dc": 1.5027515380661993, "population": 332723, "taux_positivite": 29.6, "incidence_rea": 0.9016509228397195, "incidence_evol": 14.48}, "Pays de la Loire": {"incidence_cas": 1532, "incidence_hosp": 12.74679576439943, "incidence_dc": 0.6543529653182458, "population": 3820568, "taux_positivite": 42.2, "incidence_rea": 1.1516612189601128, "incidence_evol": 21.3}, "Ile-de-France": {"incidence_cas": 1342, "incidence_hosp": 17.16450266364624, "incidence_dc": 0.8095692061462494, "population": 12228726, "taux_positivite": 25.0, "incidence_rea": 2.0280117487299987, "incidence_evol": 3.39}, "Guadeloupe": {"incidence_cas": 1044, "incidence_hosp": 18.539484157392806, "incidence_dc": 1.7303518546899952, "population": 404542, "taux_positivite": 20.8, "incidence_rea": 2.7191243430842778, "incidence_evol": -0.38}, "Martinique": {"incidence_cas": 764, "incidence_hosp": 8.27140549273021, "incidence_dc": 1.0339256865912763, "population": 386875, "taux_positivite": 19.3, "incidence_rea": 1.2924071082390953, "incidence_evol": -33.04}, "Guyane": {"incidence_cas": 431, "incidence_hosp": 22.486384303741506, "incidence_dc": 0.0, "population": 262381, "taux_positivite": 19.7, "incidence_rea": 1.524500630762136, "incidence_evol": -13.1}, "La R\u00e9union": {"incidence_cas": 419, "incidence_hosp": 8.131063450172842, "incidence_dc": 0.8131063450172844, "population": 860896, "taux_positivite": 18.7, "incidence_rea": 0.4646321971527339, "incidence_evol": 24.7}, "Mayotte": {"incidence_cas": 78, "incidence_hosp": 0.0, "incidence_dc": 0.0, "population": 270372, "taux_positivite": 4.9, "incidence_rea": 0.0, "incidence_evol": 52.94}}, "donnees_france": {"incidence_cas": 1357.932009083812, "incidence_hosp": 15.428742861412715, "incidence_dc": 0.8105491179728166, "population": "67114995", "incidence_rea": 1.3782314965530431}, "date_donnees": "10/07", "date_update": "13/07"}