{"liste_regions": ["Auvergne-Rh\u00f4ne-Alpes", "Hauts-de-France", "Provence-Alpes-C\u00f4te d'Azur", "Grand Est", "Occitanie", "Normandie", "Nouvelle-Aquitaine", "Centre", "Bourgogne-Franche-Comt\u00e9", "Bretagne", "Corse", "Pays de la Loire", "Ile-de-France", "Guadeloupe", "Martinique", "Guyane", "La R\u00e9union", "Mayotte"], "donnees_regions": {"Auvergne-Rh\u00f4ne-Alpes": {"incidence_cas": 54, "incidence_hosp": 2.069575663872161, "incidence_dc": 0.4461360712538791, "population": 8069287, "taux_positivite": 1.1, "incidence_rea": 0.6692041068808187, "incidence_evol": -21.74}, "Hauts-de-France": {"incidence_cas": 39, "incidence_hosp": 2.370896897215406, "incidence_dc": 0.5395834317800579, "population": 6115829, "taux_positivite": 0.8, "incidence_rea": 0.6540405233697673, "incidence_evol": -26.42}, "Provence-Alpes-C\u00f4te d'Azur": {"incidence_cas": 105, "incidence_hosp": 5.932033432311865, "incidence_dc": 1.0017672352579639, "population": 5091003, "taux_positivite": 1.2, "incidence_rea": 1.2571196677746996, "incidence_evol": -35.58}, "Grand Est": {"incidence_cas": 50, "incidence_hosp": 2.288477760925193, "incidence_dc": 0.7041470033615977, "population": 5680632, "taux_positivite": 0.9, "incidence_rea": 0.651335978109478, "incidence_evol": -28.57}, "Occitanie": {"incidence_cas": 53, "incidence_hosp": 2.3337230763611103, "incidence_dc": 0.49042006677153765, "population": 5913298, "taux_positivite": 1.0, "incidence_rea": 0.6426193978385666, "incidence_evol": -26.39}, "Normandie": {"incidence_cas": 32, "incidence_hosp": 1.6053411744033894, "incidence_dc": 0.2626921921751001, "population": 3426063, "taux_positivite": 0.8, "incidence_rea": 0.2626921921751001, "incidence_evol": -3.03}, "Nouvelle-Aquitaine": {"incidence_cas": 41, "incidence_hosp": 2.0752813241480723, "incidence_dc": 0.5435260610863999, "population": 6071466, "taux_positivite": 1.0, "incidence_rea": 0.6752899546831029, "incidence_evol": -16.33}, "Centre": {"incidence_cas": 40, "incidence_hosp": 1.8509131045403278, "incidence_dc": 0.33996363144618263, "population": 2647342, "taux_positivite": 1.1, "incidence_rea": 0.5666060524103044, "incidence_evol": -25.93}, "Bourgogne-Franche-Comt\u00e9": {"incidence_cas": 38, "incidence_hosp": 2.685257831227414, "incidence_dc": 0.41311658941960216, "population": 2904749, "taux_positivite": 1.0, "incidence_rea": 0.30983744206470165, "incidence_evol": -20.83}, "Bretagne": {"incidence_cas": 37, "incidence_hosp": 1.1200498952753348, "incidence_dc": 0.1473749862204388, "population": 3392706, "taux_positivite": 1.0, "incidence_rea": 0.20632498070861433, "incidence_evol": -31.48}, "Corse": {"incidence_cas": 50, "incidence_hosp": 3.9071539989721176, "incidence_dc": 0.6011006152264797, "population": 332723, "taux_positivite": 0.7, "incidence_rea": 0.9016509228397195, "incidence_evol": -43.18}, "Pays de la Loire": {"incidence_cas": 41, "incidence_hosp": 1.4919247609256006, "incidence_dc": 0.157044711676379, "population": 3820568, "taux_positivite": 1.1, "incidence_rea": 0.26174118612729835, "incidence_evol": -8.89}, "Ile-de-France": {"incidence_cas": 74, "incidence_hosp": 3.3200514918724977, "incidence_dc": 0.7032621386724994, "population": 12228726, "taux_positivite": 1.2, "incidence_rea": 0.8831664067049994, "incidence_evol": -15.91}, "Guadeloupe": {"incidence_cas": 128, "incidence_hosp": 26.69685718664564, "incidence_dc": 8.404566151351405, "population": 404542, "taux_positivite": 3.6, "incidence_rea": 5.932634930365698, "incidence_evol": -28.49}, "Martinique": {"incidence_cas": 170, "incidence_hosp": 33.60258481421648, "incidence_dc": 8.27140549273021, "population": 386875, "taux_positivite": 4.9, "incidence_rea": 11.631663974151857, "incidence_evol": -22.37}, "Guyane": {"incidence_cas": 531, "incidence_hosp": 49.16514534207888, "incidence_dc": 6.860252838429612, "population": 262381, "taux_positivite": 14.9, "incidence_rea": 8.003628311501213, "incidence_evol": 8.15}, "La R\u00e9union": {"incidence_cas": 51, "incidence_hosp": 1.8585287886109356, "incidence_dc": 0.3484741478645504, "population": 860896, "taux_positivite": 1.2, "incidence_rea": 0.4646321971527339, "incidence_evol": -27.14}, "Mayotte": {"incidence_cas": 32, "incidence_hosp": 0.7397215688015031, "incidence_dc": 0.7397215688015031, "population": 270372, "taux_positivite": 1.7, "incidence_rea": 0.36986078440075154, "incidence_evol": -15.79}}, "donnees_france": {"incidence_cas": 58.69329201320807, "incidence_hosp": 3.112568212215467, "incidence_dc": 0.6555911983603664, "population": "67114995", "incidence_rea": 0.7896893980249867}, "date_donnees": "24/09", "date_update": "27/09"}