{"liste_regions": ["Auvergne-Rh\u00f4ne-Alpes", "Hauts-de-France", "Provence-Alpes-C\u00f4te d'Azur", "Grand Est", "Occitanie", "Normandie", "Nouvelle-Aquitaine", "Centre", "Bourgogne-Franche-Comt\u00e9", "Bretagne", "Corse", "Pays de la Loire", "Ile-de-France", "Guadeloupe", "Martinique", "Guyane", "La R\u00e9union", "Mayotte"], "donnees_regions": {"Auvergne-Rh\u00f4ne-Alpes": {"incidence_cas": 584, "incidence_hosp": 8.203946643613, "incidence_dc": 0.4957067458376434, "population": 8069287, "taux_positivite": 27.4, "incidence_rea": 0.7435601187564651, "incidence_evol": 49.74}, "Hauts-de-France": {"incidence_cas": 612, "incidence_hosp": 9.107514287924008, "incidence_dc": 0.4905303925273254, "population": 6115829, "taux_positivite": 24.3, "incidence_rea": 0.89930571963343, "incidence_evol": 56.92}, "Provence-Alpes-C\u00f4te d'Azur": {"incidence_cas": 724, "incidence_hosp": 11.942636843859647, "incidence_dc": 0.5303473598424514, "population": 5091003, "taux_positivite": 22.8, "incidence_rea": 0.7856997923591874, "incidence_evol": 73.21}, "Grand Est": {"incidence_cas": 506, "incidence_hosp": 5.052254749119464, "incidence_dc": 0.3520735016807989, "population": 5680632, "taux_positivite": 22.0, "incidence_rea": 0.4400918771009987, "incidence_evol": 46.24}, "Occitanie": {"incidence_cas": 773, "incidence_hosp": 8.37096320868659, "incidence_dc": 0.40586488284541045, "population": 5913298, "taux_positivite": 28.6, "incidence_rea": 0.930107023187399, "incidence_evol": 63.42}, "Normandie": {"incidence_cas": 593, "incidence_hosp": 8.347774106897626, "incidence_dc": 0.2335041708223112, "population": 3426063, "taux_positivite": 29.1, "incidence_rea": 0.4670083416446224, "incidence_evol": 52.05}, "Nouvelle-Aquitaine": {"incidence_cas": 666, "incidence_hosp": 8.169361402995586, "incidence_dc": 0.2799982738929939, "population": 6071466, "taux_positivite": 30.8, "incidence_rea": 0.5435260610863999, "incidence_evol": 57.82}, "Centre": {"incidence_cas": 643, "incidence_hosp": 5.401644366311569, "incidence_dc": 0.49105857875559716, "population": 2647342, "taux_positivite": 30.5, "incidence_rea": 0.5288323155829507, "incidence_evol": 53.83}, "Bourgogne-Franche-Comt\u00e9": {"incidence_cas": 548, "incidence_hosp": 10.121356440780254, "incidence_dc": 0.41311658941960216, "population": 2904749, "taux_positivite": 26.9, "incidence_rea": 0.3786902069679687, "incidence_evol": 48.11}, "Bretagne": {"incidence_cas": 779, "incidence_hosp": 9.07829915117903, "incidence_dc": 0.11789998897635104, "population": 3392706, "taux_positivite": 35.7, "incidence_rea": 0.7958249255903695, "incidence_evol": 61.28}, "Corse": {"incidence_cas": 697, "incidence_hosp": 15.027515380661992, "incidence_dc": 0.0, "population": 332723, "taux_positivite": 24.4, "incidence_rea": 0.9016509228397195, "incidence_evol": 68.36}, "Pays de la Loire": {"incidence_cas": 712, "incidence_hosp": 7.695190872142572, "incidence_dc": 0.3664376605782177, "population": 3820568, "taux_positivite": 34.1, "incidence_rea": 0.628178846705516, "incidence_evol": 61.09}, "Ile-de-France": {"incidence_cas": 967, "incidence_hosp": 10.851498349051242, "incidence_dc": 0.38434093625124977, "population": 12228726, "taux_positivite": 24.4, "incidence_rea": 1.251152409498749, "incidence_evol": 50.16}, "Guadeloupe": {"incidence_cas": 721, "incidence_hosp": 7.910179907154263, "incidence_dc": 0.49438624419714144, "population": 404542, "taux_positivite": 19.4, "incidence_rea": 1.2359656104928536, "incidence_evol": 17.62}, "Martinique": {"incidence_cas": 1477, "incidence_hosp": 19.64458804523425, "incidence_dc": 2.3263327948303716, "population": 386875, "taux_positivite": 29.1, "incidence_rea": 2.5848142164781907, "incidence_evol": -24.37}, "Guyane": {"incidence_cas": 473, "incidence_hosp": 16.007256623002426, "incidence_dc": 0.0, "population": 262381, "taux_positivite": 21.5, "incidence_rea": 0.762250315381068, "incidence_evol": 10.51}, "La R\u00e9union": {"incidence_cas": 217, "incidence_hosp": 7.4341151544437425, "incidence_dc": 0.11615804928818348, "population": 860896, "taux_positivite": 13.4, "incidence_rea": 0.6969482957291008, "incidence_evol": 25.43}, "Mayotte": {"incidence_cas": 29, "incidence_hosp": 0.0, "incidence_dc": 0.0, "population": 270372, "taux_positivite": 3.0, "incidence_rea": 0.0, "incidence_evol": 45.0}}, "donnees_france": {"incidence_cas": 742.0189780242105, "incidence_hosp": 8.971169557563105, "incidence_dc": 0.3993146390013141, "population": "67114995", "incidence_rea": 0.8030992179914489}, "date_donnees": "26/06", "date_update": "29/06"}