{"liste_regions": ["Auvergne-Rh\u00f4ne-Alpes", "Hauts-de-France", "Provence-Alpes-C\u00f4te d'Azur", "Grand Est", "Occitanie", "Normandie", "Nouvelle-Aquitaine", "Centre", "Bourgogne-Franche-Comt\u00e9", "Bretagne", "Corse", "Pays de la Loire", "Ile-de-France", "Guadeloupe", "Martinique", "Guyane", "La R\u00e9union", "Mayotte"], "donnees_regions": {"Auvergne-Rh\u00f4ne-Alpes": {"incidence_cas": 387, "incidence_hosp": 4.2382926769118505, "incidence_dc": 0.33460205344040933, "population": 8069287, "taux_positivite": 22.9, "incidence_rea": 0.4585287398998201, "incidence_evol": 61.92}, "Hauts-de-France": {"incidence_cas": 385, "incidence_hosp": 4.5292306243356375, "incidence_dc": 0.6540405233697673, "population": 6115829, "taux_positivite": 20.1, "incidence_rea": 0.5232324186958137, "incidence_evol": 41.54}, "Provence-Alpes-C\u00f4te d'Azur": {"incidence_cas": 408, "incidence_hosp": 7.856997923591874, "incidence_dc": 0.3535649065616343, "population": 5091003, "taux_positivite": 17.6, "incidence_rea": 0.9231972560220452, "incidence_evol": 63.2}, "Grand Est": {"incidence_cas": 343, "incidence_hosp": 4.858614323195025, "incidence_dc": 0.38728085184887884, "population": 5680632, "taux_positivite": 18.3, "incidence_rea": 0.6161286279413981, "incidence_evol": 41.74}, "Occitanie": {"incidence_cas": 465, "incidence_hosp": 4.616713042366544, "incidence_dc": 0.270576588563607, "population": 5913298, "taux_positivite": 23.8, "incidence_rea": 0.6764414714090174, "incidence_evol": 59.25}, "Normandie": {"incidence_cas": 387, "incidence_hosp": 5.750040206499413, "incidence_dc": 0.4378203202918335, "population": 3426063, "taux_positivite": 25.4, "incidence_rea": 0.4378203202918335, "incidence_evol": 39.21}, "Nouvelle-Aquitaine": {"incidence_cas": 417, "incidence_hosp": 5.517613044361938, "incidence_dc": 0.26352778719340597, "population": 6071466, "taux_positivite": 26.0, "incidence_rea": 0.3458802206913454, "incidence_evol": 52.75}, "Centre": {"incidence_cas": 412, "incidence_hosp": 5.514965576793629, "incidence_dc": 0.22664242096412177, "population": 2647342, "taux_positivite": 26.5, "incidence_rea": 0.604379789237658, "incidence_evol": 46.1}, "Bourgogne-Franche-Comt\u00e9": {"incidence_cas": 368, "incidence_hosp": 7.608230521811007, "incidence_dc": 0.4819693543228692, "population": 2904749, "taux_positivite": 23.1, "incidence_rea": 0.7229540314843038, "incidence_evol": 56.6}, "Bretagne": {"incidence_cas": 478, "incidence_hosp": 7.516124297242378, "incidence_dc": 0.3831749641731409, "population": 3392706, "taux_positivite": 30.7, "incidence_rea": 0.6189749421258429, "incidence_evol": 45.29}, "Corse": {"incidence_cas": 393, "incidence_hosp": 7.814307997944235, "incidence_dc": 0.6011006152264797, "population": 332723, "taux_positivite": 19.1, "incidence_rea": 0.0, "incidence_evol": 52.92}, "Pays de la Loire": {"incidence_cas": 434, "incidence_hosp": 5.7844802134132935, "incidence_dc": 0.23556706751456852, "population": 3820568, "taux_positivite": 29.3, "incidence_rea": 0.3926117791909476, "incidence_evol": 47.12}, "Ile-de-France": {"incidence_cas": 632, "incidence_hosp": 6.787297384862495, "incidence_dc": 0.31892120242124977, "population": 12228726, "taux_positivite": 21.8, "incidence_rea": 0.7768593392312494, "incidence_evol": 55.28}, "Guadeloupe": {"incidence_cas": 608, "incidence_hosp": 9.146145517647117, "incidence_dc": 1.4831587325914244, "population": 404542, "taux_positivite": 17.8, "incidence_rea": 1.9775449767885658, "incidence_evol": 9.55}, "Martinique": {"incidence_cas": 1970, "incidence_hosp": 18.352180936995154, "incidence_dc": 2.0678513731825525, "population": 386875, "taux_positivite": 33.0, "incidence_rea": 3.101777059773829, "incidence_evol": -13.22}, "Guyane": {"incidence_cas": 420, "incidence_hosp": 17.912882411455097, "incidence_dc": 0.0, "population": 262381, "taux_positivite": 21.8, "incidence_rea": 0.381125157690534, "incidence_evol": 47.37}, "La R\u00e9union": {"incidence_cas": 170, "incidence_hosp": 6.272534661561908, "incidence_dc": 1.1615804928818347, "population": 860896, "taux_positivite": 11.1, "incidence_rea": 0.9292643943054678, "incidence_evol": -6.59}, "Mayotte": {"incidence_cas": 20, "incidence_hosp": 0.0, "incidence_dc": 0.0, "population": 270372, "taux_positivite": 2.3, "incidence_rea": 0.0, "incidence_evol": -23.08}}, "donnees_france": {"incidence_cas": 476.65950060787463, "incidence_hosp": 5.9718398250644285, "incidence_dc": 0.38888477902739915, "population": "67114995", "incidence_rea": 0.6317515184199894}, "date_donnees": "18/06", "date_update": "21/06"}