{"liste_regions": ["Auvergne-Rh\u00f4ne-Alpes", "Hauts-de-France", "Provence-Alpes-C\u00f4te d'Azur", "Grand Est", "Occitanie", "Normandie", "Nouvelle-Aquitaine", "Centre", "Bourgogne-Franche-Comt\u00e9", "Bretagne", "Corse", "Pays de la Loire", "Ile-de-France", "Guadeloupe", "Martinique", "Guyane", "La R\u00e9union", "Mayotte"], "donnees_regions": {"Auvergne-Rh\u00f4ne-Alpes": {"incidence_cas": 372, "incidence_hosp": 8.191553974967057, "incidence_dc": 1.3508008824075783, "population": 8069287, "taux_positivite": 17.0, "incidence_rea": 0.9542354857374636, "incidence_evol": -17.88}, "Hauts-de-France": {"incidence_cas": 576, "incidence_hosp": 9.450885562693136, "incidence_dc": 1.09551787664436, "population": 6115829, "taux_positivite": 19.8, "incidence_rea": 1.3407830729080228, "incidence_evol": 0.0}, "Provence-Alpes-C\u00f4te d'Azur": {"incidence_cas": 579, "incidence_hosp": 13.61224890262292, "incidence_dc": 2.042819460133887, "population": 5091003, "taux_positivite": 16.4, "incidence_rea": 1.2178346781567404, "incidence_evol": -3.5}, "Grand Est": {"incidence_cas": 761, "incidence_hosp": 13.273171013366118, "incidence_dc": 1.6019344326476348, "population": 5680632, "taux_positivite": 22.3, "incidence_rea": 0.9682021296221969, "incidence_evol": -1.42}, "Occitanie": {"incidence_cas": 559, "incidence_hosp": 10.011333776853458, "incidence_dc": 1.4205270899589366, "population": 5913298, "taux_positivite": 21.4, "incidence_rea": 1.048484280683977, "incidence_evol": -19.45}, "Normandie": {"incidence_cas": 612, "incidence_hosp": 11.295764263529305, "incidence_dc": 1.0215807473476115, "population": 3426063, "taux_positivite": 21.7, "incidence_rea": 0.8464526192308781, "incidence_evol": 7.94}, "Nouvelle-Aquitaine": {"incidence_cas": 676, "incidence_hosp": 9.058767684773331, "incidence_dc": 1.3999913694649695, "population": 6071466, "taux_positivite": 27.7, "incidence_rea": 0.8399948216789817, "incidence_evol": -18.06}, "Centre": {"incidence_cas": 517, "incidence_hosp": 9.556755417320467, "incidence_dc": 1.4731757362667914, "population": 2647342, "taux_positivite": 22.7, "incidence_rea": 0.8310222102017797, "incidence_evol": -0.96}, "Bourgogne-Franche-Comt\u00e9": {"incidence_cas": 428, "incidence_hosp": 13.839405745556672, "incidence_dc": 1.8934510348398434, "population": 2904749, "taux_positivite": 20.8, "incidence_rea": 0.8606595612908378, "incidence_evol": -19.55}, "Bretagne": {"incidence_cas": 785, "incidence_hosp": 11.96684888109963, "incidence_dc": 1.70954984015709, "population": 3392706, "taux_positivite": 29.2, "incidence_rea": 1.0021499062989838, "incidence_evol": 9.33}, "Corse": {"incidence_cas": 480, "incidence_hosp": 13.224213534982553, "incidence_dc": 2.103852153292679, "population": 332723, "taux_positivite": 13.8, "incidence_rea": 1.5027515380661993, "incidence_evol": -20.79}, "Pays de la Loire": {"incidence_cas": 522, "incidence_hosp": 7.564320279078923, "incidence_dc": 1.0207906258964636, "population": 3820568, "taux_positivite": 23.4, "incidence_rea": 1.0731388631219232, "incidence_evol": -4.92}, "Ile-de-France": {"incidence_cas": 305, "incidence_hosp": 5.887776044699996, "incidence_dc": 1.144845342024999, "population": 12228726, "taux_positivite": 11.1, "incidence_rea": 0.8422790730612495, "incidence_evol": -7.85}, "Guadeloupe": {"incidence_cas": 556, "incidence_hosp": 9.146145517647117, "incidence_dc": 2.7191243430842778, "population": 404542, "taux_positivite": 10.9, "incidence_rea": 2.471931220985707, "incidence_evol": 20.35}, "Martinique": {"incidence_cas": 2062, "incidence_hosp": 9.305331179321486, "incidence_dc": 3.618739903069467, "population": 386875, "taux_positivite": 20.5, "incidence_rea": 1.5508885298869144, "incidence_evol": 129.62}, "Guyane": {"incidence_cas": 55, "incidence_hosp": 6.479127680739078, "incidence_dc": 0.762250315381068, "population": 262381, "taux_positivite": 2.8, "incidence_rea": 0.0, "incidence_evol": -3.51}, "La R\u00e9union": {"incidence_cas": 954, "incidence_hosp": 18.70144593539754, "incidence_dc": 1.3938965914582016, "population": 860896, "taux_positivite": 29.7, "incidence_rea": 2.4393190350518528, "incidence_evol": -15.12}, "Mayotte": {"incidence_cas": 20, "incidence_hosp": 0.0, "incidence_dc": 0.0, "population": 270372, "taux_positivite": 1.7, "incidence_rea": 0.0, "incidence_evol": 100.0}}, "donnees_france": {"incidence_cas": 546.3145754536673, "incidence_hosp": 9.804068375480025, "incidence_dc": 1.4184609564524293, "population": "67114995", "incidence_rea": 1.0206362974473886}, "date_donnees": "06/03", "date_update": "09/03"}