{"liste_regions": ["Auvergne-Rh\u00f4ne-Alpes", "Hauts-de-France", "Provence-Alpes-C\u00f4te d'Azur", "Grand Est", "Occitanie", "Normandie", "Nouvelle-Aquitaine", "Centre", "Bourgogne-Franche-Comt\u00e9", "Bretagne", "Corse", "Pays de la Loire", "Ile-de-France", "Guadeloupe", "Martinique", "Guyane", "La R\u00e9union", "Mayotte"], "donnees_regions": {"Auvergne-Rh\u00f4ne-Alpes": {"incidence_cas": 440, "incidence_hosp": 9.207752803934227, "incidence_dc": 1.1277328467806387, "population": 8069287, "taux_positivite": 19.3, "incidence_rea": 0.8674868052158758, "incidence_evol": 17.96}, "Hauts-de-France": {"incidence_cas": 809, "incidence_hosp": 12.116100695424938, "incidence_dc": 1.0791668635601157, "population": 6115829, "taux_positivite": 23.5, "incidence_rea": 1.357134085992267, "incidence_evol": 39.97}, "Provence-Alpes-C\u00f4te d'Azur": {"incidence_cas": 681, "incidence_hosp": 14.437233684600066, "incidence_dc": 1.9446069860889887, "population": 5091003, "taux_positivite": 18.3, "incidence_rea": 0.8642697715951061, "incidence_evol": 17.21}, "Grand Est": {"incidence_cas": 998, "incidence_hosp": 14.241373142988317, "incidence_dc": 1.302671956218956, "population": 5680632, "taux_positivite": 25.2, "incidence_rea": 1.1794462306306763, "incidence_evol": 30.97}, "Occitanie": {"incidence_cas": 583, "incidence_hosp": 11.533327087523746, "incidence_dc": 1.4036160531737112, "population": 5913298, "taux_positivite": 21.9, "incidence_rea": 1.3021498324623586, "incidence_evol": 4.11}, "Normandie": {"incidence_cas": 802, "incidence_hosp": 14.097814313397038, "incidence_dc": 1.167520854111556, "population": 3426063, "taux_positivite": 25.2, "incidence_rea": 0.5253843843502002, "incidence_evol": 30.62}, "Nouvelle-Aquitaine": {"incidence_cas": 779, "incidence_hosp": 11.578752149810276, "incidence_dc": 1.0541111487736239, "population": 6071466, "taux_positivite": 29.8, "incidence_rea": 0.9882292019752725, "incidence_evol": 14.9}, "Centre": {"incidence_cas": 673, "incidence_hosp": 9.141244312219577, "incidence_dc": 0.9443434206838407, "population": 2647342, "taux_positivite": 26.8, "incidence_rea": 0.9443434206838407, "incidence_evol": 29.92}, "Bourgogne-Franche-Comt\u00e9": {"incidence_cas": 505, "incidence_hosp": 11.601690886200494, "incidence_dc": 1.411481680516974, "population": 2904749, "taux_positivite": 22.7, "incidence_rea": 0.8606595612908378, "incidence_evol": 17.72}, "Bretagne": {"incidence_cas": 1002, "incidence_hosp": 13.057423779130877, "incidence_dc": 0.9726749090548961, "population": 3392706, "taux_positivite": 32.9, "incidence_rea": 0.9431999118108083, "incidence_evol": 27.48}, "Corse": {"incidence_cas": 646, "incidence_hosp": 9.016509228397195, "incidence_dc": 2.103852153292679, "population": 332723, "taux_positivite": 17.6, "incidence_rea": 1.803301845679439, "incidence_evol": 33.75}, "Pays de la Loire": {"incidence_cas": 661, "incidence_hosp": 8.192499125784439, "incidence_dc": 0.8899200328328144, "population": 3820568, "taux_positivite": 26.4, "incidence_rea": 0.7590494397691652, "incidence_evol": 26.15}, "Ile-de-France": {"incidence_cas": 414, "incidence_hosp": 6.6973452508462445, "incidence_dc": 0.7196170721299995, "population": 12228726, "taux_positivite": 13.3, "incidence_rea": 1.0712481414662491, "incidence_evol": 35.29}, "Guadeloupe": {"incidence_cas": 1063, "incidence_hosp": 10.62930425023854, "incidence_dc": 1.7303518546899952, "population": 404542, "taux_positivite": 15.9, "incidence_rea": 0.24719312209857072, "incidence_evol": 89.15}, "Martinique": {"incidence_cas": 3182, "incidence_hosp": 10.597738287560581, "incidence_dc": 1.5508885298869144, "population": 386875, "taux_positivite": 25.4, "incidence_rea": 0.5169628432956381, "incidence_evol": 52.76}, "Guyane": {"incidence_cas": 95, "incidence_hosp": 4.192376734595874, "incidence_dc": 0.0, "population": 262381, "taux_positivite": 6.3, "incidence_rea": 0.0, "incidence_evol": 72.73}, "La R\u00e9union": {"incidence_cas": 1037, "incidence_hosp": 10.68654053451288, "incidence_dc": 1.1615804928818347, "population": 860896, "taux_positivite": 29.0, "incidence_rea": 1.1615804928818347, "incidence_evol": 8.47}, "Mayotte": {"incidence_cas": 15, "incidence_hosp": 0.0, "incidence_dc": 0.0, "population": 270372, "taux_positivite": 1.5, "incidence_rea": 0.0, "incidence_evol": -25.0}}, "donnees_france": {"incidence_cas": 686.1849576238515, "incidence_hosp": 10.827684632919961, "incidence_dc": 1.144304637138094, "population": "67114995", "incidence_rea": 1.013186397466021}, "date_donnees": "13/03", "date_update": "16/03"}