{"liste_regions": ["Auvergne-Rh\u00f4ne-Alpes", "Hauts-de-France", "Provence-Alpes-C\u00f4te d'Azur", "Grand Est", "Occitanie", "Normandie", "Nouvelle-Aquitaine", "Centre", "Bourgogne-Franche-Comt\u00e9", "Bretagne", "Corse", "Pays de la Loire", "Ile-de-France", "Guadeloupe", "Martinique", "Guyane", "La R\u00e9union", "Mayotte"], "donnees_regions": {"Auvergne-Rh\u00f4ne-Alpes": {"incidence_cas": 42, "incidence_hosp": 2.466141060542276, "incidence_dc": 0.33460205344040933, "population": 8069287, "taux_positivite": 0.9, "incidence_rea": 0.4337434026079379, "incidence_evol": -17.65}, "Hauts-de-France": {"incidence_cas": 30, "incidence_hosp": 1.3898361121607554, "incidence_dc": 0.27796722243215105, "population": 6115829, "taux_positivite": 0.7, "incidence_rea": 0.32702026168488363, "incidence_evol": -6.25}, "Provence-Alpes-C\u00f4te d'Azur": {"incidence_cas": 70, "incidence_hosp": 3.4570790863804244, "incidence_dc": 0.7660572975502076, "population": 5091003, "taux_positivite": 1.0, "incidence_rea": 0.805342287168167, "incidence_evol": -25.53}, "Grand Est": {"incidence_cas": 32, "incidence_hosp": 1.7075564831518748, "incidence_dc": 0.2640551262605992, "population": 5680632, "taux_positivite": 0.6, "incidence_rea": 0.3520735016807989, "incidence_evol": -25.58}, "Occitanie": {"incidence_cas": 35, "incidence_hosp": 1.319060869247584, "incidence_dc": 0.270576588563607, "population": 5913298, "taux_positivite": 0.7, "incidence_rea": 0.3382207357045087, "incidence_evol": -30.0}, "Normandie": {"incidence_cas": 23, "incidence_hosp": 0.7880765765253004, "incidence_dc": 0.08756406405836671, "population": 3426063, "taux_positivite": 0.6, "incidence_rea": 0.08756406405836671, "incidence_evol": -11.54}, "Nouvelle-Aquitaine": {"incidence_cas": 28, "incidence_hosp": 1.2188160157695027, "incidence_dc": 0.14823438029629088, "population": 6071466, "taux_positivite": 0.8, "incidence_rea": 0.3129392472921696, "incidence_evol": -26.32}, "Centre": {"incidence_cas": 27, "incidence_hosp": 0.8310222102017797, "incidence_dc": 0.07554747365470725, "population": 2647342, "taux_positivite": 0.9, "incidence_rea": 0.302189894618829, "incidence_evol": -20.59}, "Bourgogne-Franche-Comt\u00e9": {"incidence_cas": 31, "incidence_hosp": 1.6524663576784087, "incidence_dc": 0.30983744206470165, "population": 2904749, "taux_positivite": 0.8, "incidence_rea": 0.2409846771614346, "incidence_evol": -16.22}, "Bretagne": {"incidence_cas": 26, "incidence_hosp": 1.1789998897635103, "incidence_dc": 0.0, "population": 3392706, "taux_positivite": 0.8, "incidence_rea": 0.5010749531494919, "incidence_evol": -16.13}, "Corse": {"incidence_cas": 51, "incidence_hosp": 0.6011006152264797, "incidence_dc": 0.30055030761323986, "population": 332723, "taux_positivite": 0.8, "incidence_rea": 0.6011006152264797, "incidence_evol": 2.0}, "Pays de la Loire": {"incidence_cas": 38, "incidence_hosp": 1.5180988795383303, "incidence_dc": 0.13087059306364918, "population": 3820568, "taux_positivite": 1.1, "incidence_rea": 0.3664376605782177, "incidence_evol": -7.32}, "Ile-de-France": {"incidence_cas": 62, "incidence_hosp": 2.3469329511512482, "incidence_dc": 0.4170508031662497, "population": 12228726, "taux_positivite": 1.0, "incidence_rea": 0.5806001377412496, "incidence_evol": -6.06}, "Guadeloupe": {"incidence_cas": 74, "incidence_hosp": 6.427021174562839, "incidence_dc": 3.7078968314785605, "population": 404542, "taux_positivite": 2.1, "incidence_rea": 3.2135105872814194, "incidence_evol": -23.71}, "Martinique": {"incidence_cas": 156, "incidence_hosp": 16.80129240710824, "incidence_dc": 4.652665589660743, "population": 386875, "taux_positivite": 3.8, "incidence_rea": 5.169628432956381, "incidence_evol": 18.18}, "Guyane": {"incidence_cas": 432, "incidence_hosp": 33.539013876766994, "incidence_dc": 5.71687736535801, "population": 262381, "taux_positivite": 12.0, "incidence_rea": 6.479127680739078, "incidence_evol": -20.0}, "La R\u00e9union": {"incidence_cas": 31, "incidence_hosp": 1.6262126900345688, "incidence_dc": 0.23231609857636695, "population": 860896, "taux_positivite": 0.8, "incidence_rea": 0.3484741478645504, "incidence_evol": -18.42}, "Mayotte": {"incidence_cas": 24, "incidence_hosp": 1.8493039220037577, "incidence_dc": 0.36986078440075154, "population": 270372, "taux_positivite": 1.3, "incidence_rea": 0.0, "incidence_evol": -35.14}}, "donnees_france": {"incidence_cas": 44.01698904991351, "incidence_hosp": 2.072562174816522, "incidence_dc": 0.3650450990870222, "population": "67114995", "incidence_rea": 0.4916933987702748}, "date_donnees": "06/10", "date_update": "09/10"}