{"liste_regions": ["Auvergne-Rh\u00f4ne-Alpes", "Hauts-de-France", "Provence-Alpes-C\u00f4te d'Azur", "Grand Est", "Occitanie", "Normandie", "Nouvelle-Aquitaine", "Centre", "Bourgogne-Franche-Comt\u00e9", "Bretagne", "Corse", "Pays de la Loire", "Ile-de-France", "Guadeloupe", "Martinique", "Guyane", "La R\u00e9union", "Mayotte"], "donnees_regions": {"Auvergne-Rh\u00f4ne-Alpes": {"incidence_cas": 93, "incidence_hosp": 2.7016017648151567, "incidence_dc": 0.2478533729188217, "population": 8069287, "taux_positivite": 3.4, "incidence_rea": 0.7683454560483473, "incidence_evol": 93.75}, "Hauts-de-France": {"incidence_cas": 91, "incidence_hosp": 2.6979171589002897, "incidence_dc": 0.31066924860063944, "population": 6115829, "taux_positivite": 3.6, "incidence_rea": 0.5559344448643021, "incidence_evol": 85.71}, "Provence-Alpes-C\u00f4te d'Azur": {"incidence_cas": 114, "incidence_hosp": 3.8499289825600185, "incidence_dc": 0.4124923909885733, "population": 5091003, "taux_positivite": 2.7, "incidence_rea": 0.7267723079322483, "incidence_evol": 70.15}, "Grand Est": {"incidence_cas": 92, "incidence_hosp": 2.6405512626059915, "incidence_dc": 0.1232257255882796, "population": 5680632, "taux_positivite": 3.1, "incidence_rea": 0.633732303025438, "incidence_evol": 109.09}, "Occitanie": {"incidence_cas": 85, "incidence_hosp": 2.1307906349384047, "incidence_dc": 0.21984347820793065, "population": 5913298, "taux_positivite": 2.9, "incidence_rea": 0.6087973242681157, "incidence_evol": 84.78}, "Normandie": {"incidence_cas": 56, "incidence_hosp": 2.4809818149870564, "incidence_dc": 0.17512812811673342, "population": 3426063, "taux_positivite": 2.6, "incidence_rea": 0.4961963629974113, "incidence_evol": 80.65}, "Nouvelle-Aquitaine": {"incidence_cas": 90, "incidence_hosp": 2.5858664118352963, "incidence_dc": 0.3788211940905212, "population": 6071466, "taux_positivite": 3.6, "incidence_rea": 0.6423489812839271, "incidence_evol": 76.47}, "Centre": {"incidence_cas": 82, "incidence_hosp": 3.5885049985985944, "incidence_dc": 0.302189894618829, "population": 2647342, "taux_positivite": 3.8, "incidence_rea": 0.6799272628923653, "incidence_evol": 74.47}, "Bourgogne-Franche-Comt\u00e9": {"incidence_cas": 76, "incidence_hosp": 2.8918161259372153, "incidence_dc": 0.34426382451633514, "population": 2904749, "taux_positivite": 3.0, "incidence_rea": 0.6196748841294033, "incidence_evol": 94.87}, "Bretagne": {"incidence_cas": 85, "incidence_hosp": 2.770649740944249, "incidence_dc": 0.2947499724408776, "population": 3392706, "taux_positivite": 3.6, "incidence_rea": 0.41264996141722865, "incidence_evol": 77.08}, "Corse": {"incidence_cas": 151, "incidence_hosp": 5.109355229425077, "incidence_dc": 0.9016509228397195, "population": 332723, "taux_positivite": 3.2, "incidence_rea": 1.2022012304529595, "incidence_evol": 91.14}, "Pays de la Loire": {"incidence_cas": 114, "incidence_hosp": 4.501948401389532, "incidence_dc": 0.7328753211564354, "population": 3820568, "taux_positivite": 4.4, "incidence_rea": 1.1516612189601128, "incidence_evol": 58.33}, "Ile-de-France": {"incidence_cas": 100, "incidence_hosp": 3.679860027937498, "incidence_dc": 0.2862113355062498, "population": 12228726, "taux_positivite": 2.7, "incidence_rea": 0.9485861405349993, "incidence_evol": 53.85}, "Guadeloupe": {"incidence_cas": 59, "incidence_hosp": 3.7078968314785605, "incidence_dc": 0.24719312209857072, "population": 404542, "taux_positivite": 1.4, "incidence_rea": 0.24719312209857072, "incidence_evol": 25.53}, "Martinique": {"incidence_cas": 115, "incidence_hosp": 10.856219709208402, "incidence_dc": 1.5508885298869144, "population": 386875, "taux_positivite": 2.1, "incidence_rea": 4.135702746365105, "incidence_evol": 19.79}, "Guyane": {"incidence_cas": 162, "incidence_hosp": 12.196005046097088, "incidence_dc": 2.6678761038337377, "population": 262381, "taux_positivite": 6.8, "incidence_rea": 2.286750946143204, "incidence_evol": 20.9}, "La R\u00e9union": {"incidence_cas": 137, "incidence_hosp": 2.67163513362822, "incidence_dc": 0.0, "population": 860896, "taux_positivite": 4.2, "incidence_rea": 0.6969482957291008, "incidence_evol": 158.49}, "Mayotte": {"incidence_cas": 56, "incidence_hosp": 1.4794431376030062, "incidence_dc": 0.0, "population": 270372, "taux_positivite": 4.0, "incidence_rea": 0.36986078440075154, "incidence_evol": 115.38}}, "donnees_france": {"incidence_cas": 94.50794118363564, "incidence_hosp": 3.166207492081315, "incidence_dc": 0.3233256591913625, "population": "67114995", "incidence_rea": 0.7524398981181478}, "date_donnees": "08/11", "date_update": "11/11"}