{"Auvergne-Rh\u00f4ne-Alpes": {"value": 0.8962428888445236}, "Bourgogne-Franche-Comt\u00e9": {"value": 0.857140717561879}, "Bretagne": {"value": 0.836697582665737}, "Centre": {"value": 0.8205354309349957}, "Corse": {"value": 0.5966821758537251}, "Grand Est": {"value": 0.8025938125064717}, "Guadeloupe": {"value": 0.6633718598732807}, "Guyane": {"value": 0.9096654555591706}, "Hauts-de-France": {"value": 0.8190986644178438}, "Ile-de-France": {"value": 0.8072997253559027}, "La R\u00e9union": {"value": 0.7467816126417266}, "Martinique": {"value": 0.3989176000667573}, "Mayotte": {"value": 0.5305845649175668}, "Normandie": {"value": 0.9182402248266236}, "Nouvelle-Aquitaine": {"value": 0.749339525492722}, "Occitanie": {"value": 0.8753145510683492}, "Pays de la Loire": {"value": 1.0149864231729744}, "Provence-Alpes-C\u00f4te d'Azur": {"value": 0.7116739381493012}}