{"Auvergne-Rh\u00f4ne-Alpes": {"value": 1.259090640494129}, "Bourgogne-Franche-Comt\u00e9": {"value": 1.304210382248033}, "Bretagne": {"value": 1.437790135621412}, "Centre": {"value": 1.3371995595428998}, "Corse": {"value": 1.4475980910426616}, "Grand Est": {"value": 1.2761618689870051}, "Guadeloupe": {"value": 1.1890677127437723}, "Guyane": {"value": 0.704666222094289}, "Hauts-de-France": {"value": 1.2902662649071521}, "Ile-de-France": {"value": 1.1343267634493448}, "La R\u00e9union": {"value": 1.9976854800829917}, "Martinique": {"value": 0.41622165402546507}, "Mayotte": {"value": 1.4539245150496063}, "Normandie": {"value": 1.2316785251642934}, "Nouvelle-Aquitaine": {"value": 1.2888597917547333}, "Occitanie": {"value": 1.101637869528348}, "Pays de la Loire": {"value": 1.0973449252677596}, "Provence-Alpes-C\u00f4te d'Azur": {"value": 1.1818566399147996}}