{"Auvergne-Rh\u00f4ne-Alpes": {"value": 0.9079004583506327}, "Bourgogne-Franche-Comt\u00e9": {"value": 0.9590523123288531}, "Bretagne": {"value": 1.1314243234066694}, "Centre": {"value": 1.1463839173080972}, "Corse": {"value": 0.9544185847177219}, "Grand Est": {"value": 1.1462606218677776}, "Guadeloupe": {"value": 1.6927504854318671}, "Guyane": {"value": 1.475271780134504}, "Hauts-de-France": {"value": 1.1937071892344338}, "Ile-de-France": {"value": 1.0834279303423553}, "La R\u00e9union": {"value": 1.0247013296407896}, "Martinique": {"value": 1.7246983132556932}, "Mayotte": {"value": 0.5114043278789834}, "Normandie": {"value": 1.162863467127937}, "Nouvelle-Aquitaine": {"value": 0.9875145319385928}, "Occitanie": {"value": 0.9051675498489471}, "Pays de la Loire": {"value": 1.0552102155972871}, "Provence-Alpes-C\u00f4te d'Azur": {"value": 1.05711649469154}}