{"Auvergne-Rh\u00f4ne-Alpes": {"value": 1.0470683694737883}, "Bourgogne-Franche-Comt\u00e9": {"value": 1.0603918649101738}, "Bretagne": {"value": 1.2338346939270952}, "Centre": {"value": 1.1866161025018047}, "Corse": {"value": 1.171531736383897}, "Grand Est": {"value": 1.2145348274841898}, "Guadeloupe": {"value": 1.5484641942958874}, "Guyane": {"value": 1.4759250190092086}, "Hauts-de-France": {"value": 1.3240351772960377}, "Ile-de-France": {"value": 1.195106834260747}, "La R\u00e9union": {"value": 1.0717343325320507}, "Martinique": {"value": 1.2614086710654486}, "Mayotte": {"value": 0.46071581479744855}, "Normandie": {"value": 1.2219816184726726}, "Nouvelle-Aquitaine": {"value": 1.0701080749211265}, "Occitanie": {"value": 0.9821219264889351}, "Pays de la Loire": {"value": 1.1276096771370132}, "Provence-Alpes-C\u00f4te d'Azur": {"value": 1.099865602028372}}