{"Auvergne-Rh\u00f4ne-Alpes": {"value": 0.777642623045679}, "Bourgogne-Franche-Comt\u00e9": {"value": 0.9008850734065091}, "Bretagne": {"value": 0.9232980604038199}, "Centre": {"value": 0.8050571288211914}, "Corse": {"value": 1.3266750801356146}, "Grand Est": {"value": 0.9163948799999735}, "Guadeloupe": {"value": 0.6821493981098826}, "Guyane": {"value": 0.7967283560389924}, "Hauts-de-France": {"value": 0.9635914761883785}, "Ile-de-France": {"value": 0.9140789480002351}, "La R\u00e9union": {"value": 0.9251574515649137}, "Martinique": {"value": 0.5737938211841638}, "Mayotte": {"value": 0.8534291482288248}, "Normandie": {"value": 0.9283290014892784}, "Nouvelle-Aquitaine": {"value": 0.8459394106803795}, "Occitanie": {"value": 0.8199497540377769}, "Pays de la Loire": {"value": 0.9632920950003911}, "Provence-Alpes-C\u00f4te d'Azur": {"value": 0.7888852326625815}}