{"Auvergne-Rh\u00f4ne-Alpes": {"value": 1.1096133302051117}, "Bourgogne-Franche-Comt\u00e9": {"value": 1.085558307836973}, "Bretagne": {"value": 1.2046034323360661}, "Centre": {"value": 1.1539586931468113}, "Corse": {"value": 1.3237854873998804}, "Grand Est": {"value": 1.2337864856005283}, "Guadeloupe": {"value": 0.799308645904463}, "Guyane": {"value": 0.7943096221516743}, "Hauts-de-France": {"value": 1.2816199250866007}, "Ile-de-France": {"value": 1.0403329862763269}, "La R\u00e9union": {"value": 1.0492776067583838}, "Martinique": {"value": 0.5005601991950623}, "Mayotte": {"value": 0.6161479697953351}, "Normandie": {"value": 1.3569999994582347}, "Nouvelle-Aquitaine": {"value": 1.2227650858763832}, "Occitanie": {"value": 1.1765586971276525}, "Pays de la Loire": {"value": 1.3860603251020445}, "Provence-Alpes-C\u00f4te d'Azur": {"value": 1.0350432304308819}}