{"Auvergne-Rh\u00f4ne-Alpes": {"value": 0.8704669707213819}, "Bourgogne-Franche-Comt\u00e9": {"value": 0.8588364375885473}, "Bretagne": {"value": 0.8531312713046287}, "Centre": {"value": 0.8256177468656651}, "Corse": {"value": 0.6646099295248085}, "Grand Est": {"value": 0.8491839129912051}, "Guadeloupe": {"value": 0.6539613823422556}, "Guyane": {"value": 0.8030298893794727}, "Hauts-de-France": {"value": 0.8962566050018068}, "Ile-de-France": {"value": 0.8252841013733425}, "La R\u00e9union": {"value": 0.8208993167354339}, "Martinique": {"value": 0.4707732519911643}, "Mayotte": {"value": 0.5202490986281646}, "Normandie": {"value": 0.8849508679458311}, "Nouvelle-Aquitaine": {"value": 0.7266839239591231}, "Occitanie": {"value": 0.8207948734211279}, "Pays de la Loire": {"value": 0.9900040839536342}, "Provence-Alpes-C\u00f4te d'Azur": {"value": 0.7213067858366785}}