{"Auvergne-Rh\u00f4ne-Alpes": {"value": 0.6809454956563581}, "Bourgogne-Franche-Comt\u00e9": {"value": 0.6679294703935423}, "Bretagne": {"value": 0.7293632632227744}, "Centre": {"value": 0.7207706362820379}, "Corse": {"value": 0.5988774676076973}, "Grand Est": {"value": 0.712825614424913}, "Guadeloupe": {"value": 0.9183464228932768}, "Guyane": {"value": 0.9335044995232948}, "Hauts-de-France": {"value": 0.7447291436908354}, "Ile-de-France": {"value": 0.6630999260459138}, "La R\u00e9union": {"value": 0.9262012927498111}, "Martinique": {"value": 0.7435329798276917}, "Mayotte": {"value": 0.4255161397397208}, "Normandie": {"value": 0.7093102239338914}, "Nouvelle-Aquitaine": {"value": 0.6801140499693288}, "Occitanie": {"value": 0.6674855664674182}, "Pays de la Loire": {"value": 0.6936218626575708}, "Provence-Alpes-C\u00f4te d'Azur": {"value": 0.7140861872887039}}