{"Auvergne-Rh\u00f4ne-Alpes": {"value": 0.7860965566978699}, "Bourgogne-Franche-Comt\u00e9": {"value": 0.9115294536077458}, "Bretagne": {"value": 0.9731185180346713}, "Centre": {"value": 0.8556958436880008}, "Corse": {"value": 1.3676060737451796}, "Grand Est": {"value": 0.9332966136863299}, "Guadeloupe": {"value": 0.6860802236294093}, "Guyane": {"value": 0.8104649113296198}, "Hauts-de-France": {"value": 0.9660179771329871}, "Ile-de-France": {"value": 0.9364112261982049}, "La R\u00e9union": {"value": 0.9283309764096342}, "Martinique": {"value": 0.5551396859602665}, "Mayotte": {"value": 0.6020235770558117}, "Normandie": {"value": 0.9325899460459606}, "Nouvelle-Aquitaine": {"value": 0.8975842490706607}, "Occitanie": {"value": 0.8524521342064333}, "Pays de la Loire": {"value": 0.9697993951763613}, "Provence-Alpes-C\u00f4te d'Azur": {"value": 0.8050529716014867}}