{"Auvergne-Rh\u00f4ne-Alpes": {"value": 0.8285240851003214}, "Bourgogne-Franche-Comt\u00e9": {"value": 0.8711033866595774}, "Bretagne": {"value": 0.9013671336882392}, "Centre": {"value": 0.8135815590121681}, "Corse": {"value": 0.7433349458173524}, "Grand Est": {"value": 0.8973873786327429}, "Guadeloupe": {"value": 0.6609486440367027}, "Guyane": {"value": 0.7623867125710029}, "Hauts-de-France": {"value": 0.9380554441492481}, "Ile-de-France": {"value": 0.8470295689353956}, "La R\u00e9union": {"value": 0.857966455983704}, "Martinique": {"value": 0.5266097267533507}, "Mayotte": {"value": 0.4482779509528389}, "Normandie": {"value": 0.864147555477105}, "Nouvelle-Aquitaine": {"value": 0.7498962727796145}, "Occitanie": {"value": 0.78858431273067}, "Pays de la Loire": {"value": 0.9752489745554238}, "Provence-Alpes-C\u00f4te d'Azur": {"value": 0.7438138982492435}}