{"Auvergne-Rh\u00f4ne-Alpes": {"value": 0.7528513469463648}, "Bourgogne-Franche-Comt\u00e9": {"value": 0.7403399015349514}, "Bretagne": {"value": 0.9942039377486461}, "Centre": {"value": 0.8370981136648477}, "Corse": {"value": 0.7054108931150441}, "Grand Est": {"value": 0.8928763335865384}, "Guadeloupe": {"value": 0.9388393356311646}, "Guyane": {"value": 0.7874683890769928}, "Hauts-de-France": {"value": 0.8597622161379758}, "Ile-de-France": {"value": 0.8015272442363448}, "La R\u00e9union": {"value": 0.7782549584857719}, "Martinique": {"value": 0.5996953882197672}, "Mayotte": {"value": 0.7454560766325484}, "Normandie": {"value": 0.9525947712676017}, "Nouvelle-Aquitaine": {"value": 0.7745745573442647}, "Occitanie": {"value": 0.731285047546285}, "Pays de la Loire": {"value": 0.8099368920933318}, "Provence-Alpes-C\u00f4te d'Azur": {"value": 0.8404599568926063}}