{"Auvergne-Rh\u00f4ne-Alpes": {"value": 1.0162799754751592}, "Bourgogne-Franche-Comt\u00e9": {"value": 1.0975582703853766}, "Bretagne": {"value": 1.164334928386776}, "Centre": {"value": 1.4044673784505366}, "Corse": {"value": 0.9086231862474983}, "Grand Est": {"value": 1.0728569383792315}, "Guadeloupe": {"value": 0.8483706382177021}, "Guyane": {"value": 0.7028003882043452}, "Hauts-de-France": {"value": 1.276232723427821}, "Ile-de-France": {"value": 1.1042187626879643}, "La R\u00e9union": {"value": 0.9386993665331889}, "Martinique": {"value": 0.4685800456245035}, "Mayotte": {"value": 0.45591278845966576}, "Normandie": {"value": 1.0624152757242504}, "Nouvelle-Aquitaine": {"value": 1.2778181603052507}, "Occitanie": {"value": 1.0694032103335944}, "Pays de la Loire": {"value": 1.3690984558226766}, "Provence-Alpes-C\u00f4te d'Azur": {"value": 1.0059468131439429}}