{"Auvergne-Rh\u00f4ne-Alpes": {"value": 1.4307477454333577}, "Bourgogne-Franche-Comt\u00e9": {"value": 1.3950751251396967}, "Bretagne": {"value": 1.1974589862444374}, "Centre": {"value": 1.2763227199327323}, "Corse": {"value": 1.2899945946717044}, "Grand Est": {"value": 1.2694782115883068}, "Guadeloupe": {"value": 1.195354818797286}, "Guyane": {"value": 0.9054456000749123}, "Hauts-de-France": {"value": 1.278475799906015}, "Ile-de-France": {"value": 1.3461695981072075}, "La R\u00e9union": {"value": 1.1108221302474404}, "Martinique": {"value": 0.5321446008623089}, "Mayotte": {"value": 0.5972502943485082}, "Normandie": {"value": 1.3078819231000667}, "Nouvelle-Aquitaine": {"value": 1.2729801676681483}, "Occitanie": {"value": 1.3297776467715596}, "Pays de la Loire": {"value": 1.1831981360496062}, "Provence-Alpes-C\u00f4te d'Azur": {"value": 1.3697289709588463}}