{"Auvergne-Rh\u00f4ne-Alpes": {"value": 0.954346957788242}, "Bourgogne-Franche-Comt\u00e9": {"value": 1.074481909684123}, "Bretagne": {"value": 1.1024308399923064}, "Centre": {"value": 1.2611099363015787}, "Corse": {"value": 1.34509695429769}, "Grand Est": {"value": 0.9539454823842748}, "Guadeloupe": {"value": 0.7836176958018014}, "Guyane": {"value": 0.826992323056485}, "Hauts-de-France": {"value": 1.0169433123459946}, "Ile-de-France": {"value": 1.0660860166119779}, "La R\u00e9union": {"value": 0.939891379666312}, "Martinique": {"value": 0.4428303199788269}, "Mayotte": {"value": 0.45532078561161354}, "Normandie": {"value": 0.9417251157590985}, "Nouvelle-Aquitaine": {"value": 1.149642505541423}, "Occitanie": {"value": 0.9590712279894659}, "Pays de la Loire": {"value": 1.1193297829550057}, "Provence-Alpes-C\u00f4te d'Azur": {"value": 0.9423368680358317}}