{"Auvergne-Rh\u00f4ne-Alpes": {"value": 1.1321190212969752}, "Bourgogne-Franche-Comt\u00e9": {"value": 1.1419445010950269}, "Bretagne": {"value": 0.9478525634562407}, "Centre": {"value": 1.012252377157748}, "Corse": {"value": 1.1350528134487692}, "Grand Est": {"value": 0.9721643317864369}, "Guadeloupe": {"value": 0.9100145236037434}, "Guyane": {"value": 1.100252102179006}, "Hauts-de-France": {"value": 1.0466892291296155}, "Ile-de-France": {"value": 1.1211204529395367}, "La R\u00e9union": {"value": 1.0918568849856989}, "Martinique": {"value": 0.3484192389911361}, "Mayotte": {"value": 0.7389280191106196}, "Normandie": {"value": 1.0789558431136306}, "Nouvelle-Aquitaine": {"value": 1.0205023666375455}, "Occitanie": {"value": 1.1010587332925632}, "Pays de la Loire": {"value": 1.0823681787211834}, "Provence-Alpes-C\u00f4te d'Azur": {"value": 1.1229017864627255}}