{"Auvergne-Rh\u00f4ne-Alpes": {"value": 1.1033714581104697}, "Bourgogne-Franche-Comt\u00e9": {"value": 1.0306290571295147}, "Bretagne": {"value": 0.9614713169651599}, "Centre": {"value": 1.050881857340761}, "Corse": {"value": 0.8885855113995534}, "Grand Est": {"value": 0.8989709899362376}, "Guadeloupe": {"value": 0.8672586786773657}, "Guyane": {"value": 1.1002434434499526}, "Hauts-de-France": {"value": 0.9431945559846875}, "Ile-de-France": {"value": 0.9457492170789221}, "La R\u00e9union": {"value": 1.131267697700241}, "Martinique": {"value": 0.3952469554472159}, "Mayotte": {"value": 0.6069692410644537}, "Normandie": {"value": 0.9192654497391085}, "Nouvelle-Aquitaine": {"value": 1.027856762504681}, "Occitanie": {"value": 1.0234206286331395}, "Pays de la Loire": {"value": 0.9561516213541461}, "Provence-Alpes-C\u00f4te d'Azur": {"value": 1.003545954095632}}