{"Auvergne-Rh\u00f4ne-Alpes": {"value": 0.8343999457595038}, "Bourgogne-Franche-Comt\u00e9": {"value": 0.973202327944074}, "Bretagne": {"value": 1.0164535276566082}, "Centre": {"value": 0.954240377505085}, "Corse": {"value": 1.588471041607614}, "Grand Est": {"value": 0.954599634098828}, "Guadeloupe": {"value": 0.7037331124790862}, "Guyane": {"value": 0.8357488999487062}, "Hauts-de-France": {"value": 1.0039127655438378}, "Ile-de-France": {"value": 1.002562263581594}, "La R\u00e9union": {"value": 0.9148783940790373}, "Martinique": {"value": 0.5183871422526595}, "Mayotte": {"value": 0.487654724039814}, "Normandie": {"value": 0.9536665078581463}, "Nouvelle-Aquitaine": {"value": 1.0116832680196879}, "Occitanie": {"value": 0.9074188990450756}, "Pays de la Loire": {"value": 1.0158861089066398}, "Provence-Alpes-C\u00f4te d'Azur": {"value": 0.8605497380561891}}