{"Auvergne-Rh\u00f4ne-Alpes": {"value": 0.7435545896186441}, "Bourgogne-Franche-Comt\u00e9": {"value": 0.7713090076035812}, "Bretagne": {"value": 0.799776216857201}, "Centre": {"value": 0.7741106837060902}, "Corse": {"value": 0.7783566128955866}, "Grand Est": {"value": 0.7952384213956976}, "Guadeloupe": {"value": 1.1062266441515343}, "Guyane": {"value": 1.186911491644106}, "Hauts-de-France": {"value": 0.7270856575048097}, "Ile-de-France": {"value": 0.6671773700482152}, "La R\u00e9union": {"value": 0.8119730899817983}, "Martinique": {"value": 0.5985518799617299}, "Mayotte": {"value": 0.810421896031141}, "Normandie": {"value": 0.7336755649259581}, "Nouvelle-Aquitaine": {"value": 0.7916773395414505}, "Occitanie": {"value": 0.7123592174927584}, "Pays de la Loire": {"value": 0.8026382515514556}, "Provence-Alpes-C\u00f4te d'Azur": {"value": 0.7532726516773214}}