{"Auvergne-Rh\u00f4ne-Alpes": {"value": 1.221232549300127}, "Bourgogne-Franche-Comt\u00e9": {"value": 1.190523401374573}, "Bretagne": {"value": 1.2985890668182694}, "Centre": {"value": 1.2445526783324703}, "Corse": {"value": 1.3878595578322122}, "Grand Est": {"value": 1.2622299056998032}, "Guadeloupe": {"value": 1.230694140001422}, "Guyane": {"value": 1.2066435593826}, "Hauts-de-France": {"value": 1.4116757593013574}, "Ile-de-France": {"value": 1.3114307385524093}, "La R\u00e9union": {"value": 1.118521102390737}, "Martinique": {"value": 0.6437734252907971}, "Mayotte": {"value": 0.5054222987896468}, "Normandie": {"value": 1.2914815730232714}, "Nouvelle-Aquitaine": {"value": 1.1326293863427193}, "Occitanie": {"value": 1.0789723967919493}, "Pays de la Loire": {"value": 1.2127637263467368}, "Provence-Alpes-C\u00f4te d'Azur": {"value": 1.1601151171326314}}