{"Auvergne-Rh\u00f4ne-Alpes": {"value": 1.0124114697304434}, "Bourgogne-Franche-Comt\u00e9": {"value": 1.1350753728511007}, "Bretagne": {"value": 1.14709864724977}, "Centre": {"value": 1.4570922872801688}, "Corse": {"value": 0.9748901355748129}, "Grand Est": {"value": 0.985525981112904}, "Guadeloupe": {"value": 0.8934865348665144}, "Guyane": {"value": 0.7549286278768217}, "Hauts-de-France": {"value": 1.1583502780397827}, "Ile-de-France": {"value": 1.0956530668415372}, "La R\u00e9union": {"value": 0.9770291257152259}, "Martinique": {"value": 0.42888592990831703}, "Mayotte": {"value": 0.4438737377353821}, "Normandie": {"value": 0.9690818709461506}, "Nouvelle-Aquitaine": {"value": 1.2440710851993442}, "Occitanie": {"value": 1.0213428992070217}, "Pays de la Loire": {"value": 1.3096851537321372}, "Provence-Alpes-C\u00f4te d'Azur": {"value": 1.002133407856822}}