{"Auvergne-Rh\u00f4ne-Alpes": {"value": 0.8899059856240004}, "Bourgogne-Franche-Comt\u00e9": {"value": 0.8528356876886611}, "Bretagne": {"value": 0.8362878222630643}, "Centre": {"value": 0.8156467608560105}, "Corse": {"value": 0.6332868600722583}, "Grand Est": {"value": 0.8261976982280254}, "Guadeloupe": {"value": 0.6574157030625862}, "Guyane": {"value": 0.8515301113957686}, "Hauts-de-France": {"value": 0.8604457189409818}, "Ile-de-France": {"value": 0.8147953136218745}, "La R\u00e9union": {"value": 0.77555341263953}, "Martinique": {"value": 0.4365561654187088}, "Mayotte": {"value": 0.5493475511960049}, "Normandie": {"value": 0.8941458126235757}, "Nouvelle-Aquitaine": {"value": 0.7355298135327075}, "Occitanie": {"value": 0.853969520331898}, "Pays de la Loire": {"value": 1.0114592417555497}, "Provence-Alpes-C\u00f4te d'Azur": {"value": 0.7182433691852868}}