{"Auvergne-Rh\u00f4ne-Alpes": {"value": 1.0129704160093969}, "Bourgogne-Franche-Comt\u00e9": {"value": 1.119332823252135}, "Bretagne": {"value": 1.1742579111463727}, "Centre": {"value": 1.4535641933470416}, "Corse": {"value": 0.8732196973665658}, "Grand Est": {"value": 1.023575905981982}, "Guadeloupe": {"value": 0.8779373798092375}, "Guyane": {"value": 0.7225809133132628}, "Hauts-de-France": {"value": 1.2211486937934897}, "Ile-de-France": {"value": 1.0914819696320415}, "La R\u00e9union": {"value": 0.9507021002631499}, "Martinique": {"value": 0.4471604127406198}, "Mayotte": {"value": 0.45234486812302105}, "Normandie": {"value": 1.0084808664469997}, "Nouvelle-Aquitaine": {"value": 1.2766528010441913}, "Occitanie": {"value": 1.040841102050619}, "Pays de la Loire": {"value": 1.3365397010363727}, "Provence-Alpes-C\u00f4te d'Azur": {"value": 1.002598681004937}}