{"Auvergne-Rh\u00f4ne-Alpes": {"value": 0.7067793243815191}, "Bourgogne-Franche-Comt\u00e9": {"value": 0.7189254767438522}, "Bretagne": {"value": 0.7552883271527964}, "Centre": {"value": 0.7355954210039088}, "Corse": {"value": 0.7156573707715661}, "Grand Est": {"value": 0.7523700463988715}, "Guadeloupe": {"value": 1.0462168053004983}, "Guyane": {"value": 1.119358876008401}, "Hauts-de-France": {"value": 0.6950272586446378}, "Ile-de-France": {"value": 0.6362862766836963}, "La R\u00e9union": {"value": 0.7177393146608473}, "Martinique": {"value": 0.5583364570676104}, "Mayotte": {"value": 0.7981769980719574}, "Normandie": {"value": 0.6911500040214205}, "Nouvelle-Aquitaine": {"value": 0.7517504897177848}, "Occitanie": {"value": 0.6756883118044033}, "Pays de la Loire": {"value": 0.767336251810069}, "Provence-Alpes-C\u00f4te d'Azur": {"value": 0.7248633239359896}}