{"Auvergne-Rh\u00f4ne-Alpes": {"value": 0.7719749604829649}, "Bourgogne-Franche-Comt\u00e9": {"value": 0.7769629044207119}, "Bretagne": {"value": 1.031966293687298}, "Centre": {"value": 0.9425259544297149}, "Corse": {"value": 0.6963412105229503}, "Grand Est": {"value": 0.968111720943243}, "Guadeloupe": {"value": 1.1516579506738318}, "Guyane": {"value": 0.9280199597918077}, "Hauts-de-France": {"value": 0.9603830630061132}, "Ile-de-France": {"value": 0.8690436984278366}, "La R\u00e9union": {"value": 0.8433030683799554}, "Martinique": {"value": 1.0885696162595417}, "Mayotte": {"value": 0.819386263465961}, "Normandie": {"value": 1.0305162280475875}, "Nouvelle-Aquitaine": {"value": 0.8176034635582679}, "Occitanie": {"value": 0.7671817632032423}, "Pays de la Loire": {"value": 0.8814820338545196}, "Provence-Alpes-C\u00f4te d'Azur": {"value": 0.9088868848973817}}