{"Auvergne-Rh\u00f4ne-Alpes": {"value": 0.8545445903460436}, "Bourgogne-Franche-Comt\u00e9": {"value": 0.8579051093615815}, "Bretagne": {"value": 0.7837480503953895}, "Centre": {"value": 0.7696442804508146}, "Corse": {"value": 0.6543167134264257}, "Grand Est": {"value": 0.7239337227498412}, "Guadeloupe": {"value": 0.650010756452083}, "Guyane": {"value": 1.0465739722288498}, "Hauts-de-France": {"value": 0.7462851515977342}, "Ile-de-France": {"value": 0.7960179109703452}, "La R\u00e9union": {"value": 0.7350183486903559}, "Martinique": {"value": 0.3677050160089848}, "Mayotte": {"value": 0.46656637530537104}, "Normandie": {"value": 0.9991454804145168}, "Nouvelle-Aquitaine": {"value": 0.7938594666671364}, "Occitanie": {"value": 0.9281818887690274}, "Pays de la Loire": {"value": 0.9938838188634838}, "Provence-Alpes-C\u00f4te d'Azur": {"value": 0.6976863923059542}}