{"Auvergne-Rh\u00f4ne-Alpes": {"value": 1.177213353881983}, "Bourgogne-Franche-Comt\u00e9": {"value": 1.2286842045197346}, "Bretagne": {"value": 1.165340695599615}, "Centre": {"value": 1.125079921618723}, "Corse": {"value": 1.344567777527855}, "Grand Est": {"value": 1.1600262831296222}, "Guadeloupe": {"value": 0.9561809524486007}, "Guyane": {"value": 1.7097104022204808}, "Hauts-de-France": {"value": 1.1241756609358706}, "Ile-de-France": {"value": 1.23366632877111}, "La R\u00e9union": {"value": 1.1699821132098944}, "Martinique": {"value": 0.47462234152803356}, "Mayotte": {"value": 0.601207444496746}, "Normandie": {"value": 1.1866812439703565}, "Nouvelle-Aquitaine": {"value": 1.1310464745389441}, "Occitanie": {"value": 1.224298575624577}, "Pays de la Loire": {"value": 1.0522322385941596}, "Provence-Alpes-C\u00f4te d'Azur": {"value": 1.2934189166179157}}