{"Auvergne-Rh\u00f4ne-Alpes": {"value": 1.003193253044357}, "Bourgogne-Franche-Comt\u00e9": {"value": 1.148581142031631}, "Bretagne": {"value": 1.098661431341943}, "Centre": {"value": 1.3866319714318118}, "Corse": {"value": 1.2183521440105425}, "Grand Est": {"value": 0.962672440013058}, "Guadeloupe": {"value": 0.8414559645922544}, "Guyane": {"value": 0.7899525040436317}, "Hauts-de-France": {"value": 1.0923739901022675}, "Ile-de-France": {"value": 1.1280871490226163}, "La R\u00e9union": {"value": 0.9916282015635445}, "Martinique": {"value": 0.4265895166181986}, "Mayotte": {"value": 0.4367745979057607}, "Normandie": {"value": 0.9451457952405271}, "Nouvelle-Aquitaine": {"value": 1.2105380542196906}, "Occitanie": {"value": 0.9903247108442113}, "Pays de la Loire": {"value": 1.2108165363491352}, "Provence-Alpes-C\u00f4te d'Azur": {"value": 0.9940815342168299}}