{"Auvergne-Rh\u00f4ne-Alpes": {"value": 0.8029322988945942}, "Bourgogne-Franche-Comt\u00e9": {"value": 0.8282063057452842}, "Bretagne": {"value": 1.080610840906686}, "Centre": {"value": 1.040631654423388}, "Corse": {"value": 0.7632717561586695}, "Grand Est": {"value": 1.0448803387062473}, "Guadeloupe": {"value": 1.487065827159924}, "Guyane": {"value": 1.3032368854873564}, "Hauts-de-France": {"value": 1.0630815240209261}, "Ile-de-France": {"value": 0.9501015119547532}, "La R\u00e9union": {"value": 0.9376344920770583}, "Martinique": {"value": 1.678805090239519}, "Mayotte": {"value": 0.7745497274529544}, "Normandie": {"value": 1.1005311077549407}, "Nouvelle-Aquitaine": {"value": 0.8753441921932801}, "Occitanie": {"value": 0.8165306977365755}, "Pays de la Loire": {"value": 0.9583805073043694}, "Provence-Alpes-C\u00f4te d'Azur": {"value": 0.9676839920483558}}