{"Auvergne-Rh\u00f4ne-Alpes": {"value": 0.7810651122016627}, "Bourgogne-Franche-Comt\u00e9": {"value": 0.8956312084865232}, "Bretagne": {"value": 0.9015745567496047}, "Centre": {"value": 0.7902818656213461}, "Corse": {"value": 1.169088316616648}, "Grand Est": {"value": 0.9128299374158284}, "Guadeloupe": {"value": 0.6859413202929925}, "Guyane": {"value": 0.777961619336781}, "Hauts-de-France": {"value": 0.9744940737199117}, "Ile-de-France": {"value": 0.889029389176047}, "La R\u00e9union": {"value": 0.9239843262485758}, "Martinique": {"value": 0.570004258327716}, "Mayotte": {"value": 1.1249250883770359}, "Normandie": {"value": 0.9027911935113508}, "Nouvelle-Aquitaine": {"value": 0.8113421724893536}, "Occitanie": {"value": 0.8067163099504966}, "Pays de la Loire": {"value": 0.9713576787206026}, "Provence-Alpes-C\u00f4te d'Azur": {"value": 0.7731387724154054}}