{"Auvergne-Rh\u00f4ne-Alpes": {"value": 0.7373571335483713}, "Bourgogne-Franche-Comt\u00e9": {"value": 0.7249634895641697}, "Bretagne": {"value": 0.9450799955464848}, "Centre": {"value": 0.8039074327823633}, "Corse": {"value": 0.7272236054312866}, "Grand Est": {"value": 0.8591143648042661}, "Guadeloupe": {"value": 0.8780830574654127}, "Guyane": {"value": 0.7367483666934501}, "Hauts-de-France": {"value": 0.814140485035895}, "Ile-de-France": {"value": 0.7757331840056059}, "La R\u00e9union": {"value": 0.7363078310741198}, "Martinique": {"value": 0.480021215934081}, "Mayotte": {"value": 0.6419467866116306}, "Normandie": {"value": 0.9077371806395629}, "Nouvelle-Aquitaine": {"value": 0.750769812521491}, "Occitanie": {"value": 0.722562191456704}, "Pays de la Loire": {"value": 0.7784993217745626}, "Provence-Alpes-C\u00f4te d'Azur": {"value": 0.8182838663690076}}