{"Auvergne-Rh\u00f4ne-Alpes": {"value": 0.8239382349040669}, "Bourgogne-Franche-Comt\u00e9": {"value": 0.8686053311319208}, "Bretagne": {"value": 1.1011618001029582}, "Centre": {"value": 1.0750620258857377}, "Corse": {"value": 0.7989078753882614}, "Grand Est": {"value": 1.0714200860235668}, "Guadeloupe": {"value": 1.6227777684149065}, "Guyane": {"value": 1.394531305353205}, "Hauts-de-France": {"value": 1.1018779366056592}, "Ile-de-France": {"value": 0.9907715675354334}, "La R\u00e9union": {"value": 0.9665037848259521}, "Martinique": {"value": 1.7881835491507265}, "Mayotte": {"value": 0.7100656004688274}, "Normandie": {"value": 1.1254402283037694}, "Nouvelle-Aquitaine": {"value": 0.9079144944492968}, "Occitanie": {"value": 0.8398223565353351}, "Pays de la Loire": {"value": 0.99286303365685}, "Provence-Alpes-C\u00f4te d'Azur": {"value": 0.9934887585794776}}