{"Auvergne-Rh\u00f4ne-Alpes": {"value": 0.6808166646723616}, "Bourgogne-Franche-Comt\u00e9": {"value": 0.6659238417699259}, "Bretagne": {"value": 0.7051651764028319}, "Centre": {"value": 0.7173323737438271}, "Corse": {"value": 0.6383469169861915}, "Grand Est": {"value": 0.7217615041932026}, "Guadeloupe": {"value": 0.9963109578655662}, "Guyane": {"value": 0.9948471069855432}, "Hauts-de-France": {"value": 0.6770067403233654}, "Ile-de-France": {"value": 0.6151943183173982}, "La R\u00e9union": {"value": 0.6541254336264959}, "Martinique": {"value": 0.5615853879481831}, "Mayotte": {"value": 0.7410918213439235}, "Normandie": {"value": 0.6655616820057121}, "Nouvelle-Aquitaine": {"value": 0.7197547690637263}, "Occitanie": {"value": 0.6620554133282985}, "Pays de la Loire": {"value": 0.7377765413338995}, "Provence-Alpes-C\u00f4te d'Azur": {"value": 0.6998920907123608}}