{"Auvergne-Rh\u00f4ne-Alpes": {"value": 0.862057034221366}, "Bourgogne-Franche-Comt\u00e9": {"value": 0.9159912764418892}, "Bretagne": {"value": 1.1253297687934682}, "Centre": {"value": 1.111734525767659}, "Corse": {"value": 0.859456462944481}, "Grand Est": {"value": 1.1060434414742963}, "Guadeloupe": {"value": 1.674569005677041}, "Guyane": {"value": 1.4213507388264146}, "Hauts-de-France": {"value": 1.1431274788321981}, "Ile-de-France": {"value": 1.0363060516323168}, "La R\u00e9union": {"value": 1.0036564717092964}, "Martinique": {"value": 1.7809934786665058}, "Mayotte": {"value": 0.6023615188361743}, "Normandie": {"value": 1.1543197341843308}, "Nouvelle-Aquitaine": {"value": 0.9501473819704425}, "Occitanie": {"value": 0.873558212692042}, "Pays de la Loire": {"value": 1.0240051782823831}, "Provence-Alpes-C\u00f4te d'Azur": {"value": 1.0250436050764034}}