{"Auvergne-Rh\u00f4ne-Alpes": {"value": 1.313999257026774}, "Bourgogne-Franche-Comt\u00e9": {"value": 1.3452251890053144}, "Bretagne": {"value": 1.3226428967802022}, "Centre": {"value": 1.3326331056493141}, "Corse": {"value": 1.2173760729761658}, "Grand Est": {"value": 1.3384335701949013}, "Guadeloupe": {"value": 1.2846430750443727}, "Guyane": {"value": 0.6991268856773065}, "Hauts-de-France": {"value": 1.3973085142627895}, "Ile-de-France": {"value": 1.1386216720961082}, "La R\u00e9union": {"value": 2.615240159900944}, "Martinique": {"value": 0.5840639636995014}, "Mayotte": {"value": 1.0700195882292456}, "Normandie": {"value": 1.351947579336024}, "Nouvelle-Aquitaine": {"value": 1.2515831267450839}, "Occitanie": {"value": 1.245187098279223}, "Pays de la Loire": {"value": 1.2547162888666827}, "Provence-Alpes-C\u00f4te d'Azur": {"value": 1.2731096812456753}}