{"Auvergne-Rh\u00f4ne-Alpes": {"value": 1.3982918141117322}, "Bourgogne-Franche-Comt\u00e9": {"value": 1.4414396475614701}, "Bretagne": {"value": 1.3431066119912098}, "Centre": {"value": 1.3746657076764572}, "Corse": {"value": 1.5134921789503197}, "Grand Est": {"value": 1.2144705211856892}, "Guadeloupe": {"value": 0.970379329835807}, "Guyane": {"value": 1.0199763401048714}, "Hauts-de-France": {"value": 1.2474974275998727}, "Ile-de-France": {"value": 1.6691624711474868}, "La R\u00e9union": {"value": 1.1083221102809486}, "Martinique": {"value": 0.3134146303527546}, "Mayotte": {"value": 0.3998407343157761}, "Normandie": {"value": 1.4070295529892958}, "Nouvelle-Aquitaine": {"value": 1.1056750457589795}, "Occitanie": {"value": 1.3025147398996866}, "Pays de la Loire": {"value": 1.4343844183182497}, "Provence-Alpes-C\u00f4te d'Azur": {"value": 1.2300746246706877}}