{"Auvergne-Rh\u00f4ne-Alpes": {"value": 1.1501863127885892}, "Bourgogne-Franche-Comt\u00e9": {"value": 1.1179956048852757}, "Bretagne": {"value": 1.2167359374831617}, "Centre": {"value": 1.116304605891514}, "Corse": {"value": 1.510530219510004}, "Grand Est": {"value": 1.228850338936565}, "Guadeloupe": {"value": 0.8346304669405697}, "Guyane": {"value": 0.8565880389118052}, "Hauts-de-France": {"value": 1.2362663885400211}, "Ile-de-France": {"value": 1.024969347600838}, "La R\u00e9union": {"value": 1.1144237215742838}, "Martinique": {"value": 0.4843111924438473}, "Mayotte": {"value": 0.6605880436972363}, "Normandie": {"value": 1.3459936416488603}, "Nouvelle-Aquitaine": {"value": 1.1871384170098933}, "Occitanie": {"value": 1.1731488014271494}, "Pays de la Loire": {"value": 1.3699677736335274}, "Provence-Alpes-C\u00f4te d'Azur": {"value": 1.0484553018702734}}