{"Auvergne-Rh\u00f4ne-Alpes": {"value": 1.3670179610808364}, "Bourgogne-Franche-Comt\u00e9": {"value": 1.2932734593781587}, "Bretagne": {"value": 1.3119349053474503}, "Centre": {"value": 1.3026898940289826}, "Corse": {"value": 1.5955877803044909}, "Grand Est": {"value": 1.3037342194405088}, "Guadeloupe": {"value": 1.0871373944562028}, "Guyane": {"value": 1.094674887339306}, "Hauts-de-France": {"value": 1.433110463421948}, "Ile-de-France": {"value": 1.417295480085767}, "La R\u00e9union": {"value": 1.144467994547433}, "Martinique": {"value": 0.3772492921503217}, "Mayotte": {"value": 0.5558827268633153}, "Normandie": {"value": 1.3201859598756827}, "Nouvelle-Aquitaine": {"value": 1.1682789532093474}, "Occitanie": {"value": 1.1694302780746937}, "Pays de la Loire": {"value": 1.2779971036370097}, "Provence-Alpes-C\u00f4te d'Azur": {"value": 1.2172965735388792}}