{"Auvergne-Rh\u00f4ne-Alpes": {"value": 0.7374486799582367}, "Bourgogne-Franche-Comt\u00e9": {"value": 0.7342990819448911}, "Bretagne": {"value": 0.7135234883794113}, "Centre": {"value": 0.7669762526833648}, "Corse": {"value": 0.8140674758541888}, "Grand Est": {"value": 0.7299276884838057}, "Guadeloupe": {"value": 0.6866006564917809}, "Guyane": {"value": 1.0779922880701007}, "Hauts-de-France": {"value": 0.743688476648958}, "Ile-de-France": {"value": 0.8164740374718698}, "La R\u00e9union": {"value": 0.649284317500903}, "Martinique": {"value": 0.3813859361898679}, "Mayotte": {"value": 0.638604461924272}, "Normandie": {"value": 0.7875594459820741}, "Nouvelle-Aquitaine": {"value": 0.8634762791126815}, "Occitanie": {"value": 0.6866542249853091}, "Pays de la Loire": {"value": 0.8683083550170293}, "Provence-Alpes-C\u00f4te d'Azur": {"value": 0.6816816343848655}}