{"Auvergne-Rh\u00f4ne-Alpes": {"value": 1.259360987760747}, "Bourgogne-Franche-Comt\u00e9": {"value": 1.2578133225097559}, "Bretagne": {"value": 1.0318941293343595}, "Centre": {"value": 1.166315646061998}, "Corse": {"value": 1.2622201508315922}, "Grand Est": {"value": 1.0535903408382161}, "Guadeloupe": {"value": 1.0408380906432941}, "Guyane": {"value": 0.9219844024962118}, "Hauts-de-France": {"value": 1.1656704779050862}, "Ile-de-France": {"value": 1.2832480401870487}, "La R\u00e9union": {"value": 1.095251244102366}, "Martinique": {"value": 0.348035998215965}, "Mayotte": {"value": 0.7062662827219046}, "Normandie": {"value": 1.2154514149271392}, "Nouvelle-Aquitaine": {"value": 1.0363305445785578}, "Occitanie": {"value": 1.1494245281025965}, "Pays de la Loire": {"value": 1.1933607538550892}, "Provence-Alpes-C\u00f4te d'Azur": {"value": 1.2270493262896798}}