{"Auvergne-Rh\u00f4ne-Alpes": {"value": 1.282909960918945}, "Bourgogne-Franche-Comt\u00e9": {"value": 1.3333922737184354}, "Bretagne": {"value": 1.3476014583855727}, "Centre": {"value": 1.3587736923565554}, "Corse": {"value": 1.1915498666621547}, "Grand Est": {"value": 1.324881831850254}, "Guadeloupe": {"value": 1.3182225977216397}, "Guyane": {"value": 0.68179272556906}, "Hauts-de-France": {"value": 1.3974523290530212}, "Ile-de-France": {"value": 1.1470082915333628}, "La R\u00e9union": {"value": 2.5894159759309674}, "Martinique": {"value": 0.5493415664484345}, "Mayotte": {"value": 1.1223881236486286}, "Normandie": {"value": 1.3492482794807477}, "Nouvelle-Aquitaine": {"value": 1.2405986372663609}, "Occitanie": {"value": 1.201063565324476}, "Pays de la Loire": {"value": 1.2305295859169985}, "Provence-Alpes-C\u00f4te d'Azur": {"value": 1.2524577924581861}}