{"Auvergne-Rh\u00f4ne-Alpes": {"value": 1.1250222845674016}, "Bourgogne-Franche-Comt\u00e9": {"value": 1.1797547999627482}, "Bretagne": {"value": 1.1822273830602328}, "Centre": {"value": 1.0920343179745067}, "Corse": {"value": 1.305243781738341}, "Grand Est": {"value": 1.129085160940196}, "Guadeloupe": {"value": 0.8894794092520408}, "Guyane": {"value": 1.8024524741736403}, "Hauts-de-France": {"value": 1.1040258109442176}, "Ile-de-France": {"value": 1.207792093664678}, "La R\u00e9union": {"value": 1.210660578597484}, "Martinique": {"value": 0.46678022217682263}, "Mayotte": {"value": 0.5698914698310177}, "Normandie": {"value": 1.1499513484802786}, "Nouvelle-Aquitaine": {"value": 1.0819350786688156}, "Occitanie": {"value": 1.2036534733097604}, "Pays de la Loire": {"value": 1.0325770123160012}, "Provence-Alpes-C\u00f4te d'Azur": {"value": 1.2784724134245398}}