{"Auvergne-Rh\u00f4ne-Alpes": {"value": 1.6334269724239154}, "Bourgogne-Franche-Comt\u00e9": {"value": 1.658859420922382}, "Bretagne": {"value": 1.2704121561821333}, "Centre": {"value": 1.3970115187283798}, "Corse": {"value": 1.7517510392997016}, "Grand Est": {"value": 1.5823466720983164}, "Guadeloupe": {"value": 0.7779691531509411}, "Guyane": {"value": 0.9217400814786684}, "Hauts-de-France": {"value": 1.5805312228078243}, "Ile-de-France": {"value": 1.4765953285109368}, "La R\u00e9union": {"value": 1.3476131460243357}, "Martinique": {"value": 0.6471793084032128}, "Mayotte": {"value": 1.2103625962104987}, "Normandie": {"value": 1.4900601590283455}, "Nouvelle-Aquitaine": {"value": 1.545394012575847}, "Occitanie": {"value": 1.6076553905155122}, "Pays de la Loire": {"value": 1.3496182730075295}, "Provence-Alpes-C\u00f4te d'Azur": {"value": 1.5870948845233959}}