{"Auvergne-Rh\u00f4ne-Alpes": {"value": 0.9070925391910177}, "Bourgogne-Franche-Comt\u00e9": {"value": 1.0313348880553377}, "Bretagne": {"value": 1.0681364857877427}, "Centre": {"value": 1.1451136326585996}, "Corse": {"value": 1.57930839503087}, "Grand Est": {"value": 0.9524836386592115}, "Guadeloupe": {"value": 0.7534042957631317}, "Guyane": {"value": 0.8458177130463727}, "Hauts-de-France": {"value": 0.9955491237742085}, "Ile-de-France": {"value": 1.0444552100788544}, "La R\u00e9union": {"value": 0.9398582270708298}, "Martinique": {"value": 0.4642712234807144}, "Mayotte": {"value": 0.3816365750852977}, "Normandie": {"value": 0.9384807843034468}, "Nouvelle-Aquitaine": {"value": 1.0999710634083304}, "Occitanie": {"value": 0.9317172900419843}, "Pays de la Loire": {"value": 1.0842578000650662}, "Provence-Alpes-C\u00f4te d'Azur": {"value": 0.9061618205392037}}