{"Auvergne-Rh\u00f4ne-Alpes": {"value": 0.8186248297228036}, "Bourgogne-Franche-Comt\u00e9": {"value": 0.8689218167582133}, "Bretagne": {"value": 0.7060445228111347}, "Centre": {"value": 0.7162434754325995}, "Corse": {"value": 0.7259504539057913}, "Grand Est": {"value": 0.6949391547626838}, "Guadeloupe": {"value": 0.665999653119437}, "Guyane": {"value": 1.1371287116622018}, "Hauts-de-France": {"value": 0.7126854431473403}, "Ile-de-France": {"value": 0.8003702971480866}, "La R\u00e9union": {"value": 0.668324412876647}, "Martinique": {"value": 0.3604686568512636}, "Mayotte": {"value": 0.5922730693853477}, "Normandie": {"value": 1.0135922086437648}, "Nouvelle-Aquitaine": {"value": 0.8603958638547937}, "Occitanie": {"value": 0.9137964346065999}, "Pays de la Loire": {"value": 1.0156451432295592}, "Provence-Alpes-C\u00f4te d'Azur": {"value": 0.6992888326253961}}