{"Auvergne-Rh\u00f4ne-Alpes": {"value": 1.0082939926902912}, "Bourgogne-Franche-Comt\u00e9": {"value": 1.0745528239883018}, "Bretagne": {"value": 1.1696626777329766}, "Centre": {"value": 1.3387598062811863}, "Corse": {"value": 0.9886914794494321}, "Grand Est": {"value": 1.1219689283738945}, "Guadeloupe": {"value": 0.8204827157016082}, "Guyane": {"value": 0.7067170549866029}, "Hauts-de-France": {"value": 1.3179530071162038}, "Ile-de-France": {"value": 1.0975661067371059}, "La R\u00e9union": {"value": 0.9480211259505962}, "Martinique": {"value": 0.48443087299871}, "Mayotte": {"value": 0.4493281450329171}, "Normandie": {"value": 1.0851084453506643}, "Nouvelle-Aquitaine": {"value": 1.2798970753515864}, "Occitanie": {"value": 1.0999118458527644}, "Pays de la Loire": {"value": 1.3917694157924805}, "Provence-Alpes-C\u00f4te d'Azur": {"value": 0.992680163638944}}