{"Auvergne-Rh\u00f4ne-Alpes": {"value": 0.6197990995604352}, "Bourgogne-Franche-Comt\u00e9": {"value": 0.6547260992511978}, "Bretagne": {"value": 0.6831364281944007}, "Centre": {"value": 0.6893139480346486}, "Corse": {"value": 0.7710417354412866}, "Grand Est": {"value": 0.7075193441590877}, "Guadeloupe": {"value": 0.5536012409440287}, "Guyane": {"value": 0.5979828921180992}, "Hauts-de-France": {"value": 0.6982772761448441}, "Ile-de-France": {"value": 0.6624746805170567}, "La R\u00e9union": {"value": 0.7027096315489613}, "Martinique": {"value": 0.33393114167310556}, "Mayotte": {"value": 0.32267663825281684}, "Normandie": {"value": 0.6930281787187056}, "Nouvelle-Aquitaine": {"value": 0.6799036854399846}, "Occitanie": {"value": 0.6788906192324955}, "Pays de la Loire": {"value": 0.6961507187032812}, "Provence-Alpes-C\u00f4te d'Azur": {"value": 0.6680498644844021}}