{"Auvergne-Rh\u00f4ne-Alpes": {"value": 0.761102495869917}, "Bourgogne-Franche-Comt\u00e9": {"value": 0.7789136024351558}, "Bretagne": {"value": 0.6893607085257932}, "Centre": {"value": 0.7265257925530039}, "Corse": {"value": 0.8260730526305531}, "Grand Est": {"value": 0.6908540114361224}, "Guadeloupe": {"value": 0.6603313708960727}, "Guyane": {"value": 1.1302752007928671}, "Hauts-de-France": {"value": 0.7379726493749226}, "Ile-de-France": {"value": 0.8000249150614676}, "La R\u00e9union": {"value": 0.6507876295247721}, "Martinique": {"value": 0.37181521068362094}, "Mayotte": {"value": 0.5320168216401914}, "Normandie": {"value": 0.9262131738770588}, "Nouvelle-Aquitaine": {"value": 0.8861936775559243}, "Occitanie": {"value": 0.7937753235515566}, "Pays de la Loire": {"value": 0.9281526329558718}, "Provence-Alpes-C\u00f4te d'Azur": {"value": 0.6883478049840626}}