{"Auvergne-Rh\u00f4ne-Alpes": {"value": 0.7759792990118415}, "Bourgogne-Franche-Comt\u00e9": {"value": 0.7917186854461697}, "Bretagne": {"value": 0.7499003845685697}, "Centre": {"value": 0.7468491485159017}, "Corse": {"value": 0.920187104648047}, "Grand Est": {"value": 0.7660707535736935}, "Guadeloupe": {"value": 1.104799248820504}, "Guyane": {"value": 1.1319812574974149}, "Hauts-de-France": {"value": 0.735461800963886}, "Ile-de-France": {"value": 0.7144490732455544}, "La R\u00e9union": {"value": 0.9901723827825908}, "Martinique": {"value": 0.5984545385144916}, "Mayotte": {"value": 0.5132585542847762}, "Normandie": {"value": 0.7531427655271077}, "Nouvelle-Aquitaine": {"value": 0.7699604912768354}, "Occitanie": {"value": 0.7886509011425786}, "Pays de la Loire": {"value": 0.7793048173926708}, "Provence-Alpes-C\u00f4te d'Azur": {"value": 0.751584993777531}}