{"Auvergne-Rh\u00f4ne-Alpes": {"value": 0.8523216862278024}, "Bourgogne-Franche-Comt\u00e9": {"value": 0.8408998366564785}, "Bretagne": {"value": 0.8808152921737473}, "Centre": {"value": 0.8334393933098561}, "Corse": {"value": 0.7035614925764069}, "Grand Est": {"value": 0.8767224838175633}, "Guadeloupe": {"value": 0.6469340780060373}, "Guyane": {"value": 0.7749479015149816}, "Hauts-de-France": {"value": 0.912038389367378}, "Ile-de-France": {"value": 0.8299975724482145}, "La R\u00e9union": {"value": 0.8566603621302373}, "Martinique": {"value": 0.49855971573231284}, "Mayotte": {"value": 0.48248517230291743}, "Normandie": {"value": 0.8659417035828296}, "Nouvelle-Aquitaine": {"value": 0.7283321423427283}, "Occitanie": {"value": 0.8006784146620669}, "Pays de la Loire": {"value": 0.9727844021141357}, "Provence-Alpes-C\u00f4te d'Azur": {"value": 0.7292214637083723}}