{"Auvergne-Rh\u00f4ne-Alpes": {"value": 0.8054945691922568}, "Bourgogne-Franche-Comt\u00e9": {"value": 0.7721297506030085}, "Bretagne": {"value": 0.6767322366360407}, "Centre": {"value": 0.7108837146708475}, "Corse": {"value": 0.9679008085634748}, "Grand Est": {"value": 0.7324568157824185}, "Guadeloupe": {"value": 0.9932720851619388}, "Guyane": {"value": 1.3670174036240195}, "Hauts-de-France": {"value": 0.7355363407711374}, "Ile-de-France": {"value": 0.7468356418403619}, "La R\u00e9union": {"value": 0.9307954082763554}, "Martinique": {"value": 0.48479326850548204}, "Mayotte": {"value": 0.3306536643307417}, "Normandie": {"value": 0.7391660690812643}, "Nouvelle-Aquitaine": {"value": 0.73828341705302}, "Occitanie": {"value": 0.8284481393021694}, "Pays de la Loire": {"value": 0.7268876135506095}, "Provence-Alpes-C\u00f4te d'Azur": {"value": 0.7667734754314335}}