{"Auvergne-Rh\u00f4ne-Alpes": {"value": 1.6635405607791873}, "Bourgogne-Franche-Comt\u00e9": {"value": 1.7085949040220236}, "Bretagne": {"value": 1.3403871110553283}, "Centre": {"value": 1.4313577512166433}, "Corse": {"value": 0.9993019969867712}, "Grand Est": {"value": 1.5061006097298595}, "Guadeloupe": {"value": 0.9078644724698202}, "Guyane": {"value": 0.8617708858042703}, "Hauts-de-France": {"value": 1.4487835246568896}, "Ile-de-France": {"value": 1.4548643575999811}, "La R\u00e9union": {"value": 1.0503226280860405}, "Martinique": {"value": 0.5374843894575053}, "Mayotte": {"value": 0.5816102828545234}, "Normandie": {"value": 1.380767960916222}, "Nouvelle-Aquitaine": {"value": 1.415939077081926}, "Occitanie": {"value": 1.5601290913730814}, "Pays de la Loire": {"value": 1.2963781043381006}, "Provence-Alpes-C\u00f4te d'Azur": {"value": 1.530825652956457}}