{"Auvergne-Rh\u00f4ne-Alpes": {"value": 1.275350643096797}, "Bourgogne-Franche-Comt\u00e9": {"value": 1.3346848696077411}, "Bretagne": {"value": 1.4021775813063329}, "Centre": {"value": 1.385768289436146}, "Corse": {"value": 1.2366960952859403}, "Grand Est": {"value": 1.3266364303081686}, "Guadeloupe": {"value": 1.3368302608896214}, "Guyane": {"value": 0.6824523817489123}, "Hauts-de-France": {"value": 1.3817431265198117}, "Ile-de-France": {"value": 1.1575442559492026}, "La R\u00e9union": {"value": 2.5028378711283166}, "Martinique": {"value": 0.5157575599949726}, "Mayotte": {"value": 1.3146294037223019}, "Normandie": {"value": 1.3134313560777655}, "Nouvelle-Aquitaine": {"value": 1.27968034768741}, "Occitanie": {"value": 1.17746532799873}, "Pays de la Loire": {"value": 1.182521437251967}, "Provence-Alpes-C\u00f4te d'Azur": {"value": 1.2381133797980248}}