{"Auvergne-Rh\u00f4ne-Alpes": {"value": 1.0112066670454094}, "Bourgogne-Franche-Comt\u00e9": {"value": 1.1668955200867135}, "Bretagne": {"value": 1.120035916833817}, "Centre": {"value": 1.4407433082352172}, "Corse": {"value": 1.1103922934272012}, "Grand Est": {"value": 0.9554969844583558}, "Guadeloupe": {"value": 0.8964764777857859}, "Guyane": {"value": 0.7819253644958756}, "Hauts-de-France": {"value": 1.1299995058381973}, "Ile-de-France": {"value": 1.1001552620105755}, "La R\u00e9union": {"value": 0.9975512580293318}, "Martinique": {"value": 0.42287125954679966}, "Mayotte": {"value": 0.4425923096058253}, "Normandie": {"value": 0.938364826853175}, "Nouvelle-Aquitaine": {"value": 1.224585310705156}, "Occitanie": {"value": 1.0065965715271972}, "Pays de la Loire": {"value": 1.2681088418734716}, "Provence-Alpes-C\u00f4te d'Azur": {"value": 1.0045137006110454}}