{"Auvergne-Rh\u00f4ne-Alpes": {"value": 0.8044952808380061}, "Bourgogne-Franche-Comt\u00e9": {"value": 0.7927176368845739}, "Bretagne": {"value": 0.7131219821036217}, "Centre": {"value": 0.7380653869856229}, "Corse": {"value": 0.9771104281841421}, "Grand Est": {"value": 0.7575297529863545}, "Guadeloupe": {"value": 1.0714482973639599}, "Guyane": {"value": 1.2928590904255002}, "Hauts-de-France": {"value": 0.7446319949485338}, "Ile-de-France": {"value": 0.7458771609748215}, "La R\u00e9union": {"value": 0.9924685713756192}, "Martinique": {"value": 0.5467559992946042}, "Mayotte": {"value": 0.3923478658208616}, "Normandie": {"value": 0.7561813845238216}, "Nouvelle-Aquitaine": {"value": 0.7591376899523474}, "Occitanie": {"value": 0.8318566953420652}, "Pays de la Loire": {"value": 0.7498809214914656}, "Provence-Alpes-C\u00f4te d'Azur": {"value": 0.7708245128397775}}