{"Auvergne-Rh\u00f4ne-Alpes": {"value": 1.3783424660184451}, "Bourgogne-Franche-Comt\u00e9": {"value": 1.3647997943966348}, "Bretagne": {"value": 1.2115778506830757}, "Centre": {"value": 1.3250231255488645}, "Corse": {"value": 1.4244546350669163}, "Grand Est": {"value": 1.136321206905547}, "Guadeloupe": {"value": 1.0226446941115004}, "Guyane": {"value": 0.9212375554958045}, "Hauts-de-France": {"value": 1.2316012082396646}, "Ile-de-France": {"value": 1.5020165447460117}, "La R\u00e9union": {"value": 1.1184933489593112}, "Martinique": {"value": 0.33646452114507264}, "Mayotte": {"value": 0.5257987110185393}, "Normandie": {"value": 1.3553934847276847}, "Nouvelle-Aquitaine": {"value": 1.0619709674062063}, "Occitanie": {"value": 1.2366735775276112}, "Pays de la Loire": {"value": 1.3405356074567667}, "Provence-Alpes-C\u00f4te d'Azur": {"value": 1.2627726498065457}}