{"Auvergne-Rh\u00f4ne-Alpes": {"value": 1.5410904829552092}, "Bourgogne-Franche-Comt\u00e9": {"value": 1.5144419187143257}, "Bretagne": {"value": 1.2671088744218428}, "Centre": {"value": 1.3252210874016752}, "Corse": {"value": 1.6107884495238707}, "Grand Est": {"value": 1.5027329309631554}, "Guadeloupe": {"value": 0.8930220698351545}, "Guyane": {"value": 0.9333853431083134}, "Hauts-de-France": {"value": 1.4662234578044666}, "Ile-de-France": {"value": 1.3600001107225315}, "La R\u00e9union": {"value": 1.4692267314490812}, "Martinique": {"value": 0.6230173698035745}, "Mayotte": {"value": 1.1515081753769763}, "Normandie": {"value": 1.3932741075212636}, "Nouvelle-Aquitaine": {"value": 1.470358966820171}, "Occitanie": {"value": 1.545671778982281}, "Pays de la Loire": {"value": 1.3158386351410976}, "Provence-Alpes-C\u00f4te d'Azur": {"value": 1.5383886994766294}}