{"Auvergne-Rh\u00f4ne-Alpes": {"value": 0.9825016184171949}, "Bourgogne-Franche-Comt\u00e9": {"value": 1.1181300807006416}, "Bretagne": {"value": 1.115370703889759}, "Centre": {"value": 1.3335162522762447}, "Corse": {"value": 1.2366935929531524}, "Grand Est": {"value": 0.9570211490795}, "Guadeloupe": {"value": 0.8042792279470792}, "Guyane": {"value": 0.806315759255402}, "Hauts-de-France": {"value": 1.0542781116435456}, "Ile-de-France": {"value": 1.0814734250032987}, "La R\u00e9union": {"value": 0.9705174406568653}, "Martinique": {"value": 0.4267777234759057}, "Mayotte": {"value": 0.42030678000937133}, "Normandie": {"value": 0.939081485354599}, "Nouvelle-Aquitaine": {"value": 1.1918744683788303}, "Occitanie": {"value": 0.9802922955422273}, "Pays de la Loire": {"value": 1.1671780142715633}, "Provence-Alpes-C\u00f4te d'Azur": {"value": 0.9658074990772836}}