{"Auvergne-Rh\u00f4ne-Alpes": {"value": 0.7795365452899079}, "Bourgogne-Franche-Comt\u00e9": {"value": 0.8101630652155949}, "Bretagne": {"value": 0.7008334270947878}, "Centre": {"value": 0.72835371212463}, "Corse": {"value": 0.7860334505034178}, "Grand Est": {"value": 0.6859154612068477}, "Guadeloupe": {"value": 0.6546252645415815}, "Guyane": {"value": 1.1522688374593963}, "Hauts-de-France": {"value": 0.7245125316633811}, "Ile-de-France": {"value": 0.7972209422324465}, "La R\u00e9union": {"value": 0.6454904996586797}, "Martinique": {"value": 0.36172466888861265}, "Mayotte": {"value": 0.49597548202742314}, "Normandie": {"value": 0.9709671079210175}, "Nouvelle-Aquitaine": {"value": 0.8859382591168237}, "Occitanie": {"value": 0.8413922156818334}, "Pays de la Loire": {"value": 0.9702088069956545}, "Provence-Alpes-C\u00f4te d'Azur": {"value": 0.6912064138039078}}