{"Auvergne-Rh\u00f4ne-Alpes": {"value": 1.1818629029496899}, "Bourgogne-Franche-Comt\u00e9": {"value": 1.1874784726346093}, "Bretagne": {"value": 0.9609384659319167}, "Centre": {"value": 1.052284717634319}, "Corse": {"value": 1.1758125963364434}, "Grand Est": {"value": 0.9982095766875028}, "Guadeloupe": {"value": 0.9479739710339143}, "Guyane": {"value": 0.9658601040605719}, "Hauts-de-France": {"value": 1.0861942666463866}, "Ile-de-France": {"value": 1.1639618858495204}, "La R\u00e9union": {"value": 1.073131743020632}, "Martinique": {"value": 0.3477373345594838}, "Mayotte": {"value": 0.7407595209421214}, "Normandie": {"value": 1.117087241368055}, "Nouvelle-Aquitaine": {"value": 1.0249623967086063}, "Occitanie": {"value": 1.118390659792533}, "Pays de la Loire": {"value": 1.1102136826416196}, "Provence-Alpes-C\u00f4te d'Azur": {"value": 1.1657095660278243}}