{"Auvergne-Rh\u00f4ne-Alpes": {"value": 0.6865703746240757}, "Bourgogne-Franche-Comt\u00e9": {"value": 0.6891315874255894}, "Bretagne": {"value": 0.7556377396345105}, "Centre": {"value": 0.7348321362625303}, "Corse": {"value": 0.6285764049301389}, "Grand Est": {"value": 0.730227339918829}, "Guadeloupe": {"value": 0.9295595967402248}, "Guyane": {"value": 0.9621973492887386}, "Hauts-de-France": {"value": 0.7718689540067347}, "Ile-de-France": {"value": 0.6863897545277999}, "La R\u00e9union": {"value": 0.9834572566808173}, "Martinique": {"value": 0.7668894927110204}, "Mayotte": {"value": 0.7051079764744163}, "Normandie": {"value": 0.7288459251712083}, "Nouvelle-Aquitaine": {"value": 0.6850992231857016}, "Occitanie": {"value": 0.6671273900196351}, "Pays de la Loire": {"value": 0.7039255965702025}, "Provence-Alpes-C\u00f4te d'Azur": {"value": 0.7370472594853993}}