{"Auvergne-Rh\u00f4ne-Alpes": {"value": 0.762891722480534}, "Bourgogne-Franche-Comt\u00e9": {"value": 0.7902722621929272}, "Bretagne": {"value": 0.7682323144630145}, "Centre": {"value": 0.7507338248642845}, "Corse": {"value": 0.8752348493568176}, "Grand Est": {"value": 0.7699392955952264}, "Guadeloupe": {"value": 1.1275769116049335}, "Guyane": {"value": 1.1436542839865176}, "Hauts-de-France": {"value": 0.7323070035308107}, "Ile-de-France": {"value": 0.6997886622915452}, "La R\u00e9union": {"value": 0.9696700851413877}, "Martinique": {"value": 0.6147070942468638}, "Mayotte": {"value": 0.5917962984963848}, "Normandie": {"value": 0.7460155253815596}, "Nouvelle-Aquitaine": {"value": 0.7851544351978192}, "Occitanie": {"value": 0.7630872367407302}, "Pays de la Loire": {"value": 0.785753026985909}, "Provence-Alpes-C\u00f4te d'Azur": {"value": 0.7450863437904055}}