{"Auvergne-Rh\u00f4ne-Alpes": {"value": 0.6702624870680716}, "Bourgogne-Franche-Comt\u00e9": {"value": 0.6420124340983543}, "Bretagne": {"value": 0.7000699219894915}, "Centre": {"value": 0.7031040096794416}, "Corse": {"value": 0.5656648594258203}, "Grand Est": {"value": 0.6911274817868363}, "Guadeloupe": {"value": 0.9204918064478698}, "Guyane": {"value": 0.872384092664731}, "Hauts-de-France": {"value": 0.7114307505719359}, "Ile-de-France": {"value": 0.6407087408302001}, "La R\u00e9union": {"value": 0.8462006810456122}, "Martinique": {"value": 0.6992296946003913}, "Mayotte": {"value": 0.4601172529122626}, "Normandie": {"value": 0.6813300647563625}, "Nouvelle-Aquitaine": {"value": 0.66913274732881}, "Occitanie": {"value": 0.662332540558512}, "Pays de la Loire": {"value": 0.6856407307712487}, "Provence-Alpes-C\u00f4te d'Azur": {"value": 0.6969870379822933}}