{"Auvergne-Rh\u00f4ne-Alpes": {"value": 1.1099067170966306}, "Bourgogne-Franche-Comt\u00e9": {"value": 1.0464152123962935}, "Bretagne": {"value": 0.9884304097366061}, "Centre": {"value": 1.0727757151076331}, "Corse": {"value": 0.8938769226791954}, "Grand Est": {"value": 0.9020770799767408}, "Guadeloupe": {"value": 0.8602107754317679}, "Guyane": {"value": 1.1813083779098192}, "Hauts-de-France": {"value": 0.9533802136138942}, "Ile-de-France": {"value": 0.9600676262213483}, "La R\u00e9union": {"value": 1.1605446664416927}, "Martinique": {"value": 0.39517417001750804}, "Mayotte": {"value": 0.6560379649395459}, "Normandie": {"value": 0.9377470190879046}, "Nouvelle-Aquitaine": {"value": 1.047078860228066}, "Occitanie": {"value": 1.0287301127507222}, "Pays de la Loire": {"value": 0.9853517952006321}, "Provence-Alpes-C\u00f4te d'Azur": {"value": 1.0115183497267168}}