{"Auvergne-Rh\u00f4ne-Alpes": {"value": 0.8385996930275648}, "Bourgogne-Franche-Comt\u00e9": {"value": 0.8645705363611063}, "Bretagne": {"value": 0.703522904935211}, "Centre": {"value": 0.7382723867485526}, "Corse": {"value": 0.7054161756540002}, "Grand Est": {"value": 0.7064109748718592}, "Guadeloupe": {"value": 0.6604204854543277}, "Guyane": {"value": 1.0979508442430528}, "Hauts-de-France": {"value": 0.7237077587757079}, "Ile-de-France": {"value": 0.7872121759443353}, "La R\u00e9union": {"value": 0.7166362010375565}, "Martinique": {"value": 0.35992601387464784}, "Mayotte": {"value": 0.6678491798490465}, "Normandie": {"value": 1.0254855136797445}, "Nouvelle-Aquitaine": {"value": 0.8296563287463935}, "Occitanie": {"value": 0.9250301915016937}, "Pays de la Loire": {"value": 0.9994043611024184}, "Provence-Alpes-C\u00f4te d'Azur": {"value": 0.6972892829277624}}