{"Auvergne-Rh\u00f4ne-Alpes": {"value": 0.8026193913841142}, "Bourgogne-Franche-Comt\u00e9": {"value": 0.8320688129464757}, "Bretagne": {"value": 0.7013116229164325}, "Centre": {"value": 0.7170072955209617}, "Corse": {"value": 0.7443920502829168}, "Grand Est": {"value": 0.6874406048112952}, "Guadeloupe": {"value": 0.6629037134010582}, "Guyane": {"value": 1.1621462520323238}, "Hauts-de-France": {"value": 0.7126637845796343}, "Ile-de-France": {"value": 0.7921581506536504}, "La R\u00e9union": {"value": 0.6548761583127969}, "Martinique": {"value": 0.3575771336760563}, "Mayotte": {"value": 0.5165927972765042}, "Normandie": {"value": 0.9821787304479166}, "Nouvelle-Aquitaine": {"value": 0.8784824975603387}, "Occitanie": {"value": 0.885495249053871}, "Pays de la Loire": {"value": 0.9998045525333465}, "Provence-Alpes-C\u00f4te d'Azur": {"value": 0.6957652226748083}}