{"Auvergne-Rh\u00f4ne-Alpes": {"value": 1.4907236302639544}, "Bourgogne-Franche-Comt\u00e9": {"value": 1.4479663001442127}, "Bretagne": {"value": 1.2234291506124175}, "Centre": {"value": 1.3364143698354392}, "Corse": {"value": 1.2089873833458615}, "Grand Est": {"value": 1.2950869758154724}, "Guadeloupe": {"value": 1.1808286042710714}, "Guyane": {"value": 0.800769389968228}, "Hauts-de-France": {"value": 1.325096706173921}, "Ile-de-France": {"value": 1.3633806715173988}, "La R\u00e9union": {"value": 1.094348049127944}, "Martinique": {"value": 0.5571349093537932}, "Mayotte": {"value": 0.5853591223545964}, "Normandie": {"value": 1.3388007210316633}, "Nouvelle-Aquitaine": {"value": 1.288799854298447}, "Occitanie": {"value": 1.377809115716185}, "Pays de la Loire": {"value": 1.2375996561400504}, "Provence-Alpes-C\u00f4te d'Azur": {"value": 1.3961769650544626}}