{"Auvergne-Rh\u00f4ne-Alpes": {"value": 0.7262018760821907}, "Bourgogne-Franche-Comt\u00e9": {"value": 0.7155766189763642}, "Bretagne": {"value": 0.7249070384452807}, "Centre": {"value": 0.7816114583501572}, "Corse": {"value": 0.7686502542947551}, "Grand Est": {"value": 0.7379269528793606}, "Guadeloupe": {"value": 0.6825691821974258}, "Guyane": {"value": 1.0635200325281953}, "Hauts-de-France": {"value": 0.7334464209320396}, "Ile-de-France": {"value": 0.8269711526222788}, "La R\u00e9union": {"value": 0.675001026422075}, "Martinique": {"value": 0.3846706807890671}, "Mayotte": {"value": 0.7042077282534212}, "Normandie": {"value": 0.7298067555538397}, "Nouvelle-Aquitaine": {"value": 0.8339882712729937}, "Occitanie": {"value": 0.6468493299739687}, "Pays de la Loire": {"value": 0.827083751654828}, "Provence-Alpes-C\u00f4te d'Azur": {"value": 0.6779616727582605}}