{"Auvergne-Rh\u00f4ne-Alpes": {"value": 1.575743702177037}, "Bourgogne-Franche-Comt\u00e9": {"value": 1.59731490354093}, "Bretagne": {"value": 1.2517694448131935}, "Centre": {"value": 1.3401959262658105}, "Corse": {"value": 1.6959265104915773}, "Grand Est": {"value": 1.5276733267543672}, "Guadeloupe": {"value": 0.8186066374917125}, "Guyane": {"value": 0.9131508697202959}, "Hauts-de-France": {"value": 1.5179606977157984}, "Ile-de-France": {"value": 1.4206831636860149}, "La R\u00e9union": {"value": 1.3579030714353977}, "Martinique": {"value": 0.6320882223649437}, "Mayotte": {"value": 1.1794764043680221}, "Normandie": {"value": 1.42847795484602}, "Nouvelle-Aquitaine": {"value": 1.513907929823507}, "Occitanie": {"value": 1.5848906154617224}, "Pays de la Loire": {"value": 1.334054704366859}, "Provence-Alpes-C\u00f4te d'Azur": {"value": 1.5625950348025195}}