{"Auvergne-Rh\u00f4ne-Alpes": {"value": 1.3383775497933144}, "Bourgogne-Franche-Comt\u00e9": {"value": 1.118836802744167}, "Bretagne": {"value": 0.8963595989302413}, "Centre": {"value": 0.936518585220066}, "Corse": {"value": 5.1775042458611145}, "Grand Est": {"value": 1.5770192317577565}, "Guadeloupe": {"value": 1.0596542515214413}, "Guyane": {"value": 0.9713605105573759}, "Hauts-de-France": {"value": 1.2724894256282928}, "Ile-de-France": {"value": 1.4126066026736597}, "La R\u00e9union": {"value": 1.0899295943884082}, "Martinique": {"value": 1.262390408251546}, "Mayotte": {"value": 0.6711622807017534}, "Normandie": {"value": 1.465447980647181}, "Nouvelle-Aquitaine": {"value": 1.457989405616975}, "Occitanie": {"value": 1.9441188047231388}, "Pays de la Loire": {"value": 1.49211871678652}, "Provence-Alpes-C\u00f4te d'Azur": {"value": 1.884476729802821}}