{"Auvergne-Rh\u00f4ne-Alpes": {"value": 1.258882781364382}, "Bourgogne-Franche-Comt\u00e9": {"value": 1.3274468437459102}, "Bretagne": {"value": 1.436509505959616}, "Centre": {"value": 1.362289191599191}, "Corse": {"value": 1.3526082351889748}, "Grand Est": {"value": 1.298668322941528}, "Guadeloupe": {"value": 1.249049812260401}, "Guyane": {"value": 0.6771666023466197}, "Hauts-de-France": {"value": 1.3397947788129199}, "Ile-de-France": {"value": 1.1488629373512003}, "La R\u00e9union": {"value": 2.2708703762575957}, "Martinique": {"value": 0.4817366031711655}, "Mayotte": {"value": 1.4102337993266976}, "Normandie": {"value": 1.272025884884126}, "Nouvelle-Aquitaine": {"value": 1.2972403811084279}, "Occitanie": {"value": 1.1334838763267343}, "Pays de la Loire": {"value": 1.139977595991914}, "Provence-Alpes-C\u00f4te d'Azur": {"value": 1.212847153410519}}