{"Auvergne-Rh\u00f4ne-Alpes": {"value": 0.8680583741207024}, "Bourgogne-Franche-Comt\u00e9": {"value": 0.9873756303428799}, "Bretagne": {"value": 1.0187278144915803}, "Centre": {"value": 1.03079665932549}, "Corse": {"value": 1.6685906570213471}, "Grand Est": {"value": 0.9561613354518037}, "Guadeloupe": {"value": 0.7249620688008755}, "Guyane": {"value": 0.8455519286038649}, "Hauts-de-France": {"value": 0.9990293631470666}, "Ile-de-France": {"value": 1.0276055410384919}, "La R\u00e9union": {"value": 0.935627927421951}, "Martinique": {"value": 0.4917038564981663}, "Mayotte": {"value": 0.42954412496147304}, "Normandie": {"value": 0.9447740619909104}, "Nouvelle-Aquitaine": {"value": 1.0493460001702337}, "Occitanie": {"value": 0.9155745875984802}, "Pays de la Loire": {"value": 1.0469945453136713}, "Provence-Alpes-C\u00f4te d'Azur": {"value": 0.8867637587335484}}