{"Auvergne-Rh\u00f4ne-Alpes": {"value": 1.3756922484582763}, "Bourgogne-Franche-Comt\u00e9": {"value": 1.3470467536894692}, "Bretagne": {"value": 1.277471155655601}, "Centre": {"value": 1.334995535095116}, "Corse": {"value": 1.2970140831871535}, "Grand Est": {"value": 1.3926752565291673}, "Guadeloupe": {"value": 1.2239792940228287}, "Guyane": {"value": 0.7994247286112217}, "Hauts-de-France": {"value": 1.4080563653362246}, "Ile-de-France": {"value": 1.1516174471443632}, "La R\u00e9union": {"value": 2.6084016615686885}, "Martinique": {"value": 0.6407967359221513}, "Mayotte": {"value": 1.2054218136355372}, "Normandie": {"value": 1.3672155501894796}, "Nouvelle-Aquitaine": {"value": 1.2878042856407999}, "Occitanie": {"value": 1.3545981951635984}, "Pays de la Loire": {"value": 1.2967019365265275}, "Provence-Alpes-C\u00f4te d'Azur": {"value": 1.3606674705778028}}