{"Auvergne-Rh\u00f4ne-Alpes": {"value": 0.7851877234985006}, "Bourgogne-Franche-Comt\u00e9": {"value": 0.7986245761950254}, "Bretagne": {"value": 1.0553127326907217}, "Centre": {"value": 1.000493557089613}, "Corse": {"value": 0.7222638414872171}, "Grand Est": {"value": 1.0112039166582787}, "Guadeloupe": {"value": 1.3468209963844726}, "Guyane": {"value": 1.096672962558828}, "Hauts-de-France": {"value": 1.0170875681688478}, "Ile-de-France": {"value": 0.908125299409303}, "La R\u00e9union": {"value": 0.8914496242974297}, "Martinique": {"value": 1.4431933888871733}, "Mayotte": {"value": 0.8143765672797942}, "Normandie": {"value": 1.064166844116509}, "Nouvelle-Aquitaine": {"value": 0.8448105392484491}, "Occitanie": {"value": 0.791298600761182}, "Pays de la Loire": {"value": 0.9229545245988375}, "Provence-Alpes-C\u00f4te d'Azur": {"value": 0.9412780268327827}}