{"Auvergne-Rh\u00f4ne-Alpes": {"value": 1.031288327739899}, "Bourgogne-Franche-Comt\u00e9": {"value": 1.052652052066059}, "Bretagne": {"value": 1.229732953307233}, "Centre": {"value": 1.2440721335477127}, "Corse": {"value": 1.0369537067892978}, "Grand Est": {"value": 1.1865978216143347}, "Guadeloupe": {"value": 0.8052121226129743}, "Guyane": {"value": 0.7337534165032142}, "Hauts-de-France": {"value": 1.327085101375748}, "Ile-de-France": {"value": 1.0770630143641915}, "La R\u00e9union": {"value": 0.953450703468518}, "Martinique": {"value": 0.5013035846429519}, "Mayotte": {"value": 0.5265076322124043}, "Normandie": {"value": 1.2566693018685728}, "Nouvelle-Aquitaine": {"value": 1.276303373178574}, "Occitanie": {"value": 1.1530057279866421}, "Pays de la Loire": {"value": 1.4049782911410986}, "Provence-Alpes-C\u00f4te d'Azur": {"value": 0.9996123346340355}}