{"Auvergne-Rh\u00f4ne-Alpes": {"value": 0.8078361592958841}, "Bourgogne-Franche-Comt\u00e9": {"value": 0.921774816755697}, "Bretagne": {"value": 0.9932375372121018}, "Centre": {"value": 0.899260032635856}, "Corse": {"value": 1.4673759087584126}, "Grand Est": {"value": 0.957247795012667}, "Guadeloupe": {"value": 0.682886920688919}, "Guyane": {"value": 0.8196295003540972}, "Hauts-de-France": {"value": 0.9775774486754376}, "Ile-de-France": {"value": 0.9641403907308241}, "La R\u00e9union": {"value": 0.9117610028985044}, "Martinique": {"value": 0.5382758016762026}, "Mayotte": {"value": 0.5374631374953721}, "Normandie": {"value": 0.952077653316289}, "Nouvelle-Aquitaine": {"value": 0.9585830003142515}, "Occitanie": {"value": 0.8850679198939033}, "Pays de la Loire": {"value": 0.9868278939618285}, "Provence-Alpes-C\u00f4te d'Azur": {"value": 0.8323568228388777}}