{"Auvergne-Rh\u00f4ne-Alpes": {"value": 0.7567129332546572}, "Bourgogne-Franche-Comt\u00e9": {"value": 0.7917882571625623}, "Bretagne": {"value": 0.775971365818634}, "Centre": {"value": 0.7496314848683722}, "Corse": {"value": 0.8343320530883167}, "Grand Est": {"value": 0.7693170449426087}, "Guadeloupe": {"value": 1.1216484283547796}, "Guyane": {"value": 1.181974393735199}, "Hauts-de-France": {"value": 0.7311336825574771}, "Ile-de-France": {"value": 0.6874886031469053}, "La R\u00e9union": {"value": 0.940110852090267}, "Martinique": {"value": 0.5989128642664857}, "Mayotte": {"value": 0.6731351631561729}, "Normandie": {"value": 0.7411113859086034}, "Nouvelle-Aquitaine": {"value": 0.7916959603349158}, "Occitanie": {"value": 0.7330292518773198}, "Pays de la Loire": {"value": 0.7937359822619761}, "Provence-Alpes-C\u00f4te d'Azur": {"value": 0.7421886368378603}}