{"Auvergne-Rh\u00f4ne-Alpes": {"value": 0.6987649716841771}, "Bourgogne-Franche-Comt\u00e9": {"value": 0.7764592275115039}, "Bretagne": {"value": 0.7955354198536733}, "Centre": {"value": 0.7679969927473906}, "Corse": {"value": 0.736200232156935}, "Grand Est": {"value": 0.7780852451364915}, "Guadeloupe": {"value": 0.9751697268643587}, "Guyane": {"value": 1.0551569656723816}, "Hauts-de-France": {"value": 0.8388967881084695}, "Ile-de-France": {"value": 0.7520191689886333}, "La R\u00e9union": {"value": 0.961251365496576}, "Martinique": {"value": 0.7751366405661456}, "Mayotte": {"value": 0.44377179172645453}, "Normandie": {"value": 0.7620395821597412}, "Nouvelle-Aquitaine": {"value": 0.7163154832066152}, "Occitanie": {"value": 0.6756662645368832}, "Pays de la Loire": {"value": 0.7459858938957915}, "Provence-Alpes-C\u00f4te d'Azur": {"value": 0.8046152454849855}}