{"Auvergne-Rh\u00f4ne-Alpes": {"value": 0.9918406022094453}, "Bourgogne-Franche-Comt\u00e9": {"value": 0.9056812279145448}, "Bretagne": {"value": 0.7885298978219006}, "Centre": {"value": 0.8688347826720028}, "Corse": {"value": 0.9298306634901246}, "Grand Est": {"value": 0.8311789468435953}, "Guadeloupe": {"value": 0.8983429069271429}, "Guyane": {"value": 1.4442062158387425}, "Hauts-de-France": {"value": 0.849867527360378}, "Ile-de-France": {"value": 0.8570594774952942}, "La R\u00e9union": {"value": 0.9571911065740676}, "Martinique": {"value": 0.40412960608491494}, "Mayotte": {"value": 0.3977908241782294}, "Normandie": {"value": 0.8387965462786416}, "Nouvelle-Aquitaine": {"value": 0.8725666866209081}, "Occitanie": {"value": 0.9450590019244804}, "Pays de la Loire": {"value": 0.8032195793242052}, "Provence-Alpes-C\u00f4te d'Azur": {"value": 0.9071229496454731}}