{"Auvergne-Rh\u00f4ne-Alpes": {"value": 0.8059393066611222}, "Bourgogne-Franche-Comt\u00e9": {"value": 0.8872362550774802}, "Bretagne": {"value": 0.8957898401555752}, "Centre": {"value": 0.800467109400232}, "Corse": {"value": 0.8934914414949375}, "Grand Est": {"value": 0.9161941021099997}, "Guadeloupe": {"value": 0.6754552517676222}, "Guyane": {"value": 0.764004656478101}, "Hauts-de-France": {"value": 0.9681411469809338}, "Ile-de-France": {"value": 0.8653238395977965}, "La R\u00e9union": {"value": 0.8909926969840829}, "Martinique": {"value": 0.549350674819061}, "Mayotte": {"value": 0.41936953282147904}, "Normandie": {"value": 0.8840490931129381}, "Nouvelle-Aquitaine": {"value": 0.7801061861885579}, "Occitanie": {"value": 0.8028497836509852}, "Pays de la Loire": {"value": 0.9671060586884332}, "Provence-Alpes-C\u00f4te d'Azur": {"value": 0.7652979205862391}}