{"Auvergne-Rh\u00f4ne-Alpes": {"value": 1.4210687629908065}, "Bourgogne-Franche-Comt\u00e9": {"value": 1.500893565319637}, "Bretagne": {"value": 1.3406526145734161}, "Centre": {"value": 1.3400186179533549}, "Corse": {"value": 1.5753958175184808}, "Grand Est": {"value": 1.2714530742872157}, "Guadeloupe": {"value": 1.0568066903232254}, "Guyane": {"value": 1.1444434098138219}, "Hauts-de-France": {"value": 1.2304509993076207}, "Ile-de-France": {"value": 1.671710334949149}, "La R\u00e9union": {"value": 1.0890805021227234}, "Martinique": {"value": 0.28790414081021976}, "Mayotte": {"value": 0.4220651423192829}, "Normandie": {"value": 1.352550451605854}, "Nouvelle-Aquitaine": {"value": 1.147642044145431}, "Occitanie": {"value": 1.308644856247449}, "Pays de la Loire": {"value": 1.3995798547954645}, "Provence-Alpes-C\u00f4te d'Azur": {"value": 1.2249928086992354}}