{"Auvergne-Rh\u00f4ne-Alpes": {"value": 1.1718707349301702}, "Bourgogne-Franche-Comt\u00e9": {"value": 1.1340015022172316}, "Bretagne": {"value": 1.2398063646951056}, "Centre": {"value": 1.104462661278026}, "Corse": {"value": 1.6286778469663683}, "Grand Est": {"value": 1.2171300365486823}, "Guadeloupe": {"value": 0.8917387080694295}, "Guyane": {"value": 0.9183816811219929}, "Hauts-de-France": {"value": 1.1925851867849646}, "Ile-de-France": {"value": 1.001092266658823}, "La R\u00e9union": {"value": 1.1580792431539644}, "Martinique": {"value": 0.46607993948834314}, "Mayotte": {"value": 1.1455707160114463}, "Normandie": {"value": 1.324149639064147}, "Nouvelle-Aquitaine": {"value": 1.1701482930570135}, "Occitanie": {"value": 1.1633349576190817}, "Pays de la Loire": {"value": 1.3486734714805655}, "Provence-Alpes-C\u00f4te d'Azur": {"value": 1.0649841100396356}}