{"Auvergne-Rh\u00f4ne-Alpes": {"value": 1.2294896107713396}, "Bourgogne-Franche-Comt\u00e9": {"value": 1.1976352132053492}, "Bretagne": {"value": 1.3344217609316509}, "Centre": {"value": 1.2311496337309333}, "Corse": {"value": 1.6652069060229948}, "Grand Est": {"value": 1.2039184533901537}, "Guadeloupe": {"value": 1.1708084964503933}, "Guyane": {"value": 0.7697646493795178}, "Hauts-de-France": {"value": 1.1838352926089377}, "Ile-de-France": {"value": 1.0797676688300906}, "La R\u00e9union": {"value": 1.5695689237803758}, "Martinique": {"value": 0.38291550733261165}, "Mayotte": {"value": 1.5096482130527165}, "Normandie": {"value": 1.1204723770801004}, "Nouvelle-Aquitaine": {"value": 1.238603261149252}, "Occitanie": {"value": 1.039199212934764}, "Pays de la Loire": {"value": 1.0237640022466041}, "Provence-Alpes-C\u00f4te d'Azur": {"value": 1.1321419778793262}}