{"Auvergne-Rh\u00f4ne-Alpes": {"value": 0.7478446613290739}, "Bourgogne-Franche-Comt\u00e9": {"value": 0.7816667204441117}, "Bretagne": {"value": 0.7996493020352976}, "Centre": {"value": 0.7632025282241981}, "Corse": {"value": 0.8083864998285242}, "Grand Est": {"value": 0.7821461960377373}, "Guadeloupe": {"value": 1.1222257505835562}, "Guyane": {"value": 1.2082857783533028}, "Hauts-de-France": {"value": 0.7287345115184525}, "Ile-de-France": {"value": 0.6789599248340127}, "La R\u00e9union": {"value": 0.8812911382209332}, "Martinique": {"value": 0.6011206407302472}, "Mayotte": {"value": 0.7498158354250805}, "Normandie": {"value": 0.7316289146946795}, "Nouvelle-Aquitaine": {"value": 0.7953845385221634}, "Occitanie": {"value": 0.7074634139305114}, "Pays de la Loire": {"value": 0.7978515608736515}, "Provence-Alpes-C\u00f4te d'Azur": {"value": 0.7468741054446673}}