{"Auvergne-Rh\u00f4ne-Alpes": {"value": 1.0666087480547302}, "Bourgogne-Franche-Comt\u00e9": {"value": 1.0541157861247081}, "Bretagne": {"value": 1.2206874693150076}, "Centre": {"value": 1.1955075160961899}, "Corse": {"value": 1.1467970380612003}, "Grand Est": {"value": 1.2212515563701876}, "Guadeloupe": {"value": 0.783038422319998}, "Guyane": {"value": 0.750226800446447}, "Hauts-de-France": {"value": 1.3047549165326136}, "Ile-de-France": {"value": 1.0544696931515043}, "La R\u00e9union": {"value": 0.9837234138184807}, "Martinique": {"value": 0.5029495229448493}, "Mayotte": {"value": 0.5715875522923243}, "Normandie": {"value": 1.3351226130847385}, "Nouvelle-Aquitaine": {"value": 1.255826532507971}, "Occitanie": {"value": 1.1633727825598643}, "Pays de la Loire": {"value": 1.39275147109138}, "Provence-Alpes-C\u00f4te d'Azur": {"value": 1.014313611721818}}