{"Auvergne-Rh\u00f4ne-Alpes": {"value": 1.011264292043454}, "Bourgogne-Franche-Comt\u00e9": {"value": 1.066252445217577}, "Bretagne": {"value": 1.2144292977634392}, "Centre": {"value": 1.2977308658686066}, "Corse": {"value": 0.9963804394858307}, "Grand Est": {"value": 1.1557629099041855}, "Guadeloupe": {"value": 0.8149547514386588}, "Guyane": {"value": 0.7195164393781415}, "Hauts-de-France": {"value": 1.331861653981485}, "Ile-de-France": {"value": 1.0894259898279335}, "La R\u00e9union": {"value": 0.9511684574295589}, "Martinique": {"value": 0.49870092414555456}, "Mayotte": {"value": 0.45218528789005996}, "Normandie": {"value": 1.175382058805992}, "Nouvelle-Aquitaine": {"value": 1.278167408245348}, "Occitanie": {"value": 1.1307319164294705}, "Pays de la Loire": {"value": 1.4059186733687246}, "Provence-Alpes-C\u00f4te d'Azur": {"value": 0.996110688608731}}