{"Auvergne-Rh\u00f4ne-Alpes": {"value": 1.0359413715069343}, "Bourgogne-Franche-Comt\u00e9": {"value": 0.9455790074393522}, "Bretagne": {"value": 0.8399436502312122}, "Centre": {"value": 0.916758490517086}, "Corse": {"value": 0.9037540948071263}, "Grand Est": {"value": 0.8513873931297695}, "Guadeloupe": {"value": 0.8829328536437456}, "Guyane": {"value": 1.3211166466777446}, "Hauts-de-France": {"value": 0.8759564421575936}, "Ile-de-France": {"value": 0.8825484647713653}, "La R\u00e9union": {"value": 0.9887928543634925}, "Martinique": {"value": 0.3972525313893924}, "Mayotte": {"value": 0.4431283544509306}, "Normandie": {"value": 0.8635161062658603}, "Nouvelle-Aquitaine": {"value": 0.914182170218605}, "Occitanie": {"value": 0.9709945880192574}, "Pays de la Loire": {"value": 0.8457330624173793}, "Provence-Alpes-C\u00f4te d'Azur": {"value": 0.9346713553020616}}