{"Auvergne-Rh\u00f4ne-Alpes": {"value": 1.6354551324263995}, "Bourgogne-Franche-Comt\u00e9": {"value": 1.6541649464022234}, "Bretagne": {"value": 1.3076489111696539}, "Centre": {"value": 1.4263091810954145}, "Corse": {"value": 1.014948376748325}, "Grand Est": {"value": 1.454137394511863}, "Guadeloupe": {"value": 0.964214725989885}, "Guyane": {"value": 0.8320833427708625}, "Hauts-de-France": {"value": 1.4509795577192564}, "Ile-de-France": {"value": 1.4398282914945617}, "La R\u00e9union": {"value": 1.0401683862355506}, "Martinique": {"value": 0.5552275941097029}, "Mayotte": {"value": 0.5709037379438563}, "Normandie": {"value": 1.379299925183372}, "Nouvelle-Aquitaine": {"value": 1.3861394424167786}, "Occitanie": {"value": 1.540611443163233}, "Pays de la Loire": {"value": 1.3078848037923532}, "Provence-Alpes-C\u00f4te d'Azur": {"value": 1.512683091385531}}