{"Auvergne-Rh\u00f4ne-Alpes": {"value": 1.5386889861197126}, "Bourgogne-Franche-Comt\u00e9": {"value": 1.4933945399629192}, "Bretagne": {"value": 1.2416679224945613}, "Centre": {"value": 1.3797554686588769}, "Corse": {"value": 1.1226733359278631}, "Grand Est": {"value": 1.3363194705258765}, "Guadeloupe": {"value": 1.143355351520874}, "Guyane": {"value": 0.7557889558839003}, "Hauts-de-France": {"value": 1.3685800785648485}, "Ile-de-France": {"value": 1.3828212310659556}, "La R\u00e9union": {"value": 1.079163500795546}, "Martinique": {"value": 0.5694470760044911}, "Mayotte": {"value": 0.5557927427882183}, "Normandie": {"value": 1.3684130275617263}, "Nouvelle-Aquitaine": {"value": 1.3104379043908283}, "Occitanie": {"value": 1.4173591413965954}, "Pays de la Loire": {"value": 1.2647430486744038}, "Provence-Alpes-C\u00f4te d'Azur": {"value": 1.425795464232871}}