{"Auvergne-Rh\u00f4ne-Alpes": {"value": 0.7883004631630581}, "Bourgogne-Franche-Comt\u00e9": {"value": 0.7899968372702955}, "Bretagne": {"value": 0.7219412457252313}, "Centre": {"value": 0.7458445389974656}, "Corse": {"value": 0.9550696205862326}, "Grand Est": {"value": 0.7634848629807158}, "Guadeloupe": {"value": 1.087415173673061}, "Guyane": {"value": 1.2032488085267024}, "Hauts-de-France": {"value": 0.7393670906112413}, "Ile-de-France": {"value": 0.727076507005636}, "La R\u00e9union": {"value": 1.0074043085394808}, "Martinique": {"value": 0.5794721022598291}, "Mayotte": {"value": 0.4395151680413899}, "Normandie": {"value": 0.7539562865117325}, "Nouvelle-Aquitaine": {"value": 0.7649621087959677}, "Occitanie": {"value": 0.8107356505483196}, "Pays de la Loire": {"value": 0.7655582622559669}, "Provence-Alpes-C\u00f4te d'Azur": {"value": 0.760670215785825}}