{"Auvergne-Rh\u00f4ne-Alpes": {"value": 0.7512835903640687}, "Bourgogne-Franche-Comt\u00e9": {"value": 0.7537300136988558}, "Bretagne": {"value": 0.6917405864913032}, "Centre": {"value": 0.7586972652037883}, "Corse": {"value": 0.8370315316063598}, "Grand Est": {"value": 0.7045381817811585}, "Guadeloupe": {"value": 0.6770315405897431}, "Guyane": {"value": 1.1075663123046156}, "Hauts-de-France": {"value": 0.7435445535574776}, "Ile-de-France": {"value": 0.8063872760411358}, "La R\u00e9union": {"value": 0.6341813943228556}, "Martinique": {"value": 0.37892377973707}, "Mayotte": {"value": 0.5650680558364132}, "Normandie": {"value": 0.8652013952782586}, "Nouvelle-Aquitaine": {"value": 0.8844631547089973}, "Occitanie": {"value": 0.7373843960308503}, "Pays de la Loire": {"value": 0.9198757941779734}, "Provence-Alpes-C\u00f4te d'Azur": {"value": 0.6851891069487515}}