{"Auvergne-Rh\u00f4ne-Alpes": {"value": 1.2077917896954737}, "Bourgogne-Franche-Comt\u00e9": {"value": 1.1604639108334682}, "Bretagne": {"value": 1.2465308154129924}, "Centre": {"value": 1.115874803773215}, "Corse": {"value": 1.7153599252754796}, "Grand Est": {"value": 1.197375935841447}, "Guadeloupe": {"value": 0.9565603753727144}, "Guyane": {"value": 0.94741287199347}, "Hauts-de-France": {"value": 1.1527956608215426}, "Ile-de-France": {"value": 0.9943106409221409}, "La R\u00e9union": {"value": 1.192510508538537}, "Martinique": {"value": 0.45157991382230955}, "Mayotte": {"value": 1.0668640060547365}, "Normandie": {"value": 1.2877123990165638}, "Nouvelle-Aquitaine": {"value": 1.1520717456797527}, "Occitanie": {"value": 1.1460381450743018}, "Pays de la Loire": {"value": 1.3166440558417367}, "Provence-Alpes-C\u00f4te d'Azur": {"value": 1.1014296178599157}}