{"Auvergne-Rh\u00f4ne-Alpes": {"value": 0.7123446052599431}, "Bourgogne-Franche-Comt\u00e9": {"value": 0.7889285688405354}, "Bretagne": {"value": 0.7932983740919355}, "Centre": {"value": 0.7973998237904341}, "Corse": {"value": 0.7533393991033361}, "Grand Est": {"value": 0.7888074790981998}, "Guadeloupe": {"value": 1.0147918534553326}, "Guyane": {"value": 1.0827400085392673}, "Hauts-de-France": {"value": 0.8516985943149527}, "Ile-de-France": {"value": 0.7685033645057405}, "La R\u00e9union": {"value": 0.8894633725268675}, "Martinique": {"value": 0.7642728080326258}, "Mayotte": {"value": 0.4563348814784844}, "Normandie": {"value": 0.7627355411155081}, "Nouvelle-Aquitaine": {"value": 0.7380588615246899}, "Occitanie": {"value": 0.6863886056788712}, "Pays de la Loire": {"value": 0.7802457754952556}, "Provence-Alpes-C\u00f4te d'Azur": {"value": 0.8274619268468585}}