{"Auvergne-Rh\u00f4ne-Alpes": {"value": 1.2210476184701071}, "Bourgogne-Franche-Comt\u00e9": {"value": 1.2113120151429289}, "Bretagne": {"value": 1.3699011937710264}, "Centre": {"value": 1.240360802192417}, "Corse": {"value": 1.5479114350905199}, "Grand Est": {"value": 1.2077175312529178}, "Guadeloupe": {"value": 1.1741224631396212}, "Guyane": {"value": 0.7169649463645004}, "Hauts-de-France": {"value": 1.2147331397769348}, "Ile-de-France": {"value": 1.087030763456577}, "La R\u00e9union": {"value": 1.6859524998735709}, "Martinique": {"value": 0.3816326234490746}, "Mayotte": {"value": 1.4635522746773661}, "Normandie": {"value": 1.1362305055815658}, "Nouvelle-Aquitaine": {"value": 1.249110118791758}, "Occitanie": {"value": 1.0233776597514261}, "Pays de la Loire": {"value": 1.0247964086528447}, "Provence-Alpes-C\u00f4te d'Azur": {"value": 1.126422143879565}}