{"Auvergne-Rh\u00f4ne-Alpes": {"value": 0.8829746731748753}, "Bourgogne-Franche-Comt\u00e9": {"value": 0.8612265313690693}, "Bretagne": {"value": 0.8078368148071694}, "Centre": {"value": 0.7894594427019495}, "Corse": {"value": 0.6017144654939369}, "Grand Est": {"value": 0.7698574901120572}, "Guadeloupe": {"value": 0.6506343765035608}, "Guyane": {"value": 0.9765253877415856}, "Hauts-de-France": {"value": 0.7734234652238563}, "Ile-de-France": {"value": 0.8015748482981648}, "La R\u00e9union": {"value": 0.7375810954583062}, "Martinique": {"value": 0.3744247576827034}, "Mayotte": {"value": 0.48605015196210116}, "Normandie": {"value": 0.9515255839383436}, "Nouvelle-Aquitaine": {"value": 0.7661812021382417}, "Occitanie": {"value": 0.9095117088702485}, "Pays de la Loire": {"value": 0.9881859276573642}, "Provence-Alpes-C\u00f4te d'Azur": {"value": 0.7046305424176776}}