{"Auvergne-Rh\u00f4ne-Alpes": {"value": 0.9009061889035079}, "Bourgogne-Franche-Comt\u00e9": {"value": 0.8295708751077269}, "Bretagne": {"value": 0.7144264500712658}, "Centre": {"value": 0.7698165390676235}, "Corse": {"value": 0.9717416178108959}, "Grand Est": {"value": 0.7922147534308336}, "Guadeloupe": {"value": 0.927565621534265}, "Guyane": {"value": 1.4688750807944704}, "Hauts-de-France": {"value": 0.7855616146455427}, "Ile-de-France": {"value": 0.8049975907104618}, "La R\u00e9union": {"value": 0.912129871767279}, "Martinique": {"value": 0.44110892236489485}, "Mayotte": {"value": 0.3311992386971495}, "Normandie": {"value": 0.7919151823013266}, "Nouvelle-Aquitaine": {"value": 0.78483251764126}, "Occitanie": {"value": 0.8913511726638468}, "Pays de la Loire": {"value": 0.7516110291776724}, "Provence-Alpes-C\u00f4te d'Azur": {"value": 0.8366404149537263}}